time_s,response
0,0
0.00531825651950672,0.0511240370856568
0.0106365130390134,0.098370867047201
0.0159547695585202,0.142076418791844
0.0212730260780269,0.182547073466838
0.0265912825975336,0.220062264734081
0.0319095391170403,0.254876850242085
0.0372277956365471,0.287223274427511
0.0425460521560538,0.317313541007058
0.0478643086755605,0.345341011904953
0.0531825651950672,0.371482047887874
0.058500821714574,0.395897504835406
0.0638190782340807,0.418734098348566
0.0691373347535874,0.440125648281298
0.0744555912730941,0.460194213760462
0.0797738477926009,0.479051128330185
0.0850921043121076,0.496797944008619
0.0904103608316143,0.513527292271865
0.095728617351121,0.529323669274637
0.101046873870628,0.544264151974051
0.106365130390134,0.558419051236388
0.111683386909641,0.571852507471677
0.117001643429148,0.584623033853095
0.122319899948655,0.5967840117332
0.127638156468161,0.60838414246321
0.132956412987668,0.619467859451434
0.138274669507175,0.630075703959442
0.143592926026682,0.640244667826707
0.148911182546188,0.650008506033696
0.154229439065695,0.659398021757376
0.159547695585202,0.668441326339525
0.164865952104708,0.677164076375328
0.170184208624215,0.685589689935457
0.175502465143722,0.693739543757727
0.180820721663229,0.701633153082835
0.186138978182735,0.709288335661383
0.191457234702242,0.71672136132497
0.196775491221749,0.723947088391633
0.202093747741255,0.730979088064096
0.207412004260762,0.737829757877398
0.212730260780269,0.744510425159482
0.218048517299776,0.751031441383537
0.223366773819282,0.757402268213581
0.228685030338789,0.763631555974227
0.234003286858296,0.769727215211285
0.239321543377803,0.775696481951163
0.244639799897309,0.78154597721357
0.249958056416816,0.787281761283198
0.255276312936323,0.792909383201608
0.260594569455829,0.798433925899909
0.265912825975336,0.803860047355864
0.271231082494843,0.80919201812527
0.27654933901435,0.814433755566677
0.281867595533856,0.819588855050454
0.287185852053363,0.824660618417587
0.29250410857287,0.82965207993025
0.297822365092377,0.834566029934889
0.303140621611883,0.839405036439154
0.30845887813139,0.844171464786259
0.313777134650897,0.848867495594241
0.319095391170403,0.853495141112827
0.32441364768991,0.858056260137186
0.329731904209417,0.862552571605586
0.335050160728924,0.866985666996817
0.34036841724843,0.871357021633013
0.345686673767937,0.87566800498424
0.351004930287444,0.879919890062733
0.35632318680695,0.884113861986912
0.361641443326457,0.888251025788286
0.366959699845964,0.892332413527893
0.372277956365471,0.896358990783083
0.377596212884977,0.900331662560079
0.382914469404484,0.904251278682898
0.388232725923991,0.908118638704729
0.393550982443498,0.911934496383849
0.398869238963004,0.915699563762421
0.404187495482511,0.919414514883161
0.409505752002018,0.92307998917578
0.414824008521524,0.926696594542297
0.420142265041031,0.930264910167766
0.425460521560538,0.933785489080599
0.430778778080045,0.937258860484584
0.436097034599551,0.940685531882709
0.441415291119058,0.944065991011149
0.446733547638565,0.947400707600172
0.452051804158072,0.950690134977225
0.457370060677578,0.953934711526118
0.462688317197085,0.957134862015018
0.468006573716592,0.960290998804836
0.473324830236098,0.963403522948553
0.478643086755605,0.966472825191135
0.483961343275112,0.969499286878814
0.489279599794619,0.972483280785757
0.494597856314125,0.975425171865406
0.499916112833632,0.978325317933183
0.505234369353139,0.981184070286614
0.510552625872645,0.984001774268429
0.515870882392152,0.986778769777676
0.521189138911659,0.989515391733474
0.526507395431166,0.992211970495601
0.531825651950672,0.994868832245752
0.537143908470179,0.997486299332956
0.542462164989686,1.00006469058635
0.547780421509192,1.00260432159822
0.553098678028699,1.00510550497994
0.558416934548206,1.00756855059321
0.563735191067713,1.00999376575893
0.569053447587219,1.0123814554455
0.574371704106726,1.01473192243853
0.579689960626233,1.01704546749366
0.58500821714574,1.01932238947385
0.590326473665246,1.02156298547272
0.595644730184753,1.02376755092508
0.60096298670426,1.02593637970582
0.606281243223767,1.02806976421832
0.611599499743273,1.03016799547314
0.61691775626278,1.03223136315811
0.622236012782287,1.03426015570038
0.627554269301793,1.03625466032139
0.6328725258213,1.03821516308518
0.638190782340807,1.04014194894086
0.643509038860314,1.04203530175968
0.64882729537982,1.04389550436718
0.654145551899327,1.04572283857103
0.659463808418834,1.04751758518472
0.66478206493834,1.04928002404777
0.670100321457847,1.0510104340426
0.675418577977354,1.05270909310844
0.680736834496861,1.0543762782526
0.686055091016367,1.05601226555932
0.691373347535874,1.05761733019647
0.696691604055381,1.05919174642027
0.702009860574888,1.06073578757831
0.707328117094394,1.06224972611094
0.712646373613901,1.06373383355131
0.717964630133408,1.06518838052413
0.723282886652914,1.06661363674332
0.728601143172421,1.06800987100866
0.733919399691928,1.06937735120157
0.739237656211435,1.07071634428009
0.744555912730941,1.07202711627322
0.749874169250448,1.07330993227462
0.755192425769955,1.07456505643577
0.760510682289462,1.07579275195878
0.765828938808968,1.07699328108867
0.771147195328475,1.07816690510546
0.776465451847982,1.07931388431586
0.781783708367488,1.08043447804483
0.787101964886995,1.08152894462689
0.792420221406502,1.08259754139732
0.797738477926008,1.08364052468323
0.803056734445515,1.08465814979455
0.808374990965022,1.08565067101503
0.813693247484529,1.08661834159307
0.819011504004035,1.08756141373275
0.824329760523542,1.08848013858472
0.829648017043049,1.08937476623721
0.834966273562556,1.09024554570709
0.840284530082062,1.09109272493099
0.845602786601569,1.0919165507565
0.850921043121076,1.09271726893355
0.856239299640583,1.09349512410576
0.861557556160089,1.09425035980206
0.866875812679596,1.09498321842836
0.872194069199103,1.09569394125938
0.877512325718609,1.09638276843061
0.882830582238116,1.09704993893046
0.888148838757623,1.09769569059257
0.89346709527713,1.09832026008821
0.898785351796636,1.09892388291896
0.904103608316143,1.09950679340945
0.90942186483565,1.10006922470037
0.914740121355156,1.10061140874161
0.920058377874663,1.10113357628557
0.92537663439417,1.10163595688066
0.930694890913677,1.10211877886502
0.936013147433183,1.10258226936037
0.94133140395269,1.10302665426605
0.946649660472197,1.10345215825333
0.951967916991704,1.10385900475973
0.95728617351121,1.10424741598373
0.962604430030717,1.10461761287952
0.967922686550224,1.10496981515197
0.97324094306973,1.10530424125183
0.978559199589237,1.10562110837105
0.983877456108744,1.10592063243831
0.989195712628251,1.10620302811475
0.994513969147757,1.10646850878987
0.999832225667264,1.10671728657755
1.00515048218677,1.10694957231235
1.01046873870628,1.10716557554594
1.01578699522578,1.10736550454364
1.02110525174529,1.10754956628127
1.0264235082648,1.10771796644205
1.0317417647843,1.10787090941374
1.03706002130381,1.10800859828592
1.04237827782332,1.10813123484745
1.04769653434282,1.10823901958409
1.05301479086233,1.10833215167627
1.05833304738184,1.10841082899707
1.06365130390134,1.10847524811031
1.06896956042085,1.10852560426882
1.07428781694036,1.10856209141286
1.07960607345986,1.10858490216871
1.08492432997937,1.10859422784739
1.09024258649888,1.10859025844356
1.09556084301838,1.10857318263457
1.10087909953789,1.10854318777959
1.1061973560574,1.108500459919
1.11151561257691,1.10844518377382
1.11683386909641,1.10837754274535
1.12215212561592,1.10829771891491
1.12747038213543,1.10820589304375
1.13278863865493,1.10810224457309
1.13810689517444,1.10798695162424
1.14342515169395,1.10786019099898
1.14874340821345,1.10772213817989
1.15406166473296,1.10757296733101
1.15937992125247,1.10741285129846
1.16469817777197,1.10724196161129
1.17001643429148,1.1070604684824
1.17533469081099,1.1068685408096
1.18065294733049,1.10666634617681
1.18597120385,1.10645405085535
1.19128946036951,1.10623181980533
1.19660771688901,1.10599981667723
1.20192597340852,1.10575820381351
1.20724422992803,1.10550714225037
1.21256248644753,1.10524679171961
1.21788074296704,1.10497731065064
1.22319899948655,1.10469885617253
1.22851725600605,1.10441158411617
1.23383551252556,1.10411564901663
1.23915376904507,1.10381120411547
1.24447202556457,1.1034984013633
1.24979028208408,1.1031773914223
1.25510853860359,1.10284832366896
1.26042679512309,1.10251134619681
1.2657450516426,1.10216660581935
1.27106330816211,1.10181424807294
1.27638156468161,1.1014544172199
1.28169982120112,1.10108725625166
1.28701807772063,1.10071290689195
1.29233633424013,1.10033150960012
1.29765459075964,1.09994320357456
1.30297284727915,1.09954812675617
1.30829110379865,1.0991464158319
1.31360936031816,1.0987382062384
1.31892761683767,1.09832363216574
1.32424587335717,1.0979028265612
1.32956412987668,1.09747592113315
1.33488238639619,1.09704304635493
1.34020064291569,1.09660433146895
1.3455188994352,1.09615990449071
1.35083715595471,1.09570989221295
1.35615541247421,1.09525442020991
1.36147366899372,1.09479361284158
1.36679192551323,1.09432759325806
1.37211018203273,1.09385648340396
1.37742843855224,1.09338040402289
1.38274669507175,1.092899474662
1.38806495159125,1.09241381367654
1.39338320811076,1.09192353823457
1.39870146463027,1.0914287643216
1.40401972114978,1.09092960674541
1.40933797766928,1.09042617914083
1.41465623418879,1.08991859397466
1.4199744907083,1.08940696255054
1.4252927472278,1.08889139501394
1.43061100374731,1.08837200035721
1.43592926026682,1.08784888642463
1.44124751678632,1.0873221599175
1.44656577330583,1.08679192639936
1.45188402982534,1.08625829030116
1.45720228634484,1.08572135492652
1.46252054286435,1.08518122245702
1.46783879938386,1.08463799395755
1.47315705590336,1.08409176938164
1.47847531242287,1.08354264757693
1.48379356894238,1.0829907262906
1.48911182546188,1.08243610217481
1.49443008198139,1.0818788707923
1.4997483385009,1.08131912662189
1.5050665950204,1.08075696306409
1.51038485153991,1.08019247244673
1.51570310805942,1.07962574603057
1.52102136457892,1.07905687401506
1.52633962109843,1.07848594554397
1.53165787761794,1.07791304871117
1.53697613413744,1.07733827056644
1.54229439065695,1.07676169712115
1.54761264717646,1.07618341335421
1.55293090369596,1.07560350321781
1.55824916021547,1.07502204964335
1.56356741673498,1.0744391345473
1.56888567325448,1.07385483883711
1.57420392977399,1.07326924241717
1.5795221862935,1.07268242419471
1.584840442813,1.07209446208581
1.59015869933251,1.07150543302139
1.59547695585202,1.07091541295318
1.60079521237152,1.07032447685977
1.60611346889103,1.06973269875262
1.61143172541054,1.06914015168214
1.61674998193004,1.06854690774373
1.62206823844955,1.06795303808387
1.62738649496906,1.0673586129062
1.63270475148856,1.06676370147762
1.63802300800807,1.0661683721344
1.64334126452758,1.06557269228832
1.64865952104708,1.06497672843276
1.65397777756659,1.06438054614886
1.6592960340861,1.06378421011165
1.6646142906056,1.06318778409624
1.66993254712511,1.06259133098392
1.67525080364462,1.06199491276836
1.68056906016412,1.06139859056176
1.68588731668363,1.06080242460102
1.69120557320314,1.06020647425391
1.69652382972264,1.05961079802527
1.70184208624215,1.05901545356314
1.70716034276166,1.058420497665
1.71247859928117,1.05782598628389
1.71779685580067,1.0572319745346
1.72311511232018,1.05663851669987
1.72843336883969,1.05604566623657
1.73375162535919,1.05545347578183
1.7390698818787,1.05486199715924
1.74438813839821,1.05427128138503
1.74970639491771,1.05368137867419
1.75502465143722,1.05309233844669
1.76034290795673,1.05250420933357
1.76566116447623,1.05191703918313
1.77097942099574,1.05133087506706
1.77629767751525,1.05074576328656
1.78161593403475,1.05016174937849
1.78693419055426,1.0495788781215
1.79225244707377,1.04899719354209
1.79757070359327,1.04841673892076
1.80288896011278,1.0478375567981
1.80820721663229,1.04725968898085
1.81352547315179,1.04668317654798
1.8188437296713,1.04610805985677
1.82416198619081,1.04553437854885
1.82948024271031,1.04496217155622
1.83479849922982,1.04439147710732
1.84011675574933,1.04382233273299
1.84543501226883,1.04325477527254
1.85075326878834,1.04268884087966
1.85607152530785,1.04212456502846
1.86138978182735,1.04156198251938
1.86670803834686,1.04100112748516
1.87202629486637,1.04044203339679
1.87734455138587,1.03988473306936
1.88266280790538,1.03932925866803
1.88798106442489,1.03877564171386
1.89329932094439,1.03822391308969
1.8986175774639,1.03767410304602
1.90393583398341,1.03712624120676
1.90925409050291,1.03658035657514
1.91457234702242,1.03603647753943
1.91989060354193,1.03549463187875
1.92520886006143,1.03495484676881
1.93052711658094,1.03441714878767
1.93584537310045,1.03388156392144
1.94116362961995,1.03334811756996
1.94648188613946,1.03281683455254
1.95180014265897,1.03228773911353
1.95711839917847,1.03176085492804
1.96243665569798,1.03123620510752
1.96775491221749,1.03071381220532
1.97307316873699,1.03019369822232
1.9783914252565,1.02967588461247
1.98370968177601,1.02916039228829
1.98902793829551,1.02864724162639
1.99434619481502,1.02813645247297
1.99966445133453,1.02762804414925
2.00498270785403,1.02712203545696
2.01030096437354,1.02661844468368
2.01561922089305,1.0261172896083
2.02093747741255,1.02561858750635
2.02625573393206,1.02512235515535
2.03157399045157,1.02462860884014
2.03689224697108,1.02413736435816
2.04221050349058,1.02364863702473
2.04752876001009,1.02316244167828
2.0528470165296,1.02267879268559
2.0581652730491,1.02219770394699
2.06348352956861,1.02171918890148
2.06880178608812,1.02124326053196
2.07412004260762,1.02076993137024
2.07943829912713,1.02029921350224
2.08475655564664,1.01983111857298
2.09007481216614,1.01936565779166
2.09539306868565,1.01890284193664
2.10071132520516,1.01844268136048
2.10602958172466,1.01798518599484
2.11134783824417,1.01753036535546
2.11666609476368,1.01707822854705
2.12198435128318,1.01662878426814
2.12730260780269,1.01618204081601
2.1326208643222,1.01573800609143
2.1379391208417,1.01529668760351
2.14325737736121,1.01485809247445
2.14857563388072,1.01442222744431
2.15389389040022,1.01398909887568
2.15921214691973,1.0135587127584
2.16453040343924,1.01313107471422
2.16984865995874,1.01270619000141
2.17516691647825,1.0122840635194
2.18048517299776,1.01186469981332
2.18580342951726,1.01144810307854
2.19112168603677,1.01103427716526
2.19643994255628,1.0106232255829
2.20175819907578,1.01021495150464
2.20707645559529,1.00980945777182
2.2123947121148,1.00940674689836
2.2177129686343,1.00900682107513
2.22303122515381,1.00860968217427
2.22834948167332,1.00821533175357
2.23366773819282,1.00782377106072
2.23898599471233,1.00743500103757
2.24430425123184,1.00704902232438
2.24962250775134,1.00666583526402
2.25494076427085,1.00628543990615
2.26025902079036,1.00590783601134
2.26557727730986,1.00553302305524
2.27089553382937,1.0051610002326
2.27621379034888,1.00479176646141
2.28153204686838,1.00442532038687
2.28685030338789,1.00406166038539
2.2921685599074,1.00370078456864
2.2974868164269,1.00334269078738
2.30280507294641,1.00298737663549
2.30812332946592,1.00263483945377
2.31344158598542,1.00228507633385
2.31875984250493,1.00193808412197
2.32407809902444,1.00159385942286
2.32939635554394,1.00125239860342
2.33471461206345,1.00091369779652
2.34003286858296,1.00057775290471
2.34535112510247,1.00024455960386
2.35066938162197,0.999914113346879
2.35598763814148,0.999586409367305
2.36130589466099,0.999261442682908
2.36662415118049,0.998939208099263
2.3719424077,0.998619700213293
2.37726066421951,0.998302913416778
2.38257892073901,0.997988841899845
2.38789717725852,0.997677479654416
2.39321543377803,0.997368820477643
2.39853369029753,0.9970628579753
2.40385194681704,0.996759585565157
2.40917020333655,0.996458996480323
2.41448845985605,0.996161083772559
2.41980671637556,0.99586584031556
2.42512497289507,0.995573258808219
2.43044322941457,0.995283331777852
2.43576148593408,0.994996051583401
2.44107974245359,0.994711410418607
2.44639799897309,0.994429400315157
2.4517162554926,0.994150013145799
2.45703451201211,0.993873240627435
2.46235276853161,0.993599074324184
2.46767102505112,0.993327505650412
2.47298928157063,0.993058525873745
2.47830753809013,0.992792126118047
2.48362579460964,0.99252829736637
2.48894405112915,0.992267030463884
2.49426230764865,0.99200831612077
2.49958056416816,0.991752144915098
2.50489882068767,0.991498507295661
2.51021707720717,0.991247393584804
2.51553533372668,0.990998793981204
2.52085359024619,0.99075269856264
2.52617184676569,0.990509097288725
2.5314901032852,0.990267980003623
2.53680835980471,0.990029336438727
2.54212661632421,0.989793156215317
2.54744487284372,0.989559428847195
2.55276312936323,0.989328143743288
2.55808138588273,0.989099290210226
2.56339964240224,0.988872857454896
2.56871789892175,0.98864883458697
2.57403615544125,0.988427210621407
2.57935441196076,0.988207974480926
2.58467266848027,0.987991114998459
2.58999092499977,0.987776620919576
2.59530918151928,0.987564480904881
2.60062743803879,0.987354683532393
2.60594569455829,0.987147217299888
2.6112639510778,0.986942070627229
2.61658220759731,0.986739231858663
2.62190046411681,0.986538689265095
2.62721872063632,0.986340431046341
2.63253697715583,0.986144445333349
2.63785523367533,0.985950720190405
2.64317349019484,0.985759243617308
2.64849174671435,0.98557000355152
2.65381000323385,0.985382987870299
2.65912825975336,0.985198184392802
2.66444651627287,0.985015580882166
2.66976477279238,0.984835165047564
2.67508302931188,0.98465692454624
2.68040128583139,0.98448084698552
2.6857195423509,0.984306919924796
2.6910377988704,0.984135130877496
2.69635605538991,0.983965467313015
2.70167431190942,0.983797916658643
2.70699256842892,0.983632466301453
2.71231082494843,0.983469103590176
2.71762908146794,0.98330781583705
2.72294733798744,0.98314859031965
2.72826559450695,0.982991414282687
2.73358385102646,0.982836274939797
2.73890210754596,0.982683159475299
2.74422036406547,0.982532055045934
2.74953862058498,0.982382948782582
2.75485687710448,0.982235827791961
2.76017513362399,0.982090679158292
2.7654933901435,0.981947489944964
2.770811646663,0.981806247196154
2.77612990318251,0.981666937938446
2.78144815970202,0.981529549182413
2.78676641622152,0.981394067924191
2.79208467274103,0.981260481147024
2.79740292926054,0.98112877582279
2.80272118578004,0.980998938913513
2.80803944229955,0.980870957372842
2.81335769881906,0.980744818147522
2.81867595533856,0.980620508178839
2.82399421185807,0.980498014404045
2.82931246837758,0.980377323757768
2.83463072489708,0.980258423173393
2.83994898141659,0.980141299584435
2.8452672379361,0.980025939925883
2.8505854944556,0.979912331135531
2.85590375097511,0.979800460155284
2.86122200749462,0.979690313932454
2.86654026401412,0.979581879421027
2.87185852053363,0.97947514358292
2.87717677705314,0.979370093389211
2.88249503357264,0.979266715821359
2.88781329009215,0.979164997872399
2.89313154661166,0.979064926548124
2.89844980313116,0.978966488868244
2.90376805965067,0.978869671867532
2.90908631617018,0.978774462596948
2.91440457268968,0.978680848124751
2.91972282920919,0.978588815537583
2.9250410857287,0.97849835194155
2.9303593422482,0.978409444463273
2.93567759876771,0.97832208025093
2.94099585528722,0.978236246475278
2.94631411180672,0.978151930330657
2.95163236832623,0.97806911903598
2.95695062484574,0.977987799835704
2.96226888136525,0.977907960000787
2.96758713788475,0.97782958682963
2.97290539440426,0.977752667648994
2.97822365092377,0.977677189814913
2.98354190744327,0.977603140713584
2.98886016396278,0.977530507762241
2.99417842048229,0.977459278410019
2.99949667700179,0.977389440138794
3.0048149335213,0.977320980464018
3.01013319004081,0.977253886935526
3.01545144656031,0.977188147138342
3.02076970307982,0.97712374869346
3.02608795959933,0.977060679258612
3.03140621611883,0.976998926529025
3.03672447263834,0.976938478238162
3.04204272915785,0.976879322158443
3.04736098567735,0.97682144610196
3.05267924219686,0.976764837921175
3.05799749871637,0.9767094855096
3.06331575523587,0.976655376802469
3.06863401175538,0.976602499777391
3.07395226827489,0.976550842454993
3.07927052479439,0.976500392899549
3.0845887813139,0.976451139219593
3.08990703783341,0.976403069568523
3.09522529435291,0.976356172145187
3.10054355087242,0.97631043519446
3.10586180739193,0.976265847007804
3.11118006391143,0.976222395923822
3.11649832043094,0.976180070328791
