K,max_abs_root,excess
-1.0,1.896424004376894,0.8964240043768941
-0.9286915327781848,1.8184530016856688,0.8184530016856688
-0.8624679630538944,1.7468665256717375,0.7468665256717375
-0.8009666945806018,1.6812694515155426,0.6812694515155426
-0.7438509872943353,1.6212724542635688,0.6212724542635688
-0.6908081135489424,1.5664922021868675,0.5664922021868675
-0.641547645827375,1.5165525794043964,0.5165525794043964
-0.595799866553661,1.4710866652462034,0.47108666524620335
-0.5533142912987585,1.4297391426069792,0.4297391426069792
-0.5138582972943192,1.392168804194815,0.39216880419481503
-0.47721584974505044,1.3580508684862151,0.35805086848621515
-0.4431863189657749,1.3270788912344416,0.32707889123444156
-0.41158338186664783,1.2989661448003362,0.29896614480033623
-0.3822340017717662,1.273446419610309,0.273446419610309
-0.3549774809853617,1.2502742683569648,0.25027426835696476
-0.3296645809180345,1.2292247591172565,0.22922475911725648
-0.30615670495544745,1.2100928285889982,0.21009282858899825
-0.2843251395953936,1.1926923346478406,0.19269233464784064
-0.26405034969821745,1.176854903268297,0.1768549032682969
-0.24522132399185378,1.1624286533327957,0.16242865333279566
-0.22773496724789058,1.149276867914609,0.14927686791460903
-0.21149553580063365,1.1372766650796546,0.13727666507965464
-0.19641411331843395,1.1263177068582004,0.12631770685820043
-0.1824081239569649,1.1163009726901922,0.11630097269019224
-0.16940088022878685,1.1071376136521542,0.10713761365215424
-0.1573211631136458,1.0987478960646766,0.0987478960646766
-0.14610283211045885,1.091060237395255,0.09106023739525493
-0.13568446309589582,1.0840103333711981,0.08401033337119812
-0.12600901200671283,1.0775403725523023,0.07754037255230228
-0.11702350250437883,1.071598332966599,0.07159833296659901
-0.10867873591186356,1.0661373545159725,0.06613735451597247
-0.10092902183438413,1.0611151804949206,0.061115180494920596
-0.09373192798917727,1.0564936615672387,0.05649366156723867
-0.0870480478745235,1.0522383157847137,0.05223831578471372
-0.0808407850059402,1.0483179386164434,0.0483179386164434
-0.07507615253815832,1.044704257420932,0.04470425742093198
-0.06972258717575106,1.0413716252895346,0.04137162528953464
-0.064750776353509,1.0382967496887636,0.03829674968876362
-0.060133497740317725,1.0354584518105563,0.03545845181055629
-0.055845470187769294,1.0328374529920885,0.03283745299208851
-0.051863215307397896,1.0304161849836997,0.03041618498369969
-0.04816492891863247,1.028178621222585,0.028178621222584965
-0.04473036166359711,1.0261101266106318,0.026110126610631834
-0.041540708135088644,1.024197323598908,0.024197323598907916
-0.03857850391066669,1.0224279726507937,0.02242797265079366
-0.03582752992908632,1.0207908653935978,0.020790865393597757
-0.03327272368549947,1.0192757289777523,0.019275728977752316
-0.030900096759191517,1.017873140345916,0.017873140345916028
-0.02869665822228785,1.016574449274919,0.016574449274918912
-0.026650343510068206,1.0153717091936765,0.015371709193676475
-0.024749948363430446,1.014257614902527,0.014257614902527083
-0.022985067481815148,1.0132254464264654,0.013225446426465393
-0.02134603755069697,1.0122690183276237,0.012269018327623726
-0.019823884331697458,1.011382633883803,0.011382633883803006
-0.018410273525621593,1.0105610436106327,0.010561043610632703
-0.017097465139375156,1.0097994076667918,0.00979940766679177
-0.015878271106907926,1.0090932617358073,0.009093261735807268
-0.01474601593214189,1.0084384860250006,0.008438486025000635
-0.013694500138392386,1.0078312770636084,0.007831277063608422
-0.012717966324154716,1.007268122018092,0.007268122018091905
-0.01181106763940058,1.0067457752743927,0.006745775274392685
-0.010968838509781765,1.006261237064623,0.006261237064622893
-0.010186667448445609,1.005811733940181,0.005811733940181085
-0.009460271806598614,1.0053947009145379,0.005394700914537864
-0.008785674324568315,1.0050077651181044,0.0050077651181044125
-0.00815918135497331,1.004648730824004,0.004648730824003966
-0.0075773626387653495,1.004315565718458,0.0043155657184579255
-0.0070370325234111585,1.004006388302378,0.004006388302377983
-0.006535232520376647,1.003719456322392,0.003719456322391901
-0.006069215106410428,1.0034531561396576,0.003453156139657576
-0.005636428679932827,1.003205992953912,0.003205992953912107
-0.005234503590161738,1.0029765818083223,0.002976581808322276
-0.004861239162480226,1.0027636393078114,0.0027636393078114274
-0.004514591649005101,1.0025659759900258,0.002565975990025837
-0.004192663038382149,1.002382489293774,0.0023824892937740483
-0.00389369066353756,1.0022121570749492,0.0022121570749491504
-0.0036160375504848117,1.0020540316245155,0.002054031624515451
-0.0033581834553432126,1.00190723414723,0.0019072341472299303
-0.003118716540493036,1.001770949663562,0.0017709496635620603
-0.0028963256442911555,1.0016444223005552,0.0016444223005551706
-0.002689793102021517,1.0015269509403206,0.001526950940320626
-0.0024979880787725562,1.0014178851977449,0.0014178851977448836
-0.0023198603777369185,1.001316621701219,0.001316621701219045
-0.002154434690031882,1.0012226006526341,0.0012226006526341315
-0.0020008052545562025,1.0011353026447187,0.0011353026447187275
-0.0018581308986444498,1.001054245715756,0.0010542457157560747
-0.0017256304323646202,1.0009789826232824,0.0009789826232824428
-0.001602578371241384,1.0009090983199351,0.000909098319935131
-0.001488300963985328,1.0008442076159478,0.000844207615947834
-0.0013821725034787872,1.0007839530140967,0.0007839530140967277
-0.001283611900819576,1.0007280027039693,0.0007280027039693326
-0.0011920795036644515,1.0006760487035329,0.0006760487035328833
-0.0011070741414515996,1.0006278051369242,0.0006278051369241755
-0.0010281303813237791,1.0005830066382078,0.0005830066382077614
-0.000954815979727402,1.000541406871689,0.0005414068716889098
-0.0008867295157341453,1.0005027771601238,0.0005027771601238129
-0.0008234981931268026,1.0004669052127766,0.0004669052127765916
-0.000764775799214996,1.0004335939459286,0.0004335939459285676
-0.0007102408092046375,1.0004026603889877,0.00040266038898773004
-0.0006595946257418731,1.0003739346699665,0.0003739346699664914
-0.0006125599439924734,1.0003472590743592,0.00034725907435917414
-0.0005688792333048904,1.0003224871721552,0.00032248717215521694
-0.0005283133271435972,1.0002994830078848,0.0002994830078848487
-0.000490640113572131,1.0002781203492082,0.0002781203492081552
-0.00045565331911576505,1.000258281989657,0.00025828198965704985
-0.0004231613793450881,1.0002398591016592,0.0002398591016592455
-0.0003929863899965208,1.0002227506361276,0.00022275063612764434
-0.0003649631328868352,1.0002068627653353,0.000206862765335325
-0.00033893817128820335,1.0001921083657705,0.00019210836577054913
-0.0003147690098106772,1.0001784065382266,0.00017840653822664976
-0.0002923233141921493,1.0001656821623586,0.00016568216235857136
-0.00027147818672390605,1.0001538654832018,0.00015386548320184268
-0.0002521194933444671,1.0001428917274024,0.00014289172740244993
-0.00023414123871733254,1.0001327007469314,0.00013270074693139122
-0.0002174449858709829,1.000123236688402,0.00012323668840208413
-0.00020193931722345385,1.0001144476860353,0.00011444768603530164
-0.00018753933404042986,1.0001062855766676,0.00010628557666758631
-0.00017416619158620682,1.0000987056351347,9.870563513469932e-05
-0.00016174666742233376,1.0000916663286445,9.166632864454627e-05
-0.00015021276049021043,1.000085129088693,8.512908869295899e-05
-0.0001395013187824962,1.0000790580993293,7.905809932928776e-05
-0.00012955369356469458,1.000073420100553,7.342010055300108e-05
-0.00012031541825367147,1.0000681842057928,6.818420579279838e-05
-0.00011173591019485079,1.0000633217324186,6.332173241863082e-05
-0.0001037681937052216,1.0000588060443767,5.8806044376691347e-05
-9.636864286572604e-05,1.0000546124060903,5.461240609028195e-05
-8.94967426547246e-05,1.000050717846774,5.071784677390667e-05
-8.311486711467095e-05,1.000047101034466,4.7101034466034974e-05
-7.718807333737906e-05,1.0000437421590633,4.374215906333134e-05
-7.168391013988566e-05,1.000040622823687,4.062282368710868e-05
-6.657224038334409e-05,1.000037725943832,3.772594383200101e-05
-6.182507596208559e-05,1.0000350356537298,3.503565372975359e-05
-5.74164245593571e-05,1.0000325372193337,3.2537219333717005e-05
-5.332214733067247e-05,1.0000302169576163,3.0216957616291396e-05
-4.951982673554642e-05,1.0000280621615518,2.806216155182284e-05
-4.5988643793944744e-05,1.0000260610304748,2.6061030474755498e-05
-4.270926409538859e-05,1.000024202605424,2.420260542401742e-05
-3.966373193657473e-05,1.0000224767090942,2.247670909416577e-05
-3.68353720078807e-05,1.0000208738900616,2.087389006155682e-05
-3.420869809045337e-05,1.000019385371009,1.938537100909521e-05
-3.176932826396931e-05,1.0000180030006414,1.8003000641364508e-05
-2.950390616079903e-05,1.0000167192090073,1.671920900725432e-05
-2.740002783541624e-05,1.0000155269660627,1.552696606266224e-05
-2.5446173848637638e-05,1.0000144197431278,1.441974312776928e-05
-2.363164619483145e-05,1.0000133914771512,1.3391477151181164e-05
-2.1946509726749826e-05,1.000012436537471,1.2436537470961184e-05
-2.038153775726668e-05,1.000011549694994,1.1549694993950865e-05
-1.8928161540172442e-05,1.000010726093555,1.0726093554902505e-05
-1.7578423353415834e-05,1.0000099612233013,9.961223301324651e-06
-1.6324932927907593e-05,1.0000092508960046,9.250896004564524e-06
-1.5160826983319593e-05,1.0000085912221226,8.591222122600328e-06
-1.4079731649323966e-05,1.0000079785894946,7.978589494639365e-06
-1.3075727566516196e-05,1.0000074096435458,7.409643545841504e-06
-1.2143317475937892e-05,1.000006881268945,6.881268945102548e-06
-1.1277396119740903e-05,1.0000063905725127,6.390572512726678e-06
-1.0473222288188954e-05,1.0000059348674013,5.934867401302668e-06
-9.726392859944849e-06,1.0000055116583588,5.5116583588255e-06
-9.032818693504975e-06,1.000005118628084,5.118628084055388e-06
-8.388702237778593e-06,1.000004753624521,4.753624520903443e-06
-7.790516739222392e-06,1.0000044146490796,4.414649079631516e-06
-7.234986931682564e-06,1.0000040998457023,4.099845702265625e-06
-6.7190711032144176e-06,1.0000038074906805,3.807490680518555e-06
-6.239944441689807e-06,1.000003535983229,3.535983229108197e-06
-5.794983568003634e-06,1.0000032838367077,3.2838367076681862e-06
-5.381752172193701e-06,1.0000030496705061,3.0496705061278107e-06
-4.997987673826894e-06,1.0000028322024526,2.832202452562882e-06
-4.641588833612773e-06,1.0000026302418117,2.630241811685252e-06
-4.310604248413962e-06,1.0000024426827625,2.442682762504589e-06
-4.003221666659726e-06,1.0000022684983332,2.2684983331799913e-06
-3.717758065661061e-06,1.000002106734791,2.1067347910630474e-06
-3.45265043649723e-06,1.000001956506418,1.9565064179882796e-06
-3.2064472260178816e-06,1.0000018169906468,1.8169906468301633e-06
-2.9778003891029117e-06,1.000001687423572,1.6874235719832598e-06
-2.7654580076634642e-06,1.0000015670957598,1.5670957598246105e-06
-2.568257435970688e-06,1.0000014553483736,1.455348373591292e-06
-2.3851189347805893e-06,1.0000013515695458,1.3515695458377053e-06
-2.2150397593996614e-06,1.0000012551910518,1.2551910517633047e-06
-2.0570886693214978e-06,1.0000011656851788,1.1656851788277578e-06
-1.910400829372818e-06,1.000001082561849,1.0825618490528655e-06
-1.7741730744509583e-06,1.000001005365932,1.0053659320607977e-06
-1.6476595119256451e-06,1.0000009336747506,9.33674750625002e-07
-1.5301674376267865e-06,1.0000008670957685,8.670957685197322e-07
-1.421053543056891e-06,1.0000008052644382,8.052644382416929e-07
-1.3197203930613743e-06,1.0000007478422153,7.478422152651376e-07
-1.2256131546707963e-06,1.0000006945146886,6.9451468864834e-07
-1.1382165592043308e-06,1.0000006449898728,6.449898728444481e-07
-1.0570520810009838e-06,1.0000005989966025,5.989966025410354e-07
-9.816753173311736e-07,1.0000005562830439,5.562830438510247e-07
-9.116735551427986e-07,1.0000005166153303,5.166153302926801e-07
-8.466635113189044e-07,1.0000004797762583,4.797762582775533e-07
-7.862892340741134e-07,1.0000004455641354,4.455641353651174e-07
-7.302201539992749e-07,1.0000004137916214,4.137916214119741e-07
-6.781492740831088e-07,1.0000003842847647,3.8428476467622374e-07
-6.297914888006557e-07,1.0000003568819937,3.5688199373495877e-07
-5.848820230649372e-07,1.0000003314332766,3.3143327660134503e-07
-5.431749824945833e-07,1.0000003077992696,3.0779926962765103e-07
-5.044420070596583e-07,1.0000002858505668,2.858505667724387e-07
-4.6847102073393807e-07,1.0000002654669962,2.65466996163255e-07
-4.3506507030756264e-07,1.000000246536945,2.4653694508103285e-07
-4.0404124700217913e-07,1.0000002289567682,2.2895676821121924e-07
-3.752296849840637e-07,1.0000002126302103,2.1263021032780216e-07
-3.4847263129172557e-07,1.00000019746787,1.9746787005558986e-07
-3.2362358208556055e-07,1.0000001833867367,1.8338673668516492e-07
-3.0054648049020594e-07,1.000000170309708,1.703097078920024e-07
-2.7911497163753877e-07,1.000000158165179,1.5816517895395066e-07
-2.5921171083140547e-07,1.000000146886661,1.4688666105655557e-07
-2.4072772104607357e-07,1.0000001364123956,1.364123956015817e-07
-2.2356179624047784e-07,1.0000001266850376,1.266850375714057e-07
-2.0761994722121406e-07,1.0000001176513205,1.1765132046370752e-07
-1.9281488702019513e-07,1.0000001092617836,1.092617836206955e-07
-1.7906555296923755e-07,1.0000001014704925,1.0147049245290418e-07
-1.6629666285477482e-07,1.0000000942347864,9.423478641856775e-08
-1.5443830272249786e-07,1.000000087515046,8.751504609882943e-08
-1.4342554407501815e-07,1.0000000812744823,8.127448225536682e-08
-1.3319808836657373e-07,1.0000000754789242,7.54789242218834e-08
-1.2369993684827746e-07,1.0000000700966365,7.009663649526487e-08
-1.148790839561917e-07,1.0000000650981524,6.509815242417005e-08
-1.0668723256342968e-07,1.000000060456103,6.045610301264048e-08
-9.907952953719418e-08,1.0000000561450724,5.614507236906263e-08
-9.201432015283831e-08,1.0000000521414538,5.2141453821263894e-08
-8.545292002028221e-08,1.000000048423325,4.842332490540002e-08
-7.935940327400753e-08,1.00000004497033,4.497032990435912e-08
-7.370040586690031e-08,1.0000000417635655,4.17635654947901e-08
-6.844494289090597e-08,1.0000000387854704,3.878547039093405e-08
-6.356423892427093e-08,1.0000000360197396,3.601973963540672e-08
-5.903157047645993e-08,1.0000000334512267,3.345122667752776e-08
-5.482211966808713e-08,1.00000003106587,3.106587009860107e-08
-5.091283834470491e-08,1.00000002885061,2.8850609901098778e-08
-4.728232188043195e-08,1.0000000267933158,2.6793315788253835e-08
-4.3910691980449947e-08,1.000000024882727,2.488272698997207e-08
-4.077948784067481e-08,1.0000000231083779,2.3108377877889552e-08
-3.787156506866572e-08,1.0000000214605558,2.146055577689765e-08
-3.517100181232793e-08,1.0000000199302372,1.993023723834142e-08
-3.266301158243521e-08,1.0000000185090394,1.8509039412251127e-08
-3.0333862291643364e-08,1.0000000171891907,1.7189190737454396e-08
-2.8170801066708716e-08,1.0000000159634561,1.596345611254435e-08
-2.6161984422231043e-08,1.0000000148251247,1.4825124683426338e-08
-2.4296413413600792e-08,1.0000000137679688,1.376796876506603e-08
-2.256387341408937e-08,1.0000000127861968,1.2786196768033165e-08
-2.0954878186343637e-08,1.0000000118744312,1.1874431216085668e-08
-1.9460617942055623e-08,1.0000000110276837,1.1027683655129294e-08
-1.807291110541828e-08,1.000000010241318,1.0241318015857814e-08
-1.6784159516254817e-08,1.0000000095110244,9.511024412489633e-09
-1.5587306827544245e-08,1.0000000088328103,8.832810260983592e-09
-1.447579986955596e-08,1.0000000082029552,8.202955203984175e-09
-1.3443552769048173e-08,1.0000000076180158,7.618015773758202e-09
-1.2484913627071785e-08,1.0000000070747854,7.0747854241659525e-09
-1.1594633572928544e-08,1.0000000065702923,6.570292310215109e-09
-1.0767838024844433e-08,1.0000000061017782,6.101778193823293e-09
-1e-08,1.000000005666669,5.666668911885608e-09
0.0,1.0000000000000002,2.220446049250313e-16
1e-08,1.0000000078333349,7.83333486964466e-09
1.0767838024844433e-08,1.0000000084348066,8.434806630930325e-09
1.1594633572928544e-08,1.0000000090824621,9.082462115728163e-09
1.2484913627071785e-08,1.0000000097798494,9.77984937478027e-09
1.3443552769048173e-08,1.0000000105307836,1.0530783578488467e-08
1.447579986955596e-08,1.0000000113393768,1.1339376770891363e-08
1.5587306827544245e-08,1.0000000122100579,1.221005785367879e-08
1.6784159516254817e-08,1.0000000131475923,1.3147592348161652e-08
1.807291110541828e-08,1.000000014157114,1.4157113925605813e-08
1.9460617942055623e-08,1.0000000152441515,1.5244151496673908e-08
2.0954878186343637e-08,1.0000000164146536,1.6414653636331877e-08
2.256387341408937e-08,1.000000017675035,1.76750349911714e-08
2.4296413413600792e-08,1.0000000190321907,1.9032190712309216e-08
2.6161984422231043e-08,1.0000000204935549,2.0493554853118212e-08
2.8170801066708716e-08,1.000000022067127,2.2067127014580024e-08
3.0333862291643364e-08,1.0000000237615259,2.3761525858034815e-08
3.266301158243521e-08,1.0000000255860257,2.5586025742541096e-08
3.517100181232793e-08,1.0000000275506196,2.7550619563498913e-08
3.787156506866572e-08,1.0000000296660605,2.9666060497035573e-08
4.077948784067481e-08,1.0000000319439326,3.194393261019002e-08
4.3910691980449947e-08,1.000000034396709,3.4396709036599304e-08
4.728232188043195e-08,1.0000000370378204,3.703782036623693e-08
5.091283834470491e-08,1.000000039881723,3.988172303515114e-08
5.482211966808713e-08,1.0000000429439944,4.294399436055585e-08
5.903157047645993e-08,1.0000000462413976,4.624139759989987e-08
6.356423892427093e-08,1.0000000497919872,4.979198720000966e-08
6.844494289090597e-08,1.0000000536152058,5.361520583058166e-08
7.370040586690031e-08,1.0000000577319852,5.7731985192432944e-08
7.935940327400753e-08,1.0000000621648657,6.216486569954327e-08
8.545292002028221e-08,1.000000066938121,6.693812104607844e-08
9.201432015283831e-08,1.0000000720778843,7.207788432772588e-08
9.907952953719418e-08,1.0000000776122977,7.761229769975841e-08
1.0668723256342968e-07,1.0000000835716647,8.357166469963317e-08
1.148790839561917e-07,1.0000000899886166,8.998861655840074e-08
1.2369993684827746e-07,1.0000000968982836,9.68982836191401e-08
1.3319808836657373e-07,1.0000001043385018,1.0433850183844129e-07
1.4342554407501815e-07,1.0000001123500093,1.1235000929588068e-07
1.5443830272249786e-07,1.0000001209766698,1.209766697929382e-07
1.6629666285477482e-07,1.000000130265718,1.3026571799024111e-07
1.7906555296923755e-07,1.0000001402680145,1.4026801453681514e-07
1.9281488702019513e-07,1.0000001510383254,1.5103832540219742e-07
2.0761994722121406e-07,1.000000162635624,1.6263562407914378e-07
2.2356179624047784e-07,1.0000001751234053,1.7512340533265558e-07
2.4072772104607357e-07,1.0000001885700451,1.8857004513428421e-07
2.5921171083140547e-07,1.000000203049171,2.0304917103253217e-07
2.7911497163753877e-07,1.0000002186400576,2.186400576142944e-07
3.0054648049020594e-07,1.0000002354280708,2.3542807081611272e-07
3.2362358208556055e-07,1.0000002535051353,2.535051353280693e-07
3.4847263129172557e-07,1.0000002729702215,2.729702215376051e-07
3.752296849840637e-07,1.0000002939299115,2.9392991152121795e-07
4.0404124700217913e-07,1.000000316498969,3.1649896903296337e-07
4.3506507030756264e-07,1.0000003408009623,3.4080096233957136e-07
4.6847102073393807e-07,1.0000003669689554,3.669689554453015e-07
5.044420070596583e-07,1.0000003951462255,3.9514622551806156e-07
5.431749824945833e-07,1.0000004254870538,4.2548705381229013e-07
5.848820230649372e-07,1.0000004581575674,4.58157567440054e-07
6.297914888006557e-07,1.0000004933366458,4.933366457571253e-07
6.781492740831088e-07,1.0000005312169082,5.312169082394291e-07
7.302201539992749e-07,1.00000057200576,5.720057600910877e-07
7.862892340741134e-07,1.000000615926535,6.159265351080023e-07
8.466635113189044e-07,1.0000006632197131,6.632197131484219e-07
9.116735551427986e-07,1.0000007141442417,7.141442417424315e-07
9.816753173311736e-07,1.00000076897895,7.689789500719968e-07
1.0570520810009838e-06,1.0000008280240715,8.280240715308196e-07
1.1382165592043308e-06,1.0000008916029046,8.91602904617983e-07
1.2256131546707963e-06,1.0000009600635595,9.600635595408136e-07
1.3197203930613743e-06,1.0000010337808842,1.0337808842297846e-06
1.421053543056891e-06,1.0000011131585045,1.1131585044843462e-06
1.5301674376267865e-06,1.0000011986310384,1.1986310384237697e-06
1.6476595119256451e-06,1.0000012906664781,1.290666478137581e-06
1.7741730744509583e-06,1.0000013897687452,1.3897687451969176e-06
1.910400829372818e-06,1.0000014964804613,1.4964804613271099e-06
2.0570886693214978e-06,1.0000016113859056,1.6113859055977287e-06
2.2150397593996614e-06,1.0000017351142243,1.7351142242993944e-06
2.3851189347805893e-06,1.0000018683428706,1.8683428706367522e-06
2.568257435970688e-06,1.0000020118013166,2.011801316648132e-06
2.7654580076634642e-06,1.000002166275043,2.1662750429030098e-06
2.9778003891029117e-06,1.0000023326098462,2.332609846167344e-06
3.2064472260178816e-06,1.0000025117164617,2.511716461706115e-06
3.45265043649723e-06,1.0000027045755577,2.7045755577326247e-06
3.717758065661061e-06,1.0000029122431022,2.912243102226597e-06
4.003221666659726e-06,1.0000031358561425,3.1358561425332e-06
4.310604248413962e-06,1.0000033766390317,3.3766390317158113e-06
4.641588833612773e-06,1.0000036359101367,3.6359101367455793e-06
4.997987673826894e-06,1.00000391508905,3.915089050066101e-06
5.381752172193701e-06,1.0000042157043674,4.215704367371842e-06
5.794983568003634e-06,1.0000045394020556,4.539402055581121e-06
6.239944441689807e-06,1.000004887954462,4.887954462073907e-06
6.7190711032144176e-06,1.0000052632700256,5.263270025590572e-06
7.234986931682564e-06,1.0000056674037183,5.667403718323527e-06
7.790516739222392e-06,1.0000061025683014,6.1025683013582466e-06
8.388702237778593e-06,1.000006571146441,6.571146440981224e-06
9.032818693504975e-06,1.0000070757037496,7.075703749581663e-06
9.726392859944849e-06,1.0000076190028382,7.619002838188393e-06
1.0473222288188954e-05,1.0000082040184428,8.204018442814487e-06
1.1277396119740903e-05,1.0000088339537054,8.833953705433828e-06
1.2143317475937892e-05,1.0000095122577166,9.512257716615125e-06
1.3075727566516196e-05,1.0000102426444017,1.0242644401747825e-05
1.4079731649323966e-05,1.0000110291128554,1.1029112855442946e-05
1.5160826983319593e-05,1.0000118759692287,1.187596922869183e-05
1.6324932927907593e-05,1.0000127878503209,1.2787850320883365e-05
1.7578423353415834e-05,1.0000137697489522,1.3769748952174865e-05
1.8928161540172442e-05,1.0000148270413123,1.4827041312281963e-05
2.038153775726668e-05,1.0000159655163892,1.5965516389160328e-05
2.1946509726749826e-05,1.0000171914076665,1.719140766653915e-05
2.363164619483145e-05,1.0000185114272546,1.8511427254619406e-05
2.5446173848637638e-05,1.000019932802637,1.993280263690167e-05
2.740002783541624e-05,1.0000214633162425,2.1463316242531505e-05
2.950390616079903e-05,1.0000231113480624,2.3111348062432313e-05
3.176932826396931e-05,1.0000248859215184,2.488592151839164e-05
3.420869809045337e-05,1.000026796752878,2.679675287797778e-05
3.68353720078807e-05,1.0000288543044447,2.885430444465875e-05
3.966373193657473e-05,1.0000310698418458,3.1069841845754453e-05
4.270926409538859e-05,1.0000334554957062,3.345549570621387e-05
4.5988643793944744e-05,1.000036024328067,3.602432806704137e-05
4.951982673554642e-05,1.0000387904038963,3.879040389631605e-05
5.332214733067247e-05,1.0000417688681027,4.176886810269842e-05
5.74164245593571e-05,1.0000449760284413,4.497602844133475e-05
6.182507596208559e-05,1.0000484294448038,4.8429444803765875e-05
6.657224038334409e-05,1.0000521480253513,5.214802535125074e-05
7.168391013988566e-05,1.0000561521300444,5.6152130044395676e-05
7.718807333737906e-05,1.0000604636820924,6.046368209244868e-05
8.311486711467095e-05,1.0000651062879908,6.510628799083484e-05
8.94967426547246e-05,1.0000701053667524,7.010536675244872e-05
9.636864286572604e-05,1.0000754882890692,7.548828906922544e-05
0.0001037681937052216,1.0000812845271578,8.128452715783219e-05
0.00011173591019485079,1.0000875258161017,8.752581610171895e-05
0.00012031541825367147,1.0000942463275855,9.42463275854788e-05
0.00012955369356469458,1.0001014828569634,0.00010148285696343073
0.0001395013187824962,1.000109275024691,0.00010927502469093575
0.00015021276049021043,1.000117665493216,0.0001176654932160126
0.00016174666742233376,1.000126700200521,0.0001267002005209683
0.00017416619158620682,1.0001364286115821,0.00013642861158214004
0.00018753933404042986,1.000146903989157,0.0001469039891570656
0.00020193931722345385,1.0001581836853204,0.00015818368532038996
0.0002174449858709829,1.0001703294554054,0.00017032945540540467
0.00023414123871733254,1.0001834077960228,0.00018340779602277202
0.0002521194933444671,1.0001974903090365,0.00019749030903648546
0.00027147818672390605,1.0002126540934673,0.00021265409346726827
0.0002923233141921493,1.0002289821674646,0.00022898216746458644
0.0003147690098106772,1.0002465639226716,0.00024656392267163874
0.00033893817128820335,1.000265495613456,0.0002654956134560127
0.0003649631328868352,1.000285880883684,0.0002858808836840865
0.0003929863899965208,1.0003078313338951,0.0003078313338951144
0.0004231613793450881,1.0003314671320198,0.0003314671320198137
0.00045565331911576505,1.0003569176709353,0.00035691767093526394
0.000490640113572131,1.0003843222764772,0.0003843222764772225
0.0005283133271435972,1.0004138309697514,0.00041383096975144973
0.0005688792333048904,1.0004456052879305,0.0004456052879304728
0.0006125599439924734,1.0004798191680084,0.00047981916800843294
0.0006595946257418731,1.0005166598983144,0.0005166598983143977
0.0007102408092046375,1.0005563291430113,0.0005563291430112915
0.000764775799214996,1.0005990440451613,0.0005990440451613122
0.0008234981931268026,1.0006450384143226,0.0006450384143226184
0.0008867295157341453,1.0006945640052396,0.0006945640052395952
0.000954815979727402,1.000747891894521,0.0007478918945209578
0.0010281303813237791,1.0008053139628181,0.0008053139628181327
0.0011070741414515996,1.0008671444906225,0.000867144490622529
0.0011920795036644515,1.0009337218762815,0.0009337218762814903
0.001283611900819576,1.0010054104856696,0.0010054104856696
0.0013821725034787872,1.001082602643503,0.0010826026435029057
0.001488300963985328,1.0011657207771452,0.0011657207771451628
0.001602578371241384,1.001255219724555,0.0012552197245550012
0.0017256304323646202,1.0013515892188776,0.0013515892188775691
0.0018581308986444498,1.0014553565631719,0.0014553565631718612
0.0020008052545562025,1.0015670895097657,0.0015670895097656956
0.002154434690031882,1.0016873993598177,0.001687399359817654
0.0023198603777369185,1.001816944299864,0.0018169442998638985
0.0024979880787725562,1.0019564329933803,0.0019564329933803304
0.002689793102021517,1.0021066284467408,0.0021066284467408103
0.0028963256442911555,1.0022683521704272,0.0022683521704272014
0.003118716540493036,1.0024424886578915,0.0024424886578915395
0.0033581834553432126,1.0026299902061606,0.002629990206160615
0.0036160375504848117,1.0028318821040727,0.0028318821040727027
0.00389369066353756,1.0030492682159582,0.0030492682159581896
0.004192663038382149,1.0032833369906387,0.0032833369906386523
0.004514591649005101,1.0035353679278467,0.0035353679278467
0.004861239162480226,1.0038067385365346,0.0038067385365345707
0.005234503590161738,1.004098931822061,0.004098931822061003
0.005636428679932827,1.0044135443419733,0.0044135443419732745
0.006069215106410428,1.004752294872995,0.004752294872995
0.006535232520376647,1.0051170337349151,0.005117033734915122
0.0070370325234111585,1.0055097528203798,0.0055097528203797985
0.0075773626387653495,1.0059325963830998,0.005932596383099842
0.00815918135497331,1.0063878726407325,0.006387872640732484
0.008785674324568315,1.0068780662526657,0.006878066252665738
0.009460271806598614,1.007405851737153,0.007405851737152913
0.010186667448445609,1.0079741078967306,0.007974107896730587
0.010968838509781765,1.008585933325567,0.008585933325566897
0.01181106763940058,1.009244663077372,0.009244663077371928
0.012717966324154716,1.0099538865777709,0.009953886577770854
0.013694500138392386,1.0107174668705277,0.010717466870527659
0.01474601593214189,1.0115395612927736,0.011539561292773559
0.015878271106907926,1.0124246436803752,0.012424643680375214
0.017097465139375156,1.0133775282107964,0.013377528210796408
0.018410273525621593,1.0144033949971625,0.014403394997162478
0.019823884331697458,1.015507817553786,0.01550781755378594
0.02134603755069697,1.0166967922599848,0.016696792259984772
0.022985067481815148,1.0179767699556306,0.017976769955630578
0.024749948363430446,1.0193546898083496,0.019354689808349645
0.026650343510068206,1.0208380155985606,0.020838015598560578
0.02869665822228785,1.0224347745743996,0.022434774574399574
0.030900096759191517,1.0241535990338548,0.024153599033854833
0.03327272368549947,1.026003770795824,0.026003770795824055
0.03582752992908632,1.0279952687250755,0.027995268725075517
0.03857850391066669,1.0301388194777477,0.030138819477747658
0.041540708135088644,1.0324459516336708,0.03244595163367081
0.04473036166359711,1.0349290533788291,0.03492905337882912
0.04816492891863247,1.0376014338949533,0.037601433894953296
0.051863215307397896,1.0404773886028025,0.04047738860280248
0.055845470187769294,1.0435722683900104,0.04357226839001038
0.060133497740317725,1.04690255293237,0.04690255293236989
0.064750776353509,1.0504859281875571,0.05048592818755715
0.06972258717575106,1.0543413681010096,0.054341368101009646
0.07507615253815832,1.0584892205129939,0.05848922051299388
0.0808407850059402,1.0629512971915847,0.06295129719158465
0.0870480478745235,1.0677509678360142,0.0677509678360142
0.09373192798917727,1.0729132577957794,0.0729132577957794
0.10092902183438413,1.078464949130103,0.07846494913010305
0.10867873591186356,1.0844346844870405,0.0844346844870405
0.11702350250437883,1.0908530731083248,0.0908530731083248
0.12600901200671283,1.0977527980627595,0.0977527980627595
0.13568446309589582,1.1051687235751633,0.10516872357516327
0.14610283211045885,1.1131380010488439,0.11313800104884386
0.1573211631136458,1.1217001720780042,0.12170017207800421
0.16940088022878685,1.1308972664157821,0.13089726641578214
0.1824081239569649,1.140773892510522,0.14077389251052197
0.19641411331843395,1.1513773178588997,0.15137731785889974
0.21149553580063365,1.1627575360670506,0.16275753606705057
0.22773496724789058,1.174967317184142,0.17496731718414194
0.24522132399185378,1.1880622376096386,0.18806223760963858
0.26405034969821745,1.2021006857165148,0.20210068571651485
0.2843251395953936,1.2171438393275131,0.21714383932751313
0.30615670495544745,1.2332556113853808,0.23325561138538076
0.3296645809180345,1.250502560629581,0.250502560629581
0.3549774809853617,1.268953764886112,0.268953764886112
0.3822340017717662,1.2886806557376547,0.28868065573765467
0.41158338186664783,1.3097568148893082,0.3097568148893082
0.4431863189657749,1.3322577344678457,0.3322577344678457
0.47721584974505044,1.3562605457303079,0.35626054573030785
0.5138582972943192,1.381843723097006,0.381843723097006
0.5533142912987585,1.4090867728926777,0.4090867728926777
0.595799866553661,1.4380699184550532,0.43806991845505316
0.641547645827375,1.4688737950966404,0.4688737950966404
0.6908081135489424,1.5015791695241394,0.5015791695241394
0.7438509872943353,1.5362666985076436,0.5362666985076436
0.8009666945806018,1.573016740702929,0.573016740702929
0.8624679630538944,1.6119092335330252,0.6119092335330252
0.9286915327781848,1.6530236440331736,0.6530236440331736
1.0,1.696438998793848,0.696438998793848
