Step_Number,K_Element_Name,K_Value,Change_from_Nominal,Change_Percent,Eigenvalue_1,Eigenvalue_2,Eigenvalue_3,Max_Magnitude,Stable
1,K23,0,-10.454099,-100,9.56091034200267+0i,1.10164387201203+0i,0.391544985985305+0i,9.56091034200267,NO
2,K23,0.105066321608042,-10.349032678392,-98.9949748743718,9.45477114127888+0i,1.10270758448339+0i,0.391554152629682+0i,9.45477114127888,NO
3,K23,0.210132643216081,-10.2439663567839,-97.9899497487437,9.34860433598974+0i,1.10379871263646+0i,0.391563508157719+0i,9.34860433598974,NO
4,K23,0.315198964824121,-10.1389000351759,-96.9849246231156,9.24240883518411+0i,1.10491834152402+0i,0.391573058467748+0i,9.24240883518411,NO
5,K23,0.420265286432163,-10.0338337135678,-95.9798994974874,9.13618348902212+0i,1.10606761483934+0i,0.391582809706372+0i,9.13618348902212,NO
6,K23,0.525331608040202,-9.9287673919598,-94.9748743718593,9.02992708470354+0i,1.10724773897484+0i,0.391592768281414+0i,9.02992708470354,NO
7,K23,0.630397929648242,-9.82370107035176,-93.9698492462311,8.92363834205018+0i,1.1084599874254+0i,0.391602940876193+0i,8.92363834205018,NO
8,K23,0.735464251256282,-9.71863474874372,-92.964824120603,8.81731590870664+0i,1.10970570557282+0i,0.391613334464258+0i,8.81731590870664,NO
9,K23,0.840530572864323,-9.61356842713568,-91.9597989949749,8.71095835492062+0i,1.11098631588954+0i,0.391623956325516+0i,8.71095835492062,NO
10,K23,0.945596894472362,-9.50850210552764,-90.9547738693467,8.60456416785789+0i,1.11230332360671+0i,0.391634814063041+0i,8.60456416785789,NO
11,K23,1.0506632160804,-9.4034357839196,-89.9497487437186,8.49813174540298+0i,1.11365832289517+0i,0.391645915621453+0i,8.49813174540298,NO
12,K23,1.15572953768844,-9.29836946231156,-88.9447236180904,8.39165938938941+0i,1.11505300361608+0i,0.391657269306068+0i,8.39165938938941,NO
13,K23,1.26079585929648,-9.19330314070352,-87.9396984924623,8.28514529819667+0i,1.11648915870316+0i,0.391668883803698+0i,8.28514529819667,NO
14,K23,1.36586218090452,-9.08823681909548,-86.9346733668342,8.17858755864284+0i,1.11796869224778+0i,0.391680768204852+0i,8.17858755864284,NO
15,K23,1.47092850251256,-8.98317049748744,-85.929648241206,8.07198413709268+0i,1.1194936283673+0i,0.39169293202745+0i,8.07198413709268,NO
16,K23,1.5759948241206,-8.8781041758794,-84.9246231155779,7.96533286968943+0i,1.12106612094784+0i,0.391705385242134+0i,7.96533286968943,NO
17,K23,1.68106114572864,-8.77303785427135,-83.9195979899497,7.85863145160723+0i,1.12268846436446+0i,0.391718138299667+0i,7.85863145160723,NO
18,K23,1.78612746733668,-8.66797153266332,-82.9145728643216,7.75187742520569+0i,1.12436310529763+0i,0.39173120216001+0i,7.75187742520569,NO
19,K23,1.89119378894472,-8.56290521105528,-81.9095477386935,7.64506816695165+0i,1.1260926557797+0i,0.391744588323922+0i,7.64506816695165,NO
20,K23,1.99626011055276,-8.45783888944723,-80.9045226130653,7.53820087295394+0i,1.12787990762683+0i,0.391758308866463+0i,7.53820087295394,NO
21,K23,2.1013264321608,-8.35277256783919,-79.8994974874372,7.43127254293354+0i,1.1297278484321+0i,0.391772376473556+0i,7.43127254293354,NO
22,K23,2.20639275376885,-8.24770624623115,-78.894472361809,7.32427996242523+0i,1.13163967932501+0i,0.391786804480912+0i,7.32427996242523,NO
23,K23,2.31145907537688,-8.14263992462311,-77.8894472361809,7.21721968297543+0i,1.13361883473138+0i,0.391801606916314+0i,7.21721968297543,NO
24,K23,2.41652539698492,-8.03757360301507,-76.8844221105528,7.11008800006325+0i,1.1356690044069+0i,0.391816798544921+0i,7.11008800006325,NO
25,K23,2.52159171859297,-7.93250728140703,-75.8793969849246,7.00288092842902+0i,1.13779415805947+0i,0.391832394918545+0i,7.00288092842902,NO
26,K23,2.62665804020101,-7.82744095979899,-74.8743718592965,6.89559417444113+0i,1.13999857292924+0i,0.391848412428621+0i,6.89559417444113,NO
27,K23,2.73172436180905,-7.72237463819095,-73.8693467336683,6.78822310507133+0i,1.14228686475592+0i,0.391864868363712+0i,6.78822310507133,NO
28,K23,2.83679068341709,-7.61730831658291,-72.8643216080402,6.68076271297333+0i,1.14466402263798+0i,0.391881780971611+0i,6.68076271297333,NO
29,K23,2.94185700502513,-7.51224199497487,-71.859296482412,6.57320757707121+0i,1.14713544837673+0i,0.391899169526939+0i,6.57320757707121,NO
30,K23,3.04692332663317,-7.40717567336683,-70.8542713567839,6.46555181795574+0i,1.14970700100679+0i,0.391917054404289+0i,6.46555181795574,NO
31,K23,3.15198964824121,-7.30210935175879,-69.8492462311558,6.3577890472573+0i,1.15238504734361+0i,0.391935457157888+0i,6.3577890472573,NO
32,K23,3.25705596984925,-7.19704303015075,-68.8442211055276,6.24991231000427+0i,1.15517651953838+0i,0.391954400608101+0i,6.24991231000427,NO
33,K23,3.36212229145729,-7.09197670854271,-67.8391959798995,6.14191401878272+0i,1.15808898082409+0i,0.3919739089359+0i,6.14191401878272,NO
34,K23,3.46718861306533,-6.98691038693467,-66.8341708542713,6.03378587827324+0i,1.16113070087571+0i,0.391994007785729+0i,6.03378587827324,NO
35,K23,3.57225493467337,-6.88184406532663,-65.8291457286432,5.92551879844577+0i,1.16431074250301+0i,0.392014724377845+0i,5.92551879844577,NO
36,K23,3.67732125628141,-6.77677774371859,-64.8241206030151,5.81710279432579+0i,1.16763906176146+0i,0.392036087631345+0i,5.81710279432579,NO
37,K23,3.78238757788945,-6.67171142211055,-63.8190954773869,5.70852686978422+0i,1.17112662402771+0i,0.392058128298629+0i,5.70852686978422,NO
38,K23,3.88745389949749,-6.56664510050251,-62.8140703517588,5.59977888222433+0i,1.17478553916503+0i,0.392080879113145+0i,5.59977888222433,NO
39,K23,3.99252022110553,-6.46157877889447,-61.8090452261306,5.49084538430203+0i,1.17862921964111+0i,0.392104374951338+0i,5.49084538430203,NO
40,K23,4.09758654271357,-6.35651245728643,-60.8040201005025,5.38171143787545+0i,1.18267256639996+0i,0.39212865301102+0i,5.38171143787545,NO
41,K23,4.20265286432161,-6.25144613567839,-59.7989949748744,5.27236039416728+0i,1.18693218850343+0i,0.392153753007684+0i,5.27236039416728,NO
42,K23,4.30771918592965,-6.14637981407035,-58.7939698492462,5.16277363254694+0i,1.19142666413231+0i,0.392179717391098+0i,5.16277363254694,NO
43,K23,4.41278550753769,-6.04131349246231,-57.7889447236181,5.05293024827354+0i,1.19617685260399+0i,0.392206591584773+0i,5.05293024827354,NO
44,K23,4.51785182914573,-5.93624717085427,-56.7839195979899,4.94280667680306+0i,1.20120626980033+0i,0.392234424250882+0i,4.94280667680306,NO
45,K23,4.62291815075377,-5.83118084924623,-55.7788944723618,4.83237623859973+0i,1.2065415430625+0i,0.392263267584012+0i,4.83237623859973,NO
46,K23,4.72798447236181,-5.72611452763819,-54.7738693467337,4.72160858343211+0i,1.21221296656844+0i,0.392293177637645+0i,4.72160858343211,NO
47,K23,4.83305079396985,-5.62104820603015,-53.7688442211055,4.61046900633632+0i,1.21825518500645+0i,0.392324214687379+0i,4.61046900633632,NO
48,K23,4.93811711557789,-5.51598188442211,-52.7638190954774,4.49891759798459+0i,1.22470804280162+0i,0.392356443635907+0i,4.49891759798459,NO
49,K23,5.04318343718593,-5.41091556281407,-51.7587939698492,4.38690817888398+0i,1.23161764946445+0i,0.392389934465641+0i,4.38690817888398,NO
50,K23,5.14824975879397,-5.30584924120603,-50.7537688442211,4.27438694775304+0i,1.23903773070761+0i,0.392424762745383+0i,4.27438694775304,NO
51,K23,5.25331608040201,-5.20078291959799,-49.748743718593,4.16129074660179+0i,1.24703136279717+0i,0.392461010199031+0i,4.16129074660179,NO
52,K23,5.35838240201005,-5.09571659798995,-48.7437185929648,4.0475448036521+0i,1.25567322899286+0i,0.392498765344998+0i,4.0475448036521,NO
53,K23,5.46344872361809,-4.99065027638191,-47.7386934673367,3.93305975229953+0i,1.2650525998653+0i,0.392538124217074+0i,3.93305975229953,NO
54,K23,5.56851504522613,-4.88558395477387,-46.7336683417085,3.81772762622375+0i,1.27527733737109+0i,0.392579191179022+0i,3.81772762622375,NO
55,K23,5.67358136683417,-4.78051763316583,-45.7286432160804,3.7014163735437+0i,1.28647937977466+0i,0.392622079847468+0i,3.7014163735437,NO
56,K23,5.77864768844221,-4.67545131155779,-44.7236180904523,3.5839621728182+0i,1.29882242459942+0i,0.392666914140168+0i,3.5839621728182,NO
57,K23,5.88371401005025,-4.57038498994975,-43.7185929648241,3.46515838735982+0i,1.31251297311975+0i,0.392713829470184+0i,3.46515838735982,NO
58,K23,5.98878033165829,-4.46531866834171,-42.713567839196,3.34473919508118+0i,1.32781669915089+0i,0.392762974109635+0i,3.34473919508118,NO
59,K23,6.09384665326633,-4.36025234673367,-41.7085427135678,3.22235442611561+0i,1.34508360986529+0i,0.392814510752771+0i,3.22235442611561,NO
60,K23,6.19891297487437,-4.25518602512563,-40.7035175879397,3.09752913036802+0i,1.36478847644525+0i,0.392868618312361+0i,3.09752913036802,NO
61,K23,6.30397929648241,-4.15011970351759,-39.6984924623116,2.96959491471212+0i,1.38759949481434+0i,0.392925493991131+0i,2.96959491471212,NO
62,K23,6.40904561809045,-4.04505338190955,-38.6934673366834,2.83756476681424+0i,1.41450345941613+0i,0.392985355679181+0i,2.83756476681424,NO
63,K23,6.51411193969849,-3.93998706030151,-37.6884422110553,2.69988217877035+0i,1.44705663679295+0i,0.393048444738215+0i,2.69988217877035,NO
64,K23,6.61917826130653,-3.83492073869347,-36.6834170854271,2.55384626267007+0i,1.48795964677572+0i,0.393115029247684+0i,2.55384626267007,NO
65,K23,6.72424458291457,-3.72985441708543,-35.678391959799,2.39399012151244+0i,1.54267908776836+0i,0.393185407804627+0i,2.39399012151244,NO
66,K23,6.82931090452261,-3.62478809547739,-34.6733668341708,2.20534149833046+0i,1.62618688315641+0i,0.393259913990513+0i,2.20534149833046,NO
67,K23,6.93437722613065,-3.51972177386935,-33.6683417085427,1.86319152611169+0.0891871002021334i,1.86319152611169-0.0891871002021334i,0.393338921645975+0i,1.8653249051618,NO
68,K23,7.03944354773869,-3.41465545226131,-32.6633165829146,1.81061640056641+0.306994403847091i,1.81061640056641-0.306994403847091i,0.39342285112849+0i,1.83645781710157,NO
69,K23,7.14450986934673,-3.30958913065326,-31.6582914572864,1.7580385769396+0.41835246942716i,1.7580385769396-0.41835246942716i,0.393512176774064+0i,1.80712988650059,NO
70,K23,7.24957619095477,-3.20452280904522,-30.6532663316583,1.70545778660191+0.500274085564891i,1.70545778660191-0.500274085564891i,0.393607435841414+0i,1.77731832336497,NO
71,K23,7.35464251256281,-3.09945648743719,-29.6482412060301,1.65287372407159+0.565695897433678i,1.65287372407159-0.565695897433678i,0.393709239294011+0i,1.74699839613537,NO
72,K23,7.45970883417085,-2.99439016582915,-28.643216080402,1.60028604047684+0.619864537069638i,1.60028604047684-0.619864537069638i,0.393818284875474+0i,1.71614319206224,NO
73,K23,7.56477515577889,-2.8893238442211,-27.6381909547739,1.54769433557664+0.665533597847147i,1.54769433557664-0.665533597847147i,0.393935373067828+0i,1.68472333818921,NO
74,K23,7.66984147738694,-2.78425752261306,-26.6331658291457,1.49509814795547+0.704358488761999i,1.49509814795547-0.704358488761999i,0.394061426702135+0i,1.65270667473419,NO
75,K23,7.77490779899497,-2.67919120100503,-25.6281407035176,1.44249694288608+0.737421232217341i,1.44249694288608-0.737421232217341i,0.394197515232876+0i,1.62005787055914,NO
76,K23,7.87997412060302,-2.57412487939698,-24.6231155778894,1.38989009718715+0.765469069129009i,1.38989009718715-0.765469069129009i,0.394344885022695+0i,1.58673796767208,NO
77,K23,7.98504044221105,-2.46905855778895,-23.6180904522613,1.33727688017146+0.78903723267888i,1.33727688017146-0.78903723267888i,0.394504997446027+0i,1.55270383808203,NO
78,K23,8.0901067638191,-2.3639922361809,-22.6130653266332,1.28465642945703+0.808517861532582i,1.28465642945703-0.808517861532582i,0.394679577266863+0i,1.51790753149278,NO
79,K23,8.19517308542714,-2.25892591457286,-21.608040201005,1.23202771995083+0.824201191744766i,1.23202771995083-0.824201191744766i,0.394870674671203+0i,1.48229548579247,NO
80,K23,8.30023940703517,-2.15385959296482,-20.6030150753769,1.17938952365206+0.836301298468996i,1.17938952365206-0.836301298468996i,0.395080745660715+0i,1.44580756337804,NO
81,K23,8.40530572864322,-2.04879327135678,-19.5979899497487,1.12674035694607+0.84497262813825i,1.12674035694607-0.84497262813825i,0.395312757464638+0i,1.40837586399151,NO
82,K23,8.51037205025126,-1.94372694974874,-18.5929648241206,1.07407841061234+0.85032068746815i,1.07407841061234-0.85032068746815i,0.395570328524069+0i,1.3699232473682,NO
83,K23,8.6154383718593,-1.8386606281407,-17.5879396984925,1.02140145556752+0.8524087742858i,1.02140145556752-0.8524087742858i,0.395857917005669+0i,1.33036147415462,NO
84,K23,8.72050469346734,-1.73359430653266,-16.5829145728643,0.968706713962597+0.851261811610653i,0.968706713962597-0.851261811610653i,0.396181078607472+0i,1.28958883741403,NO
85,K23,8.82557101507538,-1.62852798492462,-15.5778894472362,0.915990679863493+0.846867845384424i,0.915990679863493-0.846867845384424i,0.396546825197642+0i,1.2474871033974,NO
86,K23,8.93063733668342,-1.52346166331658,-14.572864321608,0.863248865011026+0.839177419372571i,0.863248865011026-0.839177419372571i,0.396964133294535+0i,1.20391749888754,NO
87,K23,9.03570365829146,-1.41839534170854,-13.5678391959799,0.810475430600238+0.828100750151846i,0.810475430600238-0.828100750151846i,0.397444680508068+0i,1.15871535590441,NO
88,K23,9.1407699798995,-1.3133290201005,-12.5628140703518,0.757662641030933+0.813502317065331i,0.757662641030933-0.813502317065331i,0.398003938038639+0i,1.11168282233946,NO
89,K23,9.24583630150754,-1.20826269849246,-11.5577889447236,0.704800031180816+0.795192076499754i,0.704800031180816-0.795192076499754i,0.398662836130832+0i,1.06257871354572,NO
90,K23,9.35090262311558,-1.10319637688442,-10.5527638190955,0.651873096813034+0.772911886365154i,0.651873096813034-0.772911886365154i,0.399450383258358+0i,1.01110400970086,NO
91,K23,9.45596894472362,-0.998130055276382,-9.54773869346734,0.598861159776247+0.746314664812835i,0.598861159776247-0.746314664812835i,0.400407935723885+0i,0.956880487628025,YES
92,K23,9.56103526633166,-0.893063733668342,-8.5427135678392,0.545733739797259+0.714931856086645i,0.545733739797259-0.714931856086645i,0.401596454073824+0i,0.899418074979927,YES
93,K23,9.6661015879397,-0.787997412060301,-7.53768844221105,0.492444079444829+0.678120932131698i,0.492444079444829-0.678120932131698i,0.403109453170641+0i,0.838062748232749,YES
94,K23,9.77116790954774,-0.682931090452261,-6.53266331658291,0.4389169043062+0.634976485319026i,0.4389169043062-0.634976485319026i,0.405097481839858+0i,0.771908793701588,YES
95,K23,9.87623423115578,-0.577864768844222,-5.52763819095477,0.38502366758278+0.584169409064673i,0.38502366758278-0.584169409064673i,0.407817633678668+0i,0.699640709997541,YES
96,K23,9.98130055276382,-0.472798447236181,-4.52261306532663,0.330528447128457+0.523628475456663i,0.330528447128457-0.523628475456663i,0.411741752979274+0i,0.619221959131149,YES
97,K23,10.0863668743719,-0.367732125628141,-3.51758793969849,0.417812479572744+0i,0.2749599230277+0.449820830341912i,0.2749599230277-0.449820830341912i,0.527201800718554,YES
98,K23,10.1914331959799,-0.2626658040201,-2.51256281407035,0.428072491958651+0i,0.217296756030722+0.355716543396358i,0.217296756030722-0.355716543396358i,0.428072491958651,YES
99,K23,10.2964995175879,-0.15759948241206,-1.50753768844221,0.446868070805322+0i,0.155365805803369+0.221087429972053i,0.155365805803369-0.221087429972053i,0.446868070805322,YES
100,K23,10.401565839196,-0.0525331608040212,-0.50251256281407,0.479469673884728+0i,0.249343926372756+0i,-0.0762802394534619+0i,0.479469673884728,YES
101,K23,10.506632160804,0.0525331608040194,0.50251256281407,0.521356461520475+0i,0.325689307838051+0i,-0.299578730162544+0i,0.521356461520475,YES
102,K23,10.6116984824121,0.15759948241206,1.50753768844221,0.561632302527883+0i,0.350825250818196+0i,-0.470056835758141+0i,0.561632302527883,YES
103,K23,10.7167648040201,0.2626658040201,2.51256281407035,0.596368139272173+0i,0.362502143673001+0i,-0.621535886965276+0i,0.621535886965276,YES
104,K23,10.8218311256281,0.367732125628141,3.51758793969849,0.625810569310018+0i,0.369036917830084+0i,-0.762579412768239+0i,0.762579412768239,YES
105,K23,10.9268974472362,0.472798447236181,4.52261306532663,0.650946042466171+0i,0.373160297233105+0i,-0.896904586935461+0i,0.896904586935461,YES
106,K23,11.0319637688442,0.57786476884422,5.52763819095477,-1.02650908517619+0i,0.375982755089632+0i,0.672661761242339+0i,1.02650908517619,NO
107,K23,11.1370300904523,0.682931090452261,6.53266331658291,-1.15260492327097+0i,0.37803005067654+0i,0.69164398214217+0i,1.15260492327097,NO
108,K23,11.2420964120603,0.787997412060301,7.53768844221105,-1.27598815781247+0i,0.379580434548209+0i,0.708410511203961+0i,1.27598815781247,NO
109,K23,11.3471627336683,0.893063733668342,8.5427135678392,-1.39721191160844+0i,0.380794058205919+0i,0.72335431973418+0i,1.39721191160844,NO
110,K23,11.4522290552764,0.998130055276382,9.54773869346734,-1.51667705194408+0i,0.381769294153035+0i,0.736777902514669+0i,1.51667705194408,NO
111,K23,11.5572953768844,1.10319637688442,10.5527638190955,-1.63468378971425+0i,0.382569773167347+0i,0.748917839662487+0i,1.63468378971425,NO
112,K23,11.6623616984925,1.20826269849246,11.5577889447236,-1.75146294575311+0i,0.383238418514266+0i,0.759962028746389+0i,1.75146294575311,NO
113,K23,11.7674280201005,1.3133290201005,12.5628140703518,-1.86719586172183+0i,0.383805207859812+0i,0.770061833761515+0i,1.86719586172183,NO
114,K23,11.8724943417085,1.41839534170854,13.5678391959799,-1.98202760151047+0i,0.384291697351129+0i,0.779340762450798+0i,1.98202760151047,NO
115,K23,11.9775606633166,1.52346166331658,14.572864321608,-2.09607600158896+0i,0.3847137772231+0i,0.78790076104928+0i,2.09607600158896,NO
116,K23,12.0826269849246,1.62852798492462,15.5778894472362,-2.20943805283863+0i,0.385083414314446+0i,0.795826853599563+0i,2.20943805283863,NO
117,K23,12.1876933065327,1.73359430653266,16.5829145728643,-2.32219451035602+0i,0.38540979006959+0i,0.803190613753771+0i,2.32219451035602,NO
118,K23,12.2927596281407,1.8386606281407,17.5879396984925,-2.43441329333562+0i,0.385700064882536+0i,0.810052800312379+0i,2.43441329333562,NO
119,K23,12.3978259497487,1.94372694974874,18.5929648241206,-2.54615203863979+0i,0.38595990425826+0i,0.81646538463279+0i,2.54615203863979,NO
120,K23,12.5028922713568,2.04879327135678,19.5979899497487,-2.65746004973292+0i,0.38619384897991+0i,0.822473129396232+0i,2.65746004973292,NO
121,K23,12.6079585929648,2.15385959296482,20.6030150753769,-2.76837980548969+0i,0.386405580623701+0i,0.828114831901165+0i,2.76837980548969,NO
122,K23,12.7130249145729,2.25892591457286,21.608040201005,-2.87894814325025+0i,0.386598115343819+0i,0.833424313333568+0i,2.87894814325025,NO
123,K23,12.8180912361809,2.3639922361809,22.6130653266332,-2.98919719715121+0i,0.386773947534352+0i,0.838431213435954+0i,2.98919719715121,NO
124,K23,12.9231575577889,2.46905855778894,23.6180904522613,-3.09915515011682+0i,0.386935157852951+0i,0.843161634474931+0i,3.09915515011682,NO
125,K23,13.028223879397,2.57412487939698,24.6231155778894,-3.20884684222783+0i,0.387083495500124+0i,0.847638667330731+0i,3.20884684222783,NO
126,K23,13.133290201005,2.67919120100502,25.6281407035176,-3.31829426715749+0i,0.387220441632546+0i,0.851882824519921+0i,3.31829426715749,NO
127,K23,13.2383565226131,2.78425752261306,26.6331658291457,-3.4275169804834+0i,0.387347258767221+0i,0.855912399103114+0i,3.4275169804834,NO
128,K23,13.3434228442211,2.8893238442211,27.6381909547739,-3.53653243797052+0i,0.387465029655577+0i,0.859743764093844+0i,3.53653243797052,NO
129,K23,13.4484891658291,2.99439016582915,28.643216080402,-3.64535627772587+0i,0.38757468815474+0i,0.863391623741992+0i,3.64535627772587,NO
130,K23,13.5535554874372,3.09945648743719,29.6482412060301,-3.75400255700791+0i,0.387677043952481+0i,0.866869225618248+0i,3.75400255700791,NO
131,K23,13.6586218090452,3.20452280904522,30.6532663316583,-3.86248395213197+0i,0.387772802527081+0i,0.870188540559665+0i,3.86248395213197,NO
132,K23,13.7636881306533,3.30958913065326,31.6582914572864,-3.97081192813571+0i,0.387862581379107+0i,0.873360416103338+0i,3.97081192813571,NO
133,K23,13.8687544522613,3.41465545226131,32.6633165829146,-4.07899688350641+0i,0.387946923323045+0i,0.876394707922062+0i,4.07899688350641,NO
134,K23,13.9738207738693,3.51972177386935,33.6683417085427,-4.18704827422004+0i,0.388026307440956+0i,0.879300392909746+0i,4.18704827422004,NO
135,K23,14.0788870954774,3.62478809547739,34.6733668341708,-4.2949747205214+0i,0.388101158164322+0i,0.8820856668797+0i,4.2949747205214,NO
136,K23,14.1839534170854,3.72985441708543,35.678391959799,-4.40278409923058+0i,0.388171852846952+0i,0.884758029298205+0i,4.40278409923058,NO
137,K23,14.2890197386935,3.83492073869347,36.6834170854271,-4.51048362385174+0i,0.388238728112846+0i,0.887324357045423+0i,4.51048362385174,NO
138,K23,14.3940860603015,3.93998706030151,37.6884422110553,-4.61807991435418+0i,0.388302085204643+0i,0.88979096884804+0i,4.61807991435418,NO
139,K23,14.4991523819095,4.04505338190955,38.6934673366834,-4.72557905817096+0i,0.388362194511095+0i,0.892163681750329+0i,4.72557905817096,NO
140,K23,14.6042187035176,4.15011970351759,39.6984924623116,-4.83298666369749+0i,0.388419299416917+0i,0.894447860762982+0i,4.83298666369749,NO
141,K23,14.7092850251256,4.25518602512563,40.7035175879397,-4.94030790736061+0i,0.388473619590637+0i,0.896648462644341+0i,4.94030790736061,NO
142,K23,14.8143513467337,4.36025234673367,41.7085427135678,-5.04754757515516+0i,0.388525353803269+0i,0.898770074618227+0i,5.04754757515516,NO
143,K23,14.9194176683417,4.46531866834171,42.713567839196,-5.15471009940261+0i,0.388574682355064+0i,0.900816948705841+0i,5.15471009940261,NO
144,K23,15.0244839899497,4.57038498994975,43.7185929648241,-5.26179959137005+0i,0.388621769171242+0i,0.902793032249061+0i,5.26179959137005,NO
145,K23,15.1295503115578,4.67545131155779,44.7236180904523,-5.36881987029067+0i,0.388666763619386+0i,0.904701995113494+0i,5.36881987029067,NO
146,K23,15.2346166331658,4.78051763316583,45.7286432160804,-5.47577448924668+0i,0.388709802089648+0i,0.906547253991211+0i,5.47577448924668,NO
147,K23,15.3396829547739,4.88558395477387,46.7336683417085,-5.58266675830855+0i,0.388751009373779+0i,0.908331994160906+0i,5.58266675830855,NO
148,K23,15.4447492763819,4.99065027638191,47.7386934673367,-5.68949976526809+0i,0.388790499872114+0i,0.910059189014078+0i,5.68949976526809,NO
149,K23,15.5498155979899,5.09571659798995,48.7437185929648,-5.79627639425629+0i,0.388828378652693+0i,0.911731617613656+0i,5.79627639425629,NO
150,K23,15.654881919598,5.20078291959799,49.748743718593,-5.90299934249601+0i,0.388864742383692+0i,0.913351880514334+0i,5.90299934249601,NO
151,K23,15.759948241206,5.30584924120603,50.7537688442211,-6.00967113540698+0i,0.38889968015613+0i,0.914922414044819+0i,6.00967113540698,NO
152,K23,15.8650145628141,5.41091556281407,51.7587939698492,-6.11629414025089+0i,0.388933274211844+0i,0.916445503224969+0i,6.11629414025089,NO
153,K23,15.9700808844221,5.51598188442211,52.7638190954774,-6.22287057848075+0i,0.38896560058912+0i,0.917923293469524+0i,6.22287057848075,NO
154,K23,16.0751472060301,5.62104820603015,53.7688442211055,-6.32940253693724+0i,0.388996729696631+0i,0.919357801210456+0i,6.32940253693724,NO
155,K23,16.1802135276382,5.72611452763819,54.7738693467337,-6.43589197801699+0i,0.389026726824861+0i,0.920750923553942+0i,6.43589197801699,NO
156,K23,16.2852798492462,5.83118084924623,55.7788944723618,-6.5423407489227+0i,0.389055652602813+0i,0.922104447073659+0i,6.5423407489227,NO
157,K23,16.3903461708543,5.93624717085427,56.7839195979899,-6.64875059009106+0i,0.389083563406541+0i,0.923420055830248+0i,6.64875059009106,NO
158,K23,16.4954124924623,6.04131349246231,57.7889447236181,-6.75512314288356+0i,0.38911051172569+0i,0.924699338695558+0i,6.75512314288356,NO
159,K23,16.6004788140703,6.14637981407035,58.7939698492462,-6.86145995661501+0i,0.389136546492504+0i,0.925943796052151+0i,6.86145995661501,NO
160,K23,16.7055451356784,6.25144613567839,59.7989949748744,-6.96776249498588+0i,0.389161713378304+0i,0.927154845929186+0i,6.96776249498588,NO
161,K23,16.8106114572864,6.35651245728643,60.8040201005025,-7.0740321419775+0i,0.389186055060462+0i,0.928333829630582+0i,7.0740321419775,NO
162,K23,16.9156777788945,6.46157877889447,61.8090452261306,-7.18027020726169+0i,0.389209611463828+0i,0.929482016903377+0i,7.18027020726169,NO
163,K23,17.0207441005025,6.56664510050251,62.8140703517588,-7.28647793117198+0i,0.389232419979038+0i,0.930600610690437+0i,7.28647793117198,NO
164,K23,17.1258104221106,6.67171142211055,63.8190954773869,-7.39265648927699+0i,0.389254515660489+0i,0.93169075150595+0i,7.39265648927699,NO
165,K23,17.2308767437186,6.77677774371859,64.8241206030151,-7.49880699659336+0i,0.389275931405816+0i,0.932753521468954+0i,7.49880699659336,NO
166,K23,17.3359430653266,6.88184406532663,65.8291457286432,-7.60493051147111+0i,0.389296698119387+0i,0.933789948025097+0i,7.60493051147111,NO
167,K23,17.4410093869347,6.98691038693467,66.8341708542713,-7.71102803918106+0i,0.389316844860894+0i,0.934801007385487+0i,7.71102803918106,NO
168,K23,17.5460757085427,7.09197670854271,67.8391959798995,-7.81710053523066+0i,0.389336398980979+0i,0.935787627706969+0i,7.81710053523066,NO
169,K23,17.6511420301508,7.19704303015075,68.8442211055276,-7.92314890843245+0i,0.389355386245036+0i,0.936750692036661+0i,7.92314890843245,NO
170,K23,17.7562083517588,7.30210935175879,69.8492462311558,-8.02917402374621+0i,0.389373830946416+0i,0.937691041040979+0i,8.02917402374621,NO
171,K23,17.8612746733668,7.40717567336683,70.8542713567839,-8.13517670491438+0i,0.389391756009999+0i,0.938609475537556+0i,8.13517670491438,NO
172,K23,17.9663409949749,7.51224199497487,71.859296482412,-8.24115773690841+0i,0.389409183087306+0i,0.939506758846218+0i,8.24115773690841,NO
173,K23,18.0714073165829,7.61730831658291,72.8643216080402,-8.34711786820117+0i,0.389426132643576+0i,0.940383618974669+0i,8.34711786820117,NO
174,K23,18.176473638191,7.72237463819095,73.8693467336683,-8.45305781288057+0i,0.389442624038006+0i,0.941240750651616+0i,8.45305781288057,NO
175,K23,18.281539959799,7.827440959799,74.8743718592965,-8.55897825261677+0i,0.389458675597374+0i,0.942078817220402+0i,8.55897825261677,NO
176,K23,18.386606281407,7.93250728140703,75.8793969849246,-8.66487983849472+0i,0.389474304684037+0i,0.94289845240365+0i,8.66487983849472,NO
177,K23,18.4916726030151,8.03757360301508,76.8844221105528,-8.77076319272321+0i,0.389489527758438+0i,0.943700261949697+0i,8.77076319272321,NO
178,K23,18.5967389246231,8.14263992462311,77.8894472361809,-8.87662891022951+0i,0.389504360437015+0i,0.944484825169383+0i,8.87662891022951,NO
179,K23,18.7018052462312,8.24770624623115,78.894472361809,-8.98247756014899+0i,0.389518817545523+0i,0.945252696372303+0i,8.98247756014899,NO
180,K23,18.8068715678392,8.3527725678392,79.8994974874372,-9.08830968721731+0i,0.389532913168522+0i,0.94600440620959+0i,9.08830968721731,NO
181,K23,18.9119378894472,8.45783888944723,80.9045226130653,-9.19412581307312+0i,0.389546660695033+0i,0.946740462930848+0i,9.19412581307312,NO
182,K23,19.0170042110553,8.56290521105528,81.9095477386935,-9.29992643747727+0i,0.38956007286103+0i,0.94746135356097+0i,9.29992643747727,NO
183,K23,19.1220705326633,8.66797153266332,82.9145728643216,-9.40571203945548+0i,0.3895731617887+0i,0.948167545003473+0i,9.40571203945548,NO
184,K23,19.2271368542714,8.77303785427135,83.9195979899497,-9.51148307836938+0i,0.38958593902303+0i,0.948859485074988+0i,9.51148307836938,NO
185,K23,19.3322031758794,8.8781041758794,84.9246231155779,-9.61723999492162+0i,0.38959841556571+0i,0.949537603476505+0i,9.61723999492162,NO
186,K23,19.4372694974874,8.98317049748744,85.929648241206,-9.72298321209956+0i,0.389610601906758+0i,0.950202312705349+0i,9.72298321209956,NO
187,K23,19.5423358190955,9.08823681909547,86.9346733668342,-9.82871313606187+0i,0.389622508053869+0i,0.950854008912517+0i,9.82871313606187,NO
188,K23,19.6474021407035,9.19330314070352,87.9396984924623,-9.93443015697218+0i,0.389634143559886+0i,0.951493072708767+0i,9.93443015697218,NO
189,K23,19.7524684623116,9.29836946231156,88.9447236180904,-10.0401346497833+0i,0.389645517548299+0i,0.952119869923426+0i,10.0401346497833,NO
190,K23,19.8575347839196,9.4034357839196,89.9497487437186,-10.1458269749755+0i,0.389656638737104+0i,0.952734752318822+0i,10.1458269749755,NO
191,K23,19.9626011055276,9.50850210552764,90.9547738693467,-10.2515074792522+0i,0.389667515461111+0i,0.953338058263434+0i,10.2515074792522,NO
192,K23,20.0676674271357,9.61356842713568,91.9597989949749,-10.3571764961951+0i,0.389678155692719+0i,0.953930113366735+0i,10.3571764961951,NO
193,K23,20.1727337487437,9.71863474874372,92.964824120603,-10.462834346883+0i,0.389688567061428+0i,0.95451123107789+0i,10.462834346883,NO
194,K23,20.2778000703518,9.82370107035176,93.9698492462311,-10.5684813404748+0i,0.389698756872092+0i,0.955081713250992+0i,10.5684813404748,NO
195,K23,20.3828663919598,9.9287673919598,94.9748743718593,-10.6741177747607+0i,0.389708732121976+0i,0.955641850678896+0i,10.6741177747607,NO
196,K23,20.4879327135678,10.0338337135678,95.9798994974874,-10.7797439366823+0i,0.389718499516776+0i,0.956191923597733+0i,10.7797439366823,NO
197,K23,20.5929990351759,10.1389000351759,96.9849246231156,-10.8853601028254+0i,0.389728065485675+0i,0.956732202163857+0i,10.8853601028254,NO
198,K23,20.6980653567839,10.2439663567839,97.9899497487437,-10.9909665398844+0i,0.389737436195423+0i,0.957262946905095+0i,10.9909665398844,NO
199,K23,20.803131678392,10.349032678392,98.9949748743718,-11.0965635051034+0i,0.389746617563585+0i,0.957784409147901+0i,11.0965635051034,NO
200,K23,20.908198,10.454099,100,-11.2021512466928+0i,0.389755615271049+0i,0.958296831421731+0i,11.2021512466928,NO
