alpha,K_lower_exact,K_upper_exact
-2.999,-0.0004999999999999449,0.0
-2.9914862155388473,-0.004256892230576348,0.0
-2.9839724310776945,-0.008013784461152751,0.0
-2.9764586466165412,-0.011770676691729376,0.0
-2.9689448621553884,-0.015527568922305779,0.0
-2.9614310776942356,-0.019284461152882182,0.0
-2.953917293233083,-0.023041353383458585,0.0
-2.94640350877193,-0.026798245614034988,0.0
-2.938889724310777,-0.03055513784461139,0.0
-2.931375939849624,-0.034312030075188016,0.0
-2.923862155388471,-0.03806892230576442,0.0
-2.9163483709273184,-0.04182581453634082,0.0
-2.9088345864661656,-0.045582706766917225,0.0
-2.9013208020050127,-0.04933959899749363,0.0
-2.89380701754386,-0.05309649122807003,0.0
-2.8862932330827067,-0.056853383458646656,0.0
-2.878779448621554,-0.06061027568922306,0.0
-2.871265664160401,-0.06436716791979946,0.0
-2.8637518796992483,-0.06812406015037586,0.0
-2.8562380952380955,-0.07188095238095227,0.0
-2.8487243107769427,-0.07563784461152867,0.0
-2.8412105263157894,-0.0793947368421053,0.0
-2.8336967418546366,-0.0831516290726817,0.0
-2.826182957393484,-0.0869085213032581,0.0
-2.818669172932331,-0.0906654135338345,0.0
-2.811155388471178,-0.09442230576441091,0.0
-2.803641604010025,-0.09817919799498753,0.0
-2.796127819548872,-0.10193609022556394,0.0
-2.7886140350877193,-0.10569298245614034,0.0
-2.7811002506265665,-0.10944987468671674,0.0
-2.7735864661654137,-0.11320676691729314,0.0
-2.766072681704261,-0.11696365914786955,0.0
-2.7585588972431077,-0.12072055137844617,0.0
-2.751045112781955,-0.12447744360902258,0.0
-2.743531328320802,-0.12823433583959898,0.0
-2.7360175438596492,-0.13199122807017538,0.0
-2.7285037593984964,-0.13574812030075178,0.0
-2.7209899749373436,-0.1395050125313282,0.0
-2.7134761904761904,-0.1432619047619048,0.0
-2.7059624060150376,-0.14701879699248122,0.0
-2.6984486215538848,-0.15077568922305762,0.0
-2.690934837092732,-0.15453258145363402,0.0
-2.683421052631579,-0.15828947368421042,0.0
-2.675907268170426,-0.16204636591478705,0.0
-2.668393483709273,-0.16580325814536345,0.0
-2.6608796992481203,-0.16956015037593986,0.0
-2.6533659147869675,-0.17331704260651626,0.0
-2.6458521303258147,-0.17707393483709266,0.0
-2.638338345864662,-0.18083082706766906,0.0
-2.630824561403509,-0.18458771929824547,0.0
-2.623310776942356,-0.1883446115288221,0.0
-2.615796992481203,-0.1921015037593985,0.0
-2.60828320802005,-0.1958583959899749,0.0
-2.6007694235588974,-0.1996152882205513,0.0
-2.5932556390977446,-0.2033721804511277,0.0
-2.5857418546365913,-0.20712907268170433,0.0
-2.5782280701754385,-0.21088596491228073,0.0
-2.5707142857142857,-0.21464285714285714,0.0
-2.563200501253133,-0.21839974937343354,0.0
-2.55568671679198,-0.22215664160400994,0.0
-2.5481729323308273,-0.22591353383458634,0.0
-2.540659147869674,-0.22967042606516297,0.0
-2.5331453634085213,-0.23342731829573937,0.0
-2.5256315789473684,-0.23718421052631578,0.0
-2.5181177944862156,-0.24094110275689218,0.0
-2.510604010025063,-0.24469799498746858,0.0
-2.50309022556391,-0.24845488721804498,0.0
-2.495576441102757,-0.2522117794486216,0.0
-2.488062656641604,-0.255968671679198,0.0
-2.480548872180451,-0.2597255639097744,0.0
-2.4730350877192984,-0.2634824561403508,0.0
-2.4655213032581456,-0.2672393483709272,0.0
-2.4580075187969923,-0.27099624060150385,0.0
-2.4504937343358395,-0.27475313283208025,0.0
-2.4429799498746867,-0.27851002506265665,0.0
-2.435466165413534,-0.28226691729323306,0.0
-2.427952380952381,-0.28602380952380946,0.0
-2.420438596491228,-0.2897807017543861,0.0
-2.4129248120300755,-0.29353759398496226,0.0
-2.405411027568922,-0.2972944862155389,0.0
-2.3978972431077694,-0.3010513784461153,0.0
-2.3903834586466166,-0.3048082706766917,0.0
-2.382869674185464,-0.3085651629072681,0.0
-2.375355889724311,-0.3123220551378445,0.0
-2.3678421052631577,-0.3160789473684211,0.0
-2.360328320802005,-0.31983583959899753,0.0
-2.352814536340852,-0.32359273182957393,0.0
-2.3453007518796993,-0.32734962406015033,0.0
-2.3377869674185465,-0.33110651629072674,0.0
-2.3302731829573933,-0.33486340852130336,0.0
-2.3227593984962405,-0.33862030075187977,0.0
-2.3152456140350877,-0.34237719298245617,0.0
-2.307731829573935,-0.34613408521303257,0.0
-2.300218045112782,-0.349890977443609,0.0
-2.2927042606516292,-0.3536478696741854,0.0
-2.2851904761904764,-0.3574047619047618,0.0
-2.277676691729323,-0.3611616541353384,0.0
-2.2701629072681704,-0.3649185463659148,0.0
-2.2626491228070176,-0.3686754385964912,0.0
-2.2551353383458648,-0.3724323308270676,0.0
-2.247621553884712,-0.376189223057644,0.0
-2.2401077694235587,-0.37994611528822064,0.0
-2.232593984962406,-0.38370300751879705,0.0
-2.225080200501253,-0.38745989974937345,0.0
-2.2175664160401003,-0.39121679197994985,0.0
-2.2100526315789475,-0.39497368421052625,0.0
-2.2025388471177942,-0.3987305764411029,0.0
-2.195025062656642,-0.40248746867167906,0.0
-2.1875112781954886,-0.4062443609022557,0.0
-2.179997493734336,-0.4100012531328321,0.0
-2.172483709273183,-0.4137581453634085,0.0
-2.16496992481203,-0.4175150375939849,0.0
-2.1574561403508774,-0.4212719298245613,0.0
-2.149942355889724,-0.4250288220551379,0.0
-2.1424285714285713,-0.4287857142857143,0.0
-2.1349147869674185,-0.43254260651629073,0.0
-2.1274010025062657,-0.43629949874686713,0.0
-2.119887218045113,-0.44005639097744353,0.0
-2.1123734335839597,-0.44381328320802016,0.0
-2.104859649122807,-0.44757017543859656,0.0
-2.097345864661654,-0.45132706766917297,0.0
-2.0898320802005013,-0.45508395989974937,0.0
-2.0823182957393485,-0.45884085213032577,0.0
-2.074804511278195,-0.4625977443609024,0.0
-2.067290726817043,-0.4663546365914786,0.0
-2.0597769423558896,-0.4701115288220552,0.0
-2.052263157894737,-0.4738684210526316,0.0
-2.044749373433584,-0.477625313283208,0.0
-2.037235588972431,-0.4813822055137844,0.0
-2.0297218045112784,-0.4851390977443608,0.0
-2.022208020050125,-0.48889598997493744,0.0
-2.0146942355889723,-0.49265288220551384,0.0
-2.0071804511278195,-0.49640977443609025,0.0
-1.9996666666666667,-0.5001666666666666,0.0
-1.9921528822055137,-0.5039235588972432,0.0
-1.9846390977443609,-0.5076804511278196,0.0
-1.977125313283208,-0.511437343358396,0.0
-1.969611528822055,-0.5151942355889725,0.0
-1.9620977443609022,-0.5189511278195489,0.0
-1.9545839598997494,-0.5227080200501253,0.0
-1.9470701754385964,-0.5264649122807018,0.0
-1.9395563909774436,-0.5302218045112782,0.0
-1.9320426065162908,-0.5339786967418546,0.0
-1.9245288220551378,-0.5377355889724311,0.0
-1.917015037593985,-0.5414924812030075,0.0
-1.9095012531328321,-0.5452493734335839,0.0
-1.9019874686716791,-0.5490062656641604,0.0
-1.8944736842105263,-0.5527631578947368,0.0
-1.8869598997493735,-0.5565200501253132,0.0
-1.8794461152882205,-0.5602769423558898,0.0
-1.8719323308270677,-0.5640338345864662,0.0
-1.8644185463659149,-0.5677907268170426,0.0
-1.8569047619047618,-0.5715476190476191,0.0
-1.849390977443609,-0.5753045112781955,0.0
-1.841877192982456,-0.579061403508772,0.0
-1.8343634085213032,-0.5828182957393484,0.0
-1.8268496240601504,-0.5865751879699248,0.0
-1.8193358395989974,-0.5903320802005013,0.0
-1.8118220551378446,-0.5940889724310777,0.0
-1.8043082706766918,-0.5978458646616541,0.0
-1.7967944862155387,-0.6016027568922306,0.0
-1.789280701754386,-0.605359649122807,0.0
-1.781766917293233,-0.6091165413533834,0.0
-1.77425313283208,-0.61287343358396,0.0
-1.7667393483709273,-0.6166303258145364,0.0
-1.7592255639097745,-0.6203872180451128,0.0
-1.7517117794486214,-0.6241441102756893,0.0
-1.7441979949874686,-0.6279010025062657,0.0
-1.7366842105263158,-0.6316578947368421,0.0
-1.7291704260651628,-0.6354147869674186,0.0
-1.72165664160401,-0.639171679197995,0.0
-1.7141428571428572,-0.6429285714285714,0.0
-1.7066290726817042,-0.6466854636591479,0.0
-1.6991152882205514,-0.6504423558897243,0.0
-1.6916015037593986,-0.6541992481203007,0.0
-1.6840877192982455,-0.6579561403508772,0.0
-1.6765739348370927,-0.6617130325814536,0.0
-1.6690601503759397,-0.6654699248120302,0.0
-1.6615463659147869,-0.6692268170426066,0.0
-1.654032581453634,-0.672983709273183,0.0
-1.646518796992481,-0.6767406015037595,0.0
-1.6390050125313282,-0.6804974937343359,0.0
-1.6314912280701754,-0.6842543859649123,0.0
-1.6239774436090224,-0.6880112781954888,0.0
-1.6164636591478696,-0.6917681704260652,0.0
-1.6089498746867168,-0.6955250626566416,0.0
-1.6014360902255638,-0.6992819548872181,0.0
-1.593922305764411,-0.7030388471177945,0.0
-1.5864085213032582,-0.7067957393483709,0.0
-1.5788947368421051,-0.7105526315789474,0.0
-1.5713809523809523,-0.7143095238095238,0.0
-1.5638671679197995,-0.7180664160401002,0.0
-1.5563533834586465,-0.7218233082706768,0.0
-1.5488395989974937,-0.7255802005012532,0.0
-1.5413258145363409,-0.7293370927318296,0.0
-1.5338120300751878,-0.7330939849624061,0.0
-1.526298245614035,-0.7368508771929825,0.0
-1.5187844611528822,-0.7406077694235589,0.0
-1.5112706766917292,-0.7443646616541354,0.0
-1.5037568922305764,-0.7481215538847118,0.0
-1.4962431077694234,-0.7518784461152883,0.0
-1.4887293233082706,-0.7556353383458647,0.0
-1.4812155388471178,-0.7593922305764411,0.0
-1.4737017543859647,-0.7631491228070176,0.0
-1.466187969924812,-0.766906015037594,0.0
-1.4586741854636591,-0.7706629072681704,0.0
-1.451160401002506,-0.774419799498747,0.0
-1.4436466165413533,-0.7781766917293234,0.0
-1.4361328320802005,-0.7819335839598998,0.0
-1.4286190476190475,-0.7856904761904763,0.0
-1.4211052631578946,-0.7894473684210527,0.0
-1.4135914786967418,-0.7932042606516291,0.0
-1.4060776942355888,-0.7969611528822056,0.0
-1.398563909774436,-0.800718045112782,0.0
-1.3910501253132832,-0.8044749373433584,0.0
-1.3835363408521302,-0.8082318295739349,0.0
-1.3760225563909774,-0.8119887218045113,0.0
-1.3685087719298246,-0.8157456140350877,0.0
-1.3609949874686715,-0.8195025062656642,0.0
-1.3534812030075187,-0.8232593984962406,0.0
-1.345967418546366,-0.827016290726817,0.0
-1.338453634085213,-0.8307731829573936,0.0
-1.33093984962406,-0.83453007518797,0.0
-1.323426065162907,-0.8382869674185465,0.0
-1.3159122807017543,-0.8420438596491229,0.0
-1.3083984962406014,-0.8458007518796993,0.0
-1.3008847117794484,-0.8495576441102758,0.0
-1.2933709273182956,-0.8533145363408522,0.0
-1.2858571428571428,-0.8570714285714286,0.0
-1.2783433583959898,-0.8608283208020051,0.0
-1.270829573934837,-0.8645852130325815,0.0
-1.2633157894736842,-0.8683421052631579,0.0
-1.2558020050125311,-0.8720989974937344,0.0
-1.2482882205513783,-0.8758558897243108,0.0
-1.2407744360902255,-0.8796127819548872,0.0
-1.2332606516290725,-0.8833696741854637,0.0
-1.2257468671679197,-0.8871265664160402,0.0
-1.218233082706767,-0.8908834586466166,0.0
-1.2107192982456139,-0.8946403508771931,0.0
-1.203205513784461,-0.8983972431077695,0.0
-1.1956917293233082,-0.9021541353383459,0.0
-1.1881779448621552,-0.9059110275689224,0.0
-1.1806641604010024,-0.9096679197994988,0.0
-1.1731503759398496,-0.9134248120300752,0.0
-1.1656365914786966,-0.9171817042606517,0.0
-1.1581228070175438,-0.9209385964912281,0.0
-1.1506090225563907,-0.9246954887218046,0.0
-1.143095238095238,-0.928452380952381,0.0
-1.1355814536340851,-0.9322092731829574,0.0
-1.128067669172932,-0.935966165413534,0.0
-1.1205538847117793,-0.9397230576441103,0.0
-1.1130401002506265,-0.9434799498746868,0.0
-1.1055263157894735,-0.9472368421052633,0.0
-1.0980125313283207,-0.9509937343358397,0.0
-1.0904987468671679,-0.9547506265664161,0.0
-1.0829849624060148,-0.9585075187969926,0.0
-1.075471177944862,-0.962264411027569,0.0
-1.0679573934837092,-0.9660213032581454,0.0
-1.0604436090225562,-0.9697781954887219,0.0
-1.0529298245614034,-0.9735350877192983,0.0
-1.0454160401002506,-0.9772919799498747,0.0
-1.0379022556390975,-0.9810488721804512,0.0
-1.0303884711779447,-0.9848057644110276,0.0
-1.022874686716792,-0.988562656641604,0.0
-1.015360902255639,-0.9923195488721805,0.0
-1.007847117794486,-0.996076441102757,0.0
-1.0003333333333333,-0.9998333333333334,0.0
-0.9928195488721805,-1.0035902255639098,0.0
-0.9853057644110272,-1.0073471177944864,0.0
-0.9777919799498744,-1.0111040100250628,0.0
-0.9702781954887216,-1.0148609022556392,0.0
-0.9627644110275688,-1.0186177944862156,0.0
-0.955250626566416,-1.022374686716792,0.0
-0.9477368421052632,-1.0261315789473684,0.0
-0.94022305764411,-1.029888471177945,0.0
-0.9327092731829572,-1.0336453634085214,0.0
-0.9251954887218043,-1.0374022556390978,0.0
-0.9176817042606515,-1.0411591478696742,0.0
-0.9101679197994987,-1.0449160401002506,0.0
-0.9026541353383459,-1.048672932330827,0.0
-0.8951403508771927,-1.0524298245614037,0.0
-0.8876265664160399,-1.05618671679198,0.0
-0.8801127819548871,-1.0599436090225565,0.0
-0.8725989974937343,-1.0637005012531329,0.0
-0.8650852130325815,-1.0674573934837093,0.0
-0.8575714285714282,-1.071214285714286,0.0
-0.8500576441102754,-1.0749711779448623,0.0
-0.8425438596491226,-1.0787280701754387,0.0
-0.8350300751879698,-1.082484962406015,0.0
-0.827516290726817,-1.0862418546365915,0.0
-0.8200025062656642,-1.089998746867168,0.0
-0.8124887218045109,-1.0937556390977445,0.0
-0.8049749373433581,-1.097512531328321,0.0
-0.7974611528822053,-1.1012694235588973,0.0
-0.7899473684210525,-1.1050263157894737,0.0
-0.7824335839598997,-1.1087832080200501,0.0
-0.7749197994987469,-1.1125401002506266,0.0
-0.7674060150375936,-1.1162969924812032,0.0
-0.7598922305764408,-1.1200538847117796,0.0
-0.752378446115288,-1.123810776942356,0.0
-0.7448646616541352,-1.1275676691729324,0.0
-0.7373508771929824,-1.1313245614035088,0.0
-0.7298370927318296,-1.1350814536340852,0.0
-0.7223233082706764,-1.1388383458646618,0.0
-0.7148095238095236,-1.1425952380952382,0.0
-0.7072957393483708,-1.1463521303258146,0.0
-0.699781954887218,-1.150109022556391,0.0
-0.6922681704260651,-1.1538659147869674,0.0
-0.6847543859649119,-1.157622807017544,0.0
-0.6772406015037591,-1.1613796992481205,0.0
-0.6697268170426063,-1.1651365914786969,0.0
-0.6622130325814535,-1.1688934837092733,0.0
-0.6546992481203007,-1.1726503759398497,0.0
-0.6471854636591479,-1.176407268170426,0.0
-0.6396716791979946,-1.1801641604010027,0.0
-0.6321578947368418,-1.183921052631579,0.0
-0.624644110275689,-1.1876779448621555,0.0
-0.6171303258145362,-1.191434837092732,0.0
-0.6096165413533834,-1.1951917293233083,0.0
-0.6021027568922306,-1.1989486215538847,0.0
-0.5945889724310773,-1.2027055137844613,0.0
-0.5870751879699245,-1.2064624060150377,0.0
-0.5795614035087717,-1.2102192982456141,0.0
-0.5720476190476189,-1.2139761904761905,0.0
-0.5645338345864661,-1.217733082706767,0.0
-0.5570200501253133,-1.2214899749373433,0.0
-0.54950626566416,-1.22524686716792,0.0
-0.5419924812030072,-1.2290037593984964,0.0
-0.5344786967418544,-1.2327606516290728,0.0
-0.5269649122807016,-1.2365175438596492,0.0
-0.5194511278195488,-1.2402744360902256,0.0
-0.5119373433583956,-1.2440313283208022,0.0
-0.5044235588972428,-1.2477882205513786,0.0
-0.49690977443608997,-1.251545112781955,0.0
-0.48939598997493716,-1.2553020050125314,0.0
-0.48188220551378436,-1.2590588972431078,0.0
-0.47436842105263155,-1.2628157894736842,0.0
-0.4668546365914783,-1.2665726817042608,0.0
-0.4593408521303255,-1.2703295739348373,0.0
-0.4518270676691727,-1.2740864661654137,0.0
-0.4443132832080199,-1.27784335839599,0.0
-0.4367994987468671,-1.2816002506265665,0.0
-0.42928571428571427,-1.2853571428571429,0.0
-0.421771929824561,-1.2891140350877195,0.0
-0.4142581453634082,-1.292870927318296,0.0
-0.4067443609022554,-1.2966278195488723,0.0
-0.3992305764411026,-1.3003847117794487,0.0
-0.3917167919799498,-1.304141604010025,0.0
-0.384203007518797,-1.3078984962406015,0.0
-0.37668922305764374,-1.3116553884711781,0.0
-0.36917543859649093,-1.3154122807017545,0.0
-0.36166165413533813,-1.319169172932331,0.0
-0.3541478696741853,-1.3229260651629073,0.0
-0.3466340852130325,-1.3266829573934837,0.0
-0.33912030075187927,-1.3304398496240604,0.0
-0.33160651629072646,-1.3341967418546368,0.0
-0.32409273182957365,-1.3379536340852132,0.0
-0.31657894736842085,-1.3417105263157896,0.0
-0.30906516290726804,-1.345467418546366,0.0
-0.30155137844611524,-1.3492243107769424,0.0
-0.294037593984962,-1.352981203007519,0.0
-0.2865238095238092,-1.3567380952380954,0.0
-0.2790100250626564,-1.3604949874686718,0.0
-0.27149624060150357,-1.3642518796992482,0.0
-0.26398245614035076,-1.3680087719298246,0.0
-0.25646867167919796,-1.371765664160401,0.0
-0.2489548872180447,-1.3755225563909776,0.0
-0.2414411027568919,-1.379279448621554,0.0
-0.2339273182957391,-1.3830363408521305,0.0
-0.2264135338345863,-1.3867932330827069,0.0
-0.21889974937343348,-1.3905501253132833,0.0
-0.21138596491228068,-1.3943070175438597,0.0
-0.20387218045112743,-1.3980639097744363,0.0
-0.19635839598997462,-1.4018208020050127,0.0
-0.18884461152882182,-1.405577694235589,0.0
-0.181330827067669,-1.4093345864661655,0.0
-0.1738170426065162,-1.413091478696742,0.0
-0.16630325814536295,-1.4168483709273185,0.0
-0.15878947368421015,-1.420605263157895,0.0
-0.15127568922305734,-1.4243621553884713,0.0
-0.14376190476190454,-1.4281190476190477,0.0
-0.13624812030075173,-1.4318759398496241,0.0
-0.12873433583959892,-1.4356328320802005,0.0
-0.12122055137844567,-1.4393897243107772,0.0
-0.11370676691729287,-1.4431466165413536,0.0
-0.10619298245614006,-1.44690350877193,0.0
-0.09867919799498726,-1.4506604010025064,0.0
-0.09116541353383445,-1.4544172932330828,0.0
-0.08365162907268164,-1.4581741854636592,0.0
-0.0761378446115284,-1.4619310776942358,0.0
-0.06862406015037559,-1.4656879699248122,0.0
-0.06111027568922278,-1.4694448621553886,0.0
-0.053596491228069976,-1.473201754385965,0.0
-0.04608270676691717,-1.4769586466165414,0.0
-0.038568922305764364,-1.4807155388471178,0.0
-0.031055137844611114,-1.4844724310776944,0.0
-0.023541353383458308,-1.4882293233082708,0.0
-0.016027568922305502,-1.4919862155388472,0.0
-0.008513784461152696,-1.4957431077694237,0.0
-0.001,-1.4995,0.0
