K,f_percent,pole_re,pole_im,dzdf_analytical_re,dzdf_analytical_im,dzdf_finitediff_re,dzdf_finitediff_im,relative_error
0.05,-25,0.9645769921346975,0.0,0.000379099829981583,-0.0,0.0003790998315267302,0.0,4.075831958393969e-09
0.05,-25,-0.3822884960673494,0.6991772887496038,-0.005189549914990784,0.00810486955213286,-0.005189549916462255,0.008104869553271499,1.9332727442891983e-10
0.05,-25,-0.3822884960673494,-0.6991772887496038,-0.005189549914990784,-0.00810486955213286,-0.005189549916462255,-0.008104869553271499,1.9332727442891983e-10
0.05,-15,0.9681177213343144,0.0,0.00033027103773135676,-0.0,0.000330271035520191,0.0,6.695003539315434e-09
0.05,-15,-0.43405886066715715,0.7807259799087275,-0.005165135518865679,0.008199859650493923,-0.005165135516516095,0.008199859648505559,3.1761376269314653e-10
0.05,-15,-0.43405886066715715,-0.7807259799087275,-0.005165135518865679,-0.008199859650493923,-0.005165135516516095,-0.008199859648505559,3.1761376269314653e-10
0.05,-10,0.9697139581793017,0.0,0.0003085020069704242,-0.0,0.00030850199117526955,0.0,5.119951983984897e-08
0.05,-10,-0.4598569790896505,0.8218217699485345,-0.005154251003485215,0.008237549666637868,-0.005154251003502974,0.008237549665168764,1.5119737928048834e-10
0.05,-10,-0.4598569790896505,-0.8218217699485345,-0.005154251003485215,-0.008237549666637868,-0.005154251003502974,-0.008237549665168764,1.5119737928048834e-10
0.05,-5,-0.48560271481750905,0.8630932683750957,-0.005144172975807926,0.008270306583311609,-0.00514417297814429,0.0082703065867884,4.3008551041556206e-10
0.05,-5,-0.48560271481750905,-0.8630932683750957,-0.005144172975807926,-0.008270306583311609,-0.00514417297814429,-0.0082703065867884,4.3008551041556206e-10
0.05,-5,0.9712054296350175,0.0,0.000288345951615856,-0.0,0.00028834595100502014,0.0,2.1184132063516227e-09
0.05,-2,-0.5010266429679546,0.8879310177672236,-0.0051384897975693,0.0082879633763693,-0.005138489792000378,0.008287963373376783,6.483043669137464e-10
0.05,-2,-0.5010266429679546,-0.8879310177672236,-0.0051384897975693,-0.0082879633763693,-0.005138489792000378,-0.008287963373376783,6.483043669137464e-10
0.05,-2,0.9720532859359078,0.0,0.00027697959513861504,-0.0,0.0002769795931500951,0.0,7.179301118950198e-09
0.1,-25,0.9318033282025541,0.0,0.0007186317201375783,-0.0,0.0007186317180218893,0.0,2.9440518232021566e-09
0.1,-25,-0.3909016641012767,0.7471163445018624,-0.005359315860068792,0.007602266024872331,-0.00535931585998739,0.007602266023365445,1.6224191542867247e-10
0.1,-25,-0.3909016641012767,-0.7471163445018624,-0.005359315860068792,-0.007602266024872331,-0.00535931585998739,-0.007602266023365445,1.6224191542867247e-10
0.1,-15,0.9385149441551345,0.0,0.0006261067810721544,-0.0,0.0006261067808654985,0.0,3.3006490141467645e-10
0.1,-15,-0.4442574720775673,0.8240266086104303,-0.005313053390536076,0.007771798734058725,-0.0053130533883560815,0.0077717987329029015,2.620952940380116e-10
0.1,-15,-0.4442574720775673,-0.8240266086104303,-0.005313053390536076,-0.007771798734058725,-0.0053130533883560815,-0.0077717987329029015,2.620952940380116e-10
0.1,-10,-0.4707707075087405,0.8630615141140521,-0.005292510659498982,0.00784065767880829,-0.005292510659726801,0.007840657674784701,4.2601968991469727e-10
0.1,-10,-0.4707707075087405,-0.8630615141140521,-0.005292510659498982,-0.00784065767880829,-0.005292510659726801,-0.007840657674784701,4.2601968991469727e-10
0.1,-10,0.9415414150174809,0.0,0.0005850213189979625,-0.0,0.0005850213202762689,0.0,2.1850594223027796e-09
0.1,-5,-0.4971851741510309,0.9024194007066055,-0.005273525401114977,0.007901235188073964,-0.005273525399140944,0.007901235185570066,3.356473593520666e-10
0.1,-5,-0.4971851741510309,-0.9024194007066055,-0.005273525401114977,-0.007901235188073964,-0.005273525399140944,-0.007901235185570066,3.356473593520666e-10
0.1,-5,0.9443703483020626,0.0,0.0005470508022299479,-0.0,0.0005470508007698882,0.0,2.6689655051116854e-09
0.1,-2,-0.5129895836096177,0.926173096833615,-0.005262831717862554,0.007934166092989357,-0.005262831718755301,0.00793416609357056,1.118867193873267e-10
0.1,-2,-0.5129895836096177,-0.926173096833615,-0.005262831717862554,-0.007934166092989357,-0.005262831718755301,-0.00793416609357056,1.118867193873267e-10
0.1,-2,0.9459791672192355,0.0,0.0005256634357251033,-0.0,0.0005256634372230451,0.0,2.849621340955129e-09
0.15,-25,0.9016151942910217,0.0,0.0010158723493667878,-0.0,0.0010158723495745647,0.0,2.0453055755036772e-10
0.15,-25,-0.40080759714551095,0.7934744540423322,-0.0055079361746833925,0.0071402243731567335,-0.005507936174653505,0.007140224367319092,6.473571658579739e-10
0.15,-25,-0.40080759714551095,-0.7934744540423322,-0.0055079361746833925,-0.0071402243731567335,-0.005507936174653505,-0.007140224367319092,6.473571658579739e-10
0.15,-15,-0.45555529355960667,0.8660784470650097,-0.005443299912112286,0.007370717230318796,-0.005443299911367383,0.007370717227117574,3.587053350820029e-10
0.15,-15,-0.45555529355960667,-0.8660784470650097,-0.005443299912112286,-0.007370717230318796,-0.005443299911367383,-0.007370717227117574,3.587053350820029e-10
0.15,-15,0.9111105871192134,0.0,0.0008865998242245688,-0.0,0.0008865998252227669,0.0,1.125872274209822e-09
0.15,-10,-0.4826991260734045,0.9031751913824609,-0.0054146103393749555,0.007466061206252358,-0.005414610340648274,0.007466061207606067,2.0150696750093458e-10
0.15,-10,-0.4826991260734045,-0.9031751913824609,-0.0054146103393749555,-0.007466061206252358,-0.005414610340648274,-0.007466061207606067,2.0150696750093458e-10
0.15,-10,0.91539825214681,0.0,0.0008292206787498996,-0.0,0.0008292206798987678,0.0,1.3854794602722656e-09
0.15,-5,-0.5097050200933148,0.9407213288250227,-0.005388094979928251,0.00755075627972956,-0.005388094976299662,0.007550756278562609,4.109086739121372e-10
0.15,-5,-0.5097050200933148,-0.9407213288250227,-0.005388094979928251,-0.00755075627972956,-0.005388094976299662,-0.007550756278562609,4.109086739121372e-10
0.15,-5,0.9194100401866293,0.0,0.0007761899598565012,-0.0,0.0007761899584179943,0.0,1.8532922868192107e-09
0.15,-2,-0.5258467229610178,0.9634439164666826,-0.005373157375971873,0.007597114664112869,-0.005373157380139659,0.007597114669577465,7.385723188447815e-10
0.15,-2,-0.5258467229610178,-0.9634439164666826,-0.005373157375971873,-0.007597114664112869,-0.005373157380139659,-0.007597114669577465,7.385723188447815e-10
0.15,-2,0.9216934459220361,0.0,0.0007463147519437398,-0.0,0.0007463147527753122,0.0,1.1142382472667226e-09
0.2,-25,-0.4119535699118462,0.838339184507397,-0.005635188745238173,0.006711522262475815,-0.005635188747299402,0.006711522266278358,4.935525513938813e-10
0.2,-25,-0.4119535699118462,-0.838339184507397,-0.005635188745238173,-0.006711522262475815,-0.005635188747299402,-0.006711522266278358,4.935525513938813e-10
0.2,-25,0.8739071398236932,0.0,0.0012703774904763365,-0.0,0.0012703774932010248,0.0,2.1447863599120235e-09
0.2,-15,-0.4678999723706705,0.9069184942409956,-0.005556116728131984,0.006993258017015234,-0.005556116728644422,0.0069932580182285875,1.474655907777993e-10
0.2,-15,-0.4678999723706705,-0.9069184942409956,-0.005556116728131984,-0.006993258017015234,-0.005556116728644422,-0.0069932580182285875,1.474655907777993e-10
0.2,-15,0.8857999447413423,0.0,0.0011122334562639568,-0.0,0.0011122334547808421,0.0,1.3334562281140659e-09
0.2,-10,-0.49559143504827236,0.9421859288218869,-0.005520920781339798,0.007111501588861037,-0.005520920783319561,0.00711150159482532,6.98020215356428e-10
0.2,-10,-0.49559143504827236,-0.9421859288218869,-0.005520920781339798,-0.007111501588861037,-0.005520920783319561,-0.00711150159482532,6.98020215356428e-10
0.2,-10,0.8911828700965435,0.0,0.0010418415626796097,-0.0,0.001041841563576007,0.0,8.603969689818678e-10
0.2,-5,-0.5231135311260029,0.9780129038021667,-0.005488335723798854,0.0072173714111262825,-0.005488335726444582,0.007217371413292817,3.7714515985436496e-10
0.2,-5,-0.5231135311260029,-0.9780129038021667,-0.005488335723798854,-0.0072173714111262825,-0.005488335726444582,-0.007217371413292817,3.7714515985436496e-10
0.2,-5,0.8962270622520062,0.0,0.0009766714475977017,-0.0,0.0009766714481607153,0.0,5.764616266927373e-10
0.2,-2,-0.5395507539252364,0.9997533579692475,-0.0054699538694591866,0.007275648447562045,-0.005469953872072608,0.0072756484514879816,5.181263309825897e-10
0.2,-2,-0.5395507539252364,-0.9997533579692475,-0.0054699538694591866,-0.007275648447562045,-0.005469953872072608,-0.0072756484514879816,5.181263309825897e-10
0.2,-2,0.899101507850472,0.0,0.0009399077389183872,-0.0,0.0009399077399718792,0.0,1.1208461059398654e-09
