case,K,f_percent,k,y,e
"f=-30%, K=0.06 (deep in stable window)",0.06,-30,0,0.0,1.0
"f=-30%, K=0.06 (deep in stable window)",0.06,-30,1,0.06,0.94
"f=-30%, K=0.06 (deep in stable window)",0.06,-30,2,0.1764,0.8236
"f=-30%, K=0.06 (deep in stable window)",0.06,-30,3,0.150816,0.8491839999999999
"f=-30%, K=0.06 (deep in stable window)",0.06,-30,4,0.19024704,0.80975296
"f=-30%, K=0.06 (deep in stable window)",0.06,-30,5,0.2609674176,0.7390325824
"f=-30%, K=0.06 (deep in stable window)",0.06,-30,6,0.268127660544,0.731872339456
"f=-30%, K=0.06 (deep in stable window)",0.06,-30,7,0.29917099163135996,0.70082900836864
"f=-30%, K=0.06 (deep in stable window)",0.06,-30,8,0.34629090501027837,0.6537090949897216
"f=-30%, K=0.06 (deep in stable window)",0.06,-30,9,0.36489049759785375,0.6351095024021463
"f=-30%, K=0.06 (deep in stable window)",0.06,-30,10,0.39151718256184287,0.6084828174381571
"f=-30%, K=0.06 (deep in stable window)",0.06,-30,11,0.4258322953110636,0.5741677046889364
"f=-30%, K=0.06 (deep in stable window)",0.06,-30,12,0.44717338027015385,0.5528266197298461
"f=-30%, K=0.06 (deep in stable window)",0.06,-30,13,0.4706459495674454,0.5293540504325547
"f=-30%, K=0.06 (deep in stable window)",0.06,-30,14,0.49745751538644845,0.5025424846135516
"f=-30%, K=0.06 (deep in stable window)",0.06,-30,15,0.5181649253946163,0.48183507460538366
"f=-30%, K=0.06 (deep in stable window)",0.06,-30,16,0.5389402660185393,0.4610597339814607
"f=-30%, K=0.06 (deep in stable window)",0.06,-30,17,0.5609091092496146,0.43909089075038543
"f=-30%, K=0.06 (deep in stable window)",0.06,-30,18,0.5798144439169487,0.4201855560830513
"f=-30%, K=0.06 (deep in stable window)",0.06,-30,19,0.5981507966492227,0.40184920335077734
"f=-30%, K=0.06 (deep in stable window)",0.06,-30,20,0.616676161226132,0.383323838773868
"f=-30%, K=0.06 (deep in stable window)",0.06,-30,21,0.6335005088867095,0.3664994911132905
"f=-30%, K=0.06 (deep in stable window)",0.06,-30,22,0.649624085702305,0.350375914297695
"f=-30%, K=0.06 (deep in stable window)",0.06,-30,23,0.6654997242026903,0.3345002757973097
"f=-30%, K=0.06 (deep in stable window)",0.06,-30,24,0.6803046149521849,0.31969538504781514
"f=-30%, K=0.06 (deep in stable window)",0.06,-30,25,0.6944403249386827,0.3055596750613173
"f=-30%, K=0.06 (deep in stable window)",0.06,-30,26,0.7081634247115995,0.29183657528840046
"f=-30%, K=0.06 (deep in stable window)",0.06,-30,27,0.7211263152478633,0.2788736847521367
"f=-30%, K=0.06 (deep in stable window)",0.06,-30,28,0.7334941442446155,0.26650585575538455
"f=-30%, K=0.06 (deep in stable window)",0.06,-30,29,0.7454101202568567,0.2545898797431433
"f=-30%, K=0.06 (deep in stable window)",0.06,-30,30,0.756735269826389,0.24326473017361105
"f=-30%, K=0.06 (deep in stable window)",0.06,-30,31,0.7675425370806124,0.23245746291938763
"f=-30%, K=0.06 (deep in stable window)",0.06,-30,32,0.7779131841818682,0.22208681581813183
"f=-30%, K=0.06 (deep in stable window)",0.06,-30,33,0.7877981566128684,0.21220184338713155
"f=-30%, K=0.06 (deep in stable window)",0.06,-30,34,0.797234576873067,0.20276542312693302
"f=-30%, K=0.06 (deep in stable window)",0.06,-30,35,0.8062707506637534,0.19372924933624658
"f=-30%, K=0.06 (deep in stable window)",0.06,-30,36,0.8148953005986698,0.18510469940133023
"f=-30%, K=0.06 (deep in stable window)",0.06,-30,37,0.823131130495553,0.17686886950444702
"f=-30%, K=0.06 (deep in stable window)",0.06,-30,38,0.8310090766486534,0.16899092335134658
"f=-30%, K=0.06 (deep in stable window)",0.06,-30,39,0.838532755818465,0.16146724418153502
"f=-30%, K=0.06 (deep in stable window)",0.06,-30,40,0.8457189634470403,0.15428103655295966
"f=-30%, K=0.06 (deep in stable window)",0.06,-30,41,0.8525890810124432,0.14741091898755676
"f=-30%, K=0.06 (deep in stable window)",0.06,-30,42,0.8591520431954225,0.1408479568045775
"f=-30%, K=0.06 (deep in stable window)",0.06,-30,43,0.8654215410121174,0.13457845898788257
"f=-30%, K=0.06 (deep in stable window)",0.06,-30,44,0.8714135850648577,0.12858641493514233
"f=-30%, K=0.06 (deep in stable window)",0.06,-30,45,0.877138410602357,0.12286158939764302
"f=-30%, K=0.06 (deep in stable window)",0.06,-30,46,0.8826077332882349,0.11739226671176506
"f=-30%, K=0.06 (deep in stable window)",0.06,-30,47,0.8878342761199026,0.11216572388009738
"f=-30%, K=0.06 (deep in stable window)",0.06,-30,48,0.8928279872952024,0.10717201270479759
"f=-30%, K=0.06 (deep in stable window)",0.06,-30,49,0.8975990720803273,0.1024009279196727
"f=-30%, K=0.28 (near $K_{max}$, ringing)",0.28,-30,0,0.0,1.0
"f=-30%, K=0.28 (near $K_{max}$, ringing)",0.28,-30,1,0.28,0.72
"f=-30%, K=0.28 (near $K_{max}$, ringing)",0.28,-30,2,0.7616,0.23839999999999995
"f=-30%, K=0.28 (near $K_{max}$, ringing)",0.28,-30,3,0.416752,0.583248
"f=-30%, K=0.28 (near $K_{max}$, ringing)",0.28,-30,4,0.49734944000000003,0.50265056
"f=-30%, K=0.28 (near $K_{max}$, ringing)",0.28,-30,5,0.9615229568000001,0.038477043199999894
"f=-30%, K=0.28 (near $K_{max}$, ringing)",0.28,-30,6,0.683834548096,0.316165451904
"f=-30%, K=0.28 (near $K_{max}$, ringing)",0.28,-30,7,0.6168706532531201,0.38312934674687993
"f=-30%, K=0.28 (near $K_{max}$, ringing)",0.28,-30,8,1.0468101000075265,-0.0468101000075265
"f=-30%, K=0.28 (near $K_{max}$, ringing)",0.28,-30,9,0.8594012102687406,0.1405987897312594
"f=-30%, K=0.28 (near $K_{max}$, ringing)",0.28,-30,10,0.6897269406082753,0.31027305939172467
"f=-30%, K=0.28 (near $K_{max}$, ringing)",0.28,-30,11,1.067237593886476,-0.06723759388647599
"f=-30%, K=0.28 (near $K_{max}$, ringing)",0.28,-30,12,0.9756163175828587,0.024383682417141284
"f=-30%, K=0.28 (near $K_{max}$, ringing)",0.28,-30,13,0.7427168706462266,0.2572831293537734
"f=-30%, K=0.28 (near $K_{max}$, ringing)",0.28,-30,14,1.0531133442284708,-0.053113344228470805
"f=-30%, K=0.28 (near $K_{max}$, ringing)",0.28,-30,15,1.0507241438314745,-0.0507241438314745
"f=-30%, K=0.28 (near $K_{max}$, ringing)",0.28,-30,16,0.7887783237094508,0.21122167629054922
"f=-30%, K=0.28 (near $K_{max}$, ringing)",0.28,-30,17,1.0231802192709394,-0.023180219270939384
"f=-30%, K=0.28 (near $K_{max}$, ringing)",0.28,-30,18,1.0957061610289403,-0.09570616102894025
"f=-30%, K=0.28 (near $K_{max}$, ringing)",0.28,-30,19,0.8331074941507861,0.1668925058492139
"f=-30%, K=0.28 (near $K_{max}$, ringing)",0.28,-30,20,0.9890530798879409,0.01094692011205911
"f=-30%, K=0.28 (near $K_{max}$, ringing)",0.28,-30,21,1.1178682121459338,-0.11786821214593379
"f=-30%, K=0.28 (near $K_{max}$, ringing)",0.28,-30,22,0.8767620154888318,0.12323798451116819
"f=-30%, K=0.28 (near $K_{max}$, ringing)",0.28,-30,23,0.9577531673926728,0.0422468326073272
"f=-30%, K=0.28 (near $K_{max}$, ringing)",0.28,-30,24,1.1226948905801932,-0.12269489058019323
"f=-30%, K=0.28 (near $K_{max}$, ringing)",0.28,-30,25,0.9187983072115534,0.08120169278844658
"f=-30%, K=0.28 (near $K_{max}$, ringing)",0.28,-30,26,0.9332090641422579,0.0667909358577421
"f=-30%, K=0.28 (near $K_{max}$, ringing)",0.28,-30,27,1.1147388973113208,-0.11473889731132081
"f=-30%, K=0.28 (near $K_{max}$, ringing)",0.28,-30,28,0.957535863437282,0.04246413656271797
"f=-30%, K=0.28 (near $K_{max}$, ringing)",0.28,-30,29,0.9172011499734729,0.0827988500265271
"f=-30%, K=0.28 (near $K_{max}$, ringing)",0.28,-30,30,1.0979884342548696,-0.09798843425486958
"f=-30%, K=0.28 (near $K_{max}$, ringing)",0.28,-30,31,0.9912868776388608,0.008713122361139192
"f=-30%, K=0.28 (near $K_{max}$, ringing)",0.28,-30,32,0.9100056995205561,0.0899943004794439
"f=-30%, K=0.28 (near $K_{max}$, ringing)",0.28,-30,33,1.0759688989147236,-0.07596889891472358
"f=-30%, K=0.28 (near $K_{max}$, ringing)",0.28,-30,34,1.0187487576877494,-0.018748757687749418
"f=-30%, K=0.28 (near $K_{max}$, ringing)",0.28,-30,35,0.9108716366732668,0.08912836332673324
"f=-30%, K=0.28 (near $K_{max}$, ringing)",0.28,-30,36,1.0517263153528613,-0.05172631535286132
"f=-30%, K=0.28 (near $K_{max}$, ringing)",0.28,-30,37,1.0391792143715355,-0.03917921437153549
"f=-30%, K=0.28 (near $K_{max}$, ringing)",0.28,-30,38,0.918395544641985,0.08160445535801497
"f=-30%, K=0.28 (near $K_{max}$, ringing)",0.28,-30,39,1.0277755026917146,-0.027775502691714582
"f=-30%, K=0.28 (near $K_{max}$, ringing)",0.28,-30,40,1.0524302902451486,-0.05243029024514856
"f=-30%, K=0.28 (near $K_{max}$, ringing)",0.28,-30,41,0.9308248914632353,0.06917510853676467
"f=-30%, K=0.28 (near $K_{max}$, ringing)",0.28,-30,42,1.0060571776966754,-0.006057177696675353
"f=-30%, K=0.28 (near $K_{max}$, ringing)",0.28,-30,43,1.0588930459134773,-0.05889304591347733
"f=-30%, K=0.28 (near $K_{max}$, ringing)",0.28,-30,44,0.9463018180776452,0.05369818192235476
"f=-30%, K=0.28 (near $K_{max}$, ringing)",0.28,-30,45,0.987924512975008,0.012075487024991949
"f=-30%, K=0.28 (near $K_{max}$, ringing)",0.28,-30,46,1.059389852004224,-0.059389852004223975
"f=-30%, K=0.28 (near $K_{max}$, ringing)",0.28,-30,47,0.9630522765085192,0.03694772349148079
"f=-30%, K=0.28 (near $K_{max}$, ringing)",0.28,-30,48,0.974165219887803,0.025834780112196976
"f=-30%, K=0.28 (near $K_{max}$, ringing)",0.28,-30,49,1.0550415848897425,-0.055041584889742534
"f=-10%, K=0.03 (deep in stable window)",0.03,-10,0,0.0,1.0
"f=-10%, K=0.03 (deep in stable window)",0.03,-10,1,0.03,0.97
"f=-10%, K=0.03 (deep in stable window)",0.03,-10,2,0.0831,0.9169
"f=-10%, K=0.03 (deep in stable window)",0.03,-10,3,0.05798699999999998,0.942013
"f=-10%, K=0.03 (deep in stable window)",0.03,-10,4,0.08349999,0.91650001
"f=-10%, K=0.03 (deep in stable window)",0.03,-10,5,0.1289104923,0.8710895077
"f=-10%, K=0.03 (deep in stable window)",0.03,-10,6,0.11198931407099999,0.888010685929
"f=-10%, K=0.03 (deep in stable window)",0.03,-10,7,0.13400675278467,0.86599324721533
"f=-10%, K=0.03 (deep in stable window)",0.03,-10,8,0.1730328694756959,0.826967130524304
"f=-10%, K=0.03 (deep in stable window)",0.03,-10,9,0.16240958804154082,0.8375904119584592
"f=-10%, K=0.03 (deep in stable window)",0.03,-10,10,0.1816826254115828,0.8183173745884171
"f=-10%, K=0.03 (deep in stable window)",0.03,-10,11,0.21539936807201543,0.7846006319279846
"f=-10%, K=0.03 (deep in stable window)",0.03,-10,12,0.20958763211098708,0.7904123678890129
"f=-10%, K=0.03 (deep in stable window)",0.03,-10,13,0.22668511494830726,0.7733148850516928
"f=-10%, K=0.03 (deep in stable window)",0.03,-10,14,0.255977344879203,0.744022655120797
"f=-10%, K=0.03 (deep in stable window)",0.03,-10,15,0.2538127445977573,0.7461872554022426
"f=-10%, K=0.03 (deep in stable window)",0.03,-10,16,0.26916550512871,0.7308344948712899
"f=-10%, K=0.03 (deep in stable window)",0.03,-10,17,0.2947612520968527,0.7052387479031472
"f=-10%, K=0.03 (deep in stable window)",0.03,-10,18,0.2953334478089156,0.7046665521910844
"f=-10%, K=0.03 (deep in stable window)",0.03,-10,19,0.30926805448651773,0.6907319455134823
"f=-10%, K=0.03 (deep in stable window)",0.03,-10,20,0.33176622003996026,0.6682337799600397
"f=-10%, K=0.03 (deep in stable window)",0.03,-10,21,0.3343651856872605,0.6656348143127395
"f=-10%, K=0.03 (deep in stable window)",0.03,-10,22,0.34712961134834164,0.6528703886516584
"f=-10%, K=0.03 (deep in stable window)",0.03,-10,23,0.36702293986975365,0.6329770601302463
"f=-10%, K=0.03 (deep in stable window)",0.03,-10,24,0.37109641661076687,0.6289035833892331
"f=-10%, K=0.03 (deep in stable window)",0.03,-10,25,0.38287951735028103,0.617120482649719
"f=-10%, K=0.03 (deep in stable window)",0.03,-10,26,0.4005735959529327,0.5994264040470674
"f=-10%, K=0.03 (deep in stable window)",0.03,-10,27,0.4056934428464104,0.5943065571535896
"f=-10%, K=0.03 (deep in stable window)",0.03,-10,28,0.4166397058156492,0.5833602941843508
"f=-10%, K=0.03 (deep in stable window)",0.03,-10,29,0.4324686442785689,0.5675313557214311
"f=-10%, K=0.03 (deep in stable window)",0.03,-10,30,0.43830424561729486,0.5616957543827051
"f=-10%, K=0.03 (deep in stable window)",0.03,-10,31,0.4485249272052202,0.5514750727947798
"f=-10%, K=0.03 (deep in stable window)",0.03,-10,32,0.46276427167743783,0.5372357283225622
"f=-10%, K=0.03 (deep in stable window)",0.03,-10,33,0.46906153749695195,0.530938462503048
"f=-10%, K=0.03 (deep in stable window)",0.03,-10,34,0.4786430530725917,0.5213569469274083
"f=-10%, K=0.03 (deep in stable window)",0.03,-10,35,0.4915204018865103,0.5084795981134898
"f=-10%, K=0.03 (deep in stable window)",0.03,-10,36,0.4980851986993265,0.5019148013006736
"f=-10%, K=0.03 (deep in stable window)",0.03,-10,37,0.5070954241635037,0.4929045758364963
"f=-10%, K=0.03 (deep in stable window)",0.03,-10,38,0.5187991400253876,0.48120085997461237
"f=-10%, K=0.03 (deep in stable window)",0.03,-10,39,0.525484228251588,0.474515771748412
"f=-10%, K=0.03 (deep in stable window)",0.03,-10,40,0.5339772187359444,0.4660227812640556
"f=-10%, K=0.03 (deep in stable window)",0.03,-10,41,0.5446635678346536,0.45533643216534636
"f=-10%, K=0.03 (deep in stable window)",0.03,-10,42,0.5513583130104616,0.44864168698953844
"f=-10%, K=0.03 (deep in stable window)",0.03,-10,43,0.5593778247944771,0.44062217520552294
"f=-10%, K=0.03 (deep in stable window)",0.03,-10,44,0.5691768189241305,0.4308231810758695
"f=-10%, K=0.03 (deep in stable window)",0.03,-10,45,0.5757990954204615,0.4242009045795385
"f=-10%, K=0.03 (deep in stable window)",0.03,-10,46,0.5833812054448341,0.4166187945551659
"f=-10%, K=0.03 (deep in stable window)",0.03,-10,47,0.592401376998806,0.407598623001194
"f=-10%, K=0.03 (deep in stable window)",0.03,-10,48,0.5988912035554527,0.40110879644454733
"f=-10%, K=0.03 (deep in stable window)",0.03,-10,49,0.6060662505254958,0.3939337494745042
"f=-10%, K=0.11 (near $K_{max}$, ringing)",0.11,-10,0,0.0,1.0
"f=-10%, K=0.11 (near $K_{max}$, ringing)",0.11,-10,1,0.11,0.89
"f=-10%, K=0.11 (near $K_{max}$, ringing)",0.11,-10,2,0.2959,0.7041
"f=-10%, K=0.11 (near $K_{max}$, ringing)",0.11,-10,3,0.173371,0.8266290000000001
"f=-10%, K=0.11 (near $K_{max}$, ringing)",0.11,-10,4,0.25776398999999994,0.7422360100000001
"f=-10%, K=0.11 (near $K_{max}$, ringing)",0.11,-10,5,0.43983337310000004,0.5601666269
"f=-10%, K=0.11 (near $K_{max}$, ringing)",0.11,-10,6,0.317099879239,0.6829001207609999
"f=-10%, K=0.11 (near $K_{max}$, ringing)",0.11,-10,7,0.37830803481690994,0.6216919651830901
"f=-10%, K=0.11 (near $K_{max}$, ringing)",0.11,-10,8,0.557104934617648,0.442895065382352
"f=-10%, K=0.11 (near $K_{max}$, ringing)",0.11,-10,9,0.4364649601764633,0.5635350398235367
"f=-10%, K=0.11 (near $K_{max}$, ringing)",0.11,-10,10,0.47663956377188066,0.5233604362281193
"f=-10%, K=0.11 (near $K_{max}$, ringing)",0.11,-10,11,0.6524330430734004,0.34756695692659956
"f=-10%, K=0.11 (near $K_{max}$, ringing)",0.11,-10,12,0.5357893952457398,0.46421060475426024
"f=-10%, K=0.11 (near $K_{max}$, ringing)",0.11,-10,13,0.556864499539553,0.44313550046044703
"f=-10%, K=0.11 (near $K_{max}$, ringing)",0.11,-10,14,0.7296981832932962,0.27030181670670383
"f=-10%, K=0.11 (near $K_{max}$, ringing)",0.11,-10,15,0.618613405337811,0.38138659466218905
"f=-10%, K=0.11 (near $K_{max}$, ringing)",0.11,-10,16,0.6223484817435609,0.37765151825643906
"f=-10%, K=0.11 (near $K_{max}$, ringing)",0.11,-10,17,0.7920933434946292,0.20790665650537077
"f=-10%, K=0.11 (near $K_{max}$, ringing)",0.11,-10,18,0.6878355967467145,0.31216440325328554
"f=-10%, K=0.11 (near $K_{max}$, ringing)",0.11,-10,19,0.6758491929176299,0.3241508070823701
"f=-10%, K=0.11 (near $K_{max}$, ringing)",0.11,-10,20,0.8422473312014513,0.15775266879854866
"f=-10%, K=0.11 (near $K_{max}$, ringing)",0.11,-10,21,0.7458289039819528,0.2541710960180472
"f=-10%, K=0.11 (near $K_{max}$, ringing)",0.11,-10,22,0.7196249773178591,0.2803750226821409
"f=-10%, K=0.11 (near $K_{max}$, ringing)",0.11,-10,23,0.8823258912459072,0.11767410875409279
"f=-10%, K=0.11 (near $K_{max}$, ringing)",0.11,-10,24,0.7945357099511051,0.20546429004889488
"f=-10%, K=0.11 (near $K_{max}$, ringing)",0.11,-10,25,0.7555240105820663,0.2444759894179337
"f=-10%, K=0.11 (near $K_{max}$, ringing)",0.11,-10,26,0.9141146159751568,0.08588538402484325
"f=-10%, K=0.11 (near $K_{max}$, ringing)",0.11,-10,27,0.8355458779688046,0.16445412203119536
"f=-10%, K=0.11 (near $K_{max}$, ringing)",0.11,-10,28,0.7850575132062227,0.21494248679377725
"f=-10%, K=0.11 (near $K_{max}$, ringing)",0.11,-10,29,0.9390869214021079,0.06091307859789208
"f=-10%, K=0.11 (near $K_{max}$, ringing)",0.11,-10,30,0.8701607597362755,0.1298392402637245
"f=-10%, K=0.11 (near $K_{max}$, ringing)",0.11,-10,31,0.8094598731763577,0.1905401268236423
"f=-10%, K=0.11 (near $K_{max}$, ringing)",0.11,-10,32,0.958459775263757,0.04154022473624297
"f=-10%, K=0.11 (near $K_{max}$, ringing)",0.11,-10,33,0.8994456935066291,0.10055430649337094
"f=-10%, K=0.11 (near $K_{max}$, ringing)",0.11,-10,34,0.8297380281865984,0.17026197181340164
"f=-10%, K=0.11 (near $K_{max}$, ringing)",0.11,-10,35,0.9732393806906474,0.026760619309352585
"f=-10%, K=0.11 (near $K_{max}$, ringing)",0.11,-10,36,0.9242730554850922,0.0757269445149078
"f=-10%, K=0.11 (near $K_{max}$, ringing)",0.11,-10,37,0.8467120354498268,0.15328796455017324
"f=-10%, K=0.11 (near $K_{max}$, ringing)",0.11,-10,38,0.9842586234988435,0.01574137650115648
"f=-10%, K=0.11 (near $K_{max}$, ringing)",0.11,-10,39,0.9453575573726631,0.05464244262733686
"f=-10%, K=0.11 (near $K_{max}$, ringing)",0.11,-10,40,0.8610484105607262,0.13895158943927377
"f=-10%, K=0.11 (near $K_{max}$, ringing)",0.11,-10,41,0.9922077664481804,0.007792233551819572
"f=-10%, K=0.11 (near $K_{max}$, ringing)",0.11,-10,42,0.9632851792939778,0.036714820706022167
"f=-10%, K=0.11 (near $K_{max}$, ringing)",0.11,-10,43,0.8732875325774548,0.12671246742254516
"f=-10%, K=0.11 (near $K_{max}$, ringing)",0.11,-10,44,0.9976596074150356,0.0023403925849644347
"f=-10%, K=0.11 (near $K_{max}$, ringing)",0.11,-10,45,0.9785368782162962,0.021463121783703798
"f=-10%, K=0.11 (near $K_{max}$, ringing)",0.11,-10,46,0.883866179269837,0.11613382073016298
"f=-10%, K=0.11 (near $K_{max}$, ringing)",0.11,-10,47,1.0010900998421537,-0.0010900998421536912
"f=-10%, K=0.11 (near $K_{max}$, ringing)",0.11,-10,48,0.9915080075713967,0.008491992428603323
"f=-10%, K=0.11 (near $K_{max}$, ringing)",0.11,-10,49,0.8931360651678473,0.10686393483215273
