n,theta_c_deg,guard_band_deg,resonance_cost_dB
1,20.0,0.6498743829822384,-19.889614622000376
1,20.5,0.633693480124152,-19.672909913874264
1,21.0,0.6182750342791895,-19.461319123620548
1,21.5,0.6035658478841883,-19.25459900974884
1,22.0,0.5895175591677081,-19.052523111514304
1,22.5,0.5760861048691562,-18.854880240298947
1,23.0,0.5632312530336515,-18.66147313682047
1,23.5,0.5509161954465609,-18.472117272765587
1,24.0,0.5391071910107281,-18.28663977859967
1,24.5,0.5277732527895608,-18.104878481939256
1,25.0,0.5168858726028522,-17.92668104308255
1,25.499999999999996,0.5064187780215388,-17.751904176151665
1,26.0,0.4963477174001154,-17.58041294587017
1,26.5,0.4866502692438573,-17.412080131330026
1,27.0,0.477305672756652,-17.246785649233573
1,27.5,0.4682946768735038,-17.084416030061572
1,28.0,0.45959940546765904,-16.924863941444475
1,28.500000000000004,0.45120323674567786,-16.768027753723317
1,29.000000000000004,0.44309069511865035,-16.613811143297145
1,29.499999999999996,0.4352473540689224,-16.46212272988074
1,29.999999999999996,0.42765974872985263,-16.312875744252658
1,30.5,0.4203152970640343,-16.165987723469335
1,31.0,0.41320222866912326,-16.021380230865244
1,31.5,0.40630952036392126,-15.878978598459383
1,32.0,0.3996268378128825,-15.738711689650744
1,32.5,0.3931444825390905,-15.600511680315162
1,33.0,0.38685334375422303,-15.464313856617828
1,33.5,0.3807448545017563,-15.330056428033119
1,34.0,0.3748109516701412,-15.197680354219898
1,34.50000000000001,0.3690440394828088,-15.067129184538622
1,35.0,0.36343695611748555,-14.938348909118789
1,35.5,0.3579829431465847,-14.811287820493668
1,36.0,0.35267561752371956,-14.685896384915615
1,36.5,0.34750894587311815,-14.562127122550706
1,37.0,0.34247722086334254,-14.439934495827933
1,37.49999999999999,0.3375750394710482,-14.319274805286174
1,38.0,0.33279728296094385,-14.200106092323175
1,38.5,0.32813909842539424,-14.082388048305212
1,39.00000000000001,0.3235958817443823,-13.966081929544975
1,39.5,0.31916326183929516,-13.851150477699338
1,40.0,0.3148370861078159,-13.737557845177843
1,40.5,0.3106134069377099,-13.62526952518863
1,41.0,0.30648846920727063,-13.514252286080385
1,41.5,0.3024586986894497,-13.404474109667962
1,41.99999999999999,0.2985206912840763,-13.295904133255469
1,42.5,0.29467120301035643,-13.1885125950944
1,43.0,0.29090714069738927,-13.08227078303577
1,43.50000000000001,0.28722555331674854,-12.977150986154829
1,44.0,0.28362362390601115,-12.873126449144564
1,44.5,0.28009866203674544,-12.770171329290388
1,45.0,0.2766480967846714,-12.668260655853022
1,45.5,0.27326947016323977,-12.567370291700051
1,46.0,0.26996043098551803,-12.467476897038729
1,46.49999999999999,0.26671872912199157,-12.368557895113874
1,47.0,0.2635422101249171,-12.27059143974479
1,47.5,0.26042881019225794,-12.173556384584616
1,48.00000000000001,0.25737655144623983,-12.077432253993909
1,48.5,0.2543835375039577,-11.982199215428246
1,49.00000000000001,0.2514479493193218,-11.88783805324672
1,49.5,0.24856804127682797,-11.794330143854943
1,49.99999999999999,0.24574213751964538,-11.701657432102115
1,50.5,0.24296862849611928,-11.60980240885743
1,50.99999999999999,0.2402459677090914,-11.518748089696215
1,51.5,0.23757266865480708,-11.428477994630903
1,52.0,0.23494730193820296,-11.33897612882642
1,52.50000000000001,0.23236849255327818,-11.250226964243549
1,53.0,0.22983491731717579,-11.162215422157598
1,53.50000000000001,0.22734530244825368,-11.074926856503193
1,54.0,0.2248984212787826,-10.98834703799916
1,54.49999999999999,0.22249309209323734,-10.902462139010499
1,55.0,0.22012817608495602,-10.817258719107162
1,55.49999999999999,0.21780257542279527,-10.732723711281903
1,56.0,0.21551523142159879,-10.648844408791865
1,56.5,0.2132651228098638,-10.565608452590759
1,57.00000000000001,0.211051264088244,-10.483003819320471
1,57.5,0.20887270397418212,-10.401018809833023
1,58.00000000000001,0.20672852392648855,-10.319642038215282
1,58.5,0.20461783674594836,-10.238862421290836
1,58.99999999999999,0.20253978524686708,-10.158669168574617
1,59.5,0.2004935409957392,-10.07905177265759
1,59.99999999999999,0.19847830311276415,-9.999999999999998
1,60.5,0.19649329713313143,-9.921503882112896
1,61.0,0.1945377739239018,-9.843553707109017
1,61.50000000000001,0.19261100865401648,-9.766140011604918
1,62.0,0.19071229981405013,-9.689253572957528
1,62.50000000000001,0.18884096828288355,-9.612885401819067
1,63.0,0.1869963564391074,-9.537026734995273
1,63.49999999999999,0.18517782731407886,-9.461669028592656
1,64.0,0.18338476378487492,-9.386803951441335
1,64.5,0.1816165678047252,-9.312423378780686
1,65.0,0.17987265966896562,-9.238519386195794
1,65.5,0.17815247731457828,-9.165084243793277
1,66.0,0.17645547565158815,-9.09211041060572
1,66.5,0.17478112592461104,-9.019590529214476
1,67.0,0.17312891510307785,-8.947517420581178
1,67.5,0.17149834529827696,-8.875884079078777
1,68.0,0.16988893320647733,-8.804683667713398
1,68.5,0.16830020957622369,-8.733909513528783
1,69.0,0.16673171869873538,-8.663555103185463
1,69.5,0.16518301792049273,-8.59361407870727
1,70.0,0.1636536771765097,-8.524080233388089
1,70.5,0.16214327854363136,-8.454947507852161
1,71.0,0.16065141581258394,-8.386209986261582
1,71.5,0.15917769407801394,-8.317861892664906
1,72.0,0.15772172934565154,-8.249897587481136
1,72.5,0.1562831481555803,-8.182311564113586
1,73.0,0.15486158722118049,-8.115098445688405
1,73.5,0.15345669308267768,-8.048252981912844
1,74.0,0.15206812177473664,-7.981770046048435
1,74.5,0.15069553850748982,-7.915644631994737
1,75.0,0.1493386173602627,-7.849871851479168
1,75.5,0.14799704098753777,-7.784446931349008
1,76.0,0.14667050033641965,-7.719365210961535
1,76.5,0.14535869437527013,-7.654622139668673
1,77.0,0.14406132983285164,-7.590213274392534
1,77.5,0.1427781209475725,-7.526134277288497
1,78.00000000000001,0.1415087892264517,-7.46238091349257
1,78.5,0.1402530632131165,-7.398949048949978
1,79.00000000000001,0.13901067826475655,-7.335834648321963
1,79.5,0.13778137633744905,-7.273033772968043
1,80.0,0.13656490577955008,-7.210542579000973
1,80.5,0.13536102113266807,-7.148357315411862
1,81.0,0.13416948294022,-7.086474322262967
1,81.5,0.13299005756270457,-7.024890028945792
1,82.0,0.13182251700015113,-6.963600952502245
1,82.50000000000001,0.1306666387206241,-6.9026036960066595
1,83.0,0.12952220549511387,-6.841894947006662
1,83.50000000000001,0.12838900523840757,-6.781471476020803
1,84.0,0.12726683085548077,-6.721330135091145
1,84.5,0.12615548009341093,-6.661467856388919
1,85.0,0.12505475539858324,-6.601881650871474
1,85.5,0.12396446377878176,-6.542568606988932
1,86.0,0.12288441667016582,-6.4835258894388055
1,86.5,0.12181442980877576,-6.424750737967127
1,87.00000000000001,0.1207543231065675,-6.366240466214523
1,87.5,0.1197039205316711,-6.307992460605874
1,88.00000000000001,0.11866304999259307,-6.250004179282078
1,88.5,0.11763154322651533,-6.19227315107271
1,89.0,0.11660923569125807,-6.134796974508179
1,89.5,0.11559596646088131,-6.077573316870236
1,90.0,0.11459157812474678,-6.020599913279623
1,90.5,0.11359591668998932,-5.963874565819671
1,91.0,0.1126088314870418,-5.907395142694828
1,91.50000000000001,0.11163017507839129,-5.851159577422964
1,92.0,0.11065980317033779,-5.795165868060488
1,92.50000000000001,0.10969757452739909,-5.739412076459228
1,93.0,0.1087433508897691,-5.683896327554158
1,93.5,0.107796996893066,-5.628616808680995
1,94.0,0.10685837999100668,-5.573571768922797
1,94.5,0.10592737038019293,-5.518759518484662
1,95.0,0.10500384092756934,-5.464178428095678
1,95.5,0.10408766709991679,-5.409826928437322
1,96.00000000000001,0.10317872689563595,-5.355703509597463
1,96.5,0.10227690077866798,-5.30180672054923
1,97.00000000000001,0.10138207161445098,-5.248135168653953
1,97.5,0.10049412460770826,-5.194687519187448
1,98.0,0.09961294724245041,-5.141462494888919
1,98.5,0.09873842922335131,-5.088458875531757
1,99.0,0.09787046241928689,-5.035675497515591
1,99.5,0.09700894080842606,-4.983111253478817
1,100.0,0.0961537604248483,-4.930765091931063
1,100.50000000000001,0.09530481930694228,-4.878636016904825
1,101.0,0.09446201744722948,-4.826723087625718
1,101.50000000000001,0.09362525674361266,-4.775025418200642
1,102.0,0.09279444095220182,-4.723542177323313
1,102.5,0.09196947564141245,-4.6722725879964635
1,103.0,0.09115026814736148,-4.621215927270191
1,103.5,0.09033672753061167,-4.5703715259957916
1,104.0,0.08952876453418833,-4.519738768594514
1,104.5,0.0887262915426901,-4.46931709284064
1,105.00000000000001,0.08792922254267194,-4.419105989658321
1,105.5,0.08713747308402052,-4.369105002931547
1,106.00000000000001,0.08635096024262717,-4.319313729326737
1,106.5,0.08556960258374793,-4.269731818127313
1,107.0,0.08479332012686482,-4.2203589710797065
1,107.5,0.08402203431103038,-4.171194942250242
1,108.0,0.08325566796156107,-4.1222395378922965
1,108.5,0.08249414525734106,-4.073492616323145
1,109.0,0.08173739169927115,-4.024954087809987
1,109.50000000000001,0.08098533407940468,-3.9766239144644686
1,110.0,0.080237900450974,-3.9285021101452253
2,20.0,20.334873390984736,-39.69014069033938
2,20.5,19.838735762244482,-39.25217385497195
2,21.0,19.365276922145053,-38.824317617289545
2,21.5,18.912974898249377,-38.40608515313059
2,22.0,18.48043966001418,-37.997023192084605
2,22.5,18.066399254766406,-37.59670900030174
2,23.0,17.669687639658964,-37.20474769496016
2,23.5,17.289233974691378,-36.8207698475851
2,24.0,16.924053177979705,-36.44442933972358
2,24.5,16.57323757450144,-36.075401439747964
2,25.0,16.23594949461925,-35.71338107397877
2,25.499999999999996,15.911414699690347,-35.35808126903433
2,26.0,15.598916529708008,-35.00923174545454
2,26.5,15.297790682783672,-34.66657764530734
2,27.0,15.007420548834286,-34.32987837874897
2,27.5,14.727233030477297,-33.998906576440525
2,28.0,14.456694793173186,-33.6734471363752
2,28.500000000000004,14.195308894353838,-33.35329635508928
2,29.000000000000004,13.942611747849208,-33.03826113445076
2,29.499999999999996,13.698170385552796,-32.72815825627353
2,29.999999999999996,13.46157998309781,-32.42281371791723
2,30.5,13.23246162047042,-32.12206212282452
2,31.0,13.0104602520704,-31.825746120636005
2,31.5,12.79524286382576,-31.533715892123702
2,32.0,12.586496797649291,-31.24582867470831
2,32.5,12.38392822585366,-30.961948324785737
2,33.0,12.187260760164614,-30.68194491349141
2,33.5,11.996234181737337,-30.405694352886105
2,34.0,11.81060328012104,-30.133078049859876
2,34.50000000000001,11.63013679046368,-29.86398258532702
2,35.0,11.454616419431892,-29.598299416529514
2,35.5,11.283835951355949,-29.335924600483114
2,36.0,11.117600427024193,-29.07675853679304
2,36.5,10.955725388353917,-28.82070572823709
2,37.0,10.79803618287544,-28.567674557667036
2,37.49999999999999,10.644367322593906,-28.317577079915125
2,38.0,10.494561892348383,-28.070328827514498
2,38.5,10.348471003280707,-27.82584862915129
2,39.00000000000001,10.205953287463574,-27.584058439864027
2,39.5,10.066874430127545,-27.344883182093866
2,40.0,9.931106736272419,-27.10825059676803
2,40.5,9.798528728758289,-26.874091103670224
2,41.0,9.669024775247804,-26.642337670415664
2,41.5,9.54248474161845,-26.412925689406652
2,41.99999999999999,9.418803669684566,-26.18579286219669
2,42.5,9.297881477268335,-25.9608790907389
2,43.0,9.179622678836315,-25.73812637503721
2,43.50000000000001,9.063936125079016,-25.51747871675805
2,44.0,8.950734759955328,-25.298882028395575
2,44.5,8.839935393853438,-25.082284047615836
2,45.0,8.731458491637248,-24.86763425643465
2,45.5,8.625227974453896,-24.654883804910583
2,46.0,8.521171034273,-24.443985439059208
2,46.49999999999999,8.419217960215711,-24.23489343271671
2,47.0,8.319301975810232,-24.027563523101772
2,47.5,8.2213590863815,-23.821952849843054
2,48.00000000000001,8.12532793584796,-23.618019897256836
2,48.5,8.03114967225687,-23.415724439675213
2,49.00000000000001,7.938767821443791,-23.215027489639333
2,49.5,7.848128168250042,-23.01589124878596
2,49.99999999999999,7.7591786447768865,-22.81827906126722
2,50.5,7.671869225195706,-22.622155369555188
2,50.99999999999999,7.5861518266706724,-22.427485672492935
2,51.5,7.501980215983844,-22.234236485463338
2,52.0,7.419309921484538,-22.04237530255586
2,52.50000000000001,7.3380981500121205,-21.85187056061943
2,53.0,7.258303708468645,-21.662691605097248
2,53.50000000000001,7.179886929740501,-21.47480865754632
2,54.0,7.102809602690918,-21.288192784750755
2,54.49999999999999,7.027034905965095,-21.102815869344134
2,55.0,6.952527345368283,-20.91865058186162
2,55.49999999999999,6.879252694593855,-20.73567035414755
2,56.0,6.807177939094943,-20.55384935404934
2,56.5,6.736271222906555,-20.373162461332615
2,57.00000000000001,6.666501798239303,-20.193585244756775
2,57.5,6.59783997767811,-20.01509394025428
2,58.00000000000001,6.530257088829711,-19.83766543015988
2,58.5,6.46372543127482,-19.661277223440244
2,58.99999999999999,6.398218235688934,-19.4859074368767
2,59.5,6.333709625006014,-19.311534777157345
2,59.99999999999999,6.270174577506894,-19.138138523837164
2,60.5,6.207588891721989,-18.96569851312737
2,61.0,6.145929153045654,-18.794195122477785
2,61.50000000000001,6.085172701965081,-18.623609255917902
2,62.0,6.025297603814272,-18.453922330124833
2,62.50000000000001,5.966282619967526,-18.285116261187824
2,63.0,5.908107180394074,-18.117173452041214
2,63.49999999999999,5.85075135749886,-17.950076780539238
2,64.0,5.794195841180068,-17.783809588147705
2,64.5,5.738421915037963,-17.618355669229175
2,65.0,5.683411433673317,-17.453699260899562
2,65.5,5.629146801018053,-17.289825033435513
2,66.0,5.5756109496434565,-17.126718081213088
2,66.5,5.522787320995257,-16.96436391415953
2,67.0,5.470659846507174,-16.80274844970091
2,67.5,5.41921292954813,-16.64185800518955
2,68.0,5.368431428160319,-16.481679290796066
2,68.5,5.318300638548025,-16.32219940285178
2,69.0,5.268806279279483,-16.163405817628117
2,69.5,5.2199344761661335,-16.00528638554041
2,70.0,5.1716717477856315,-15.847829325764266
2,70.5,5.124004991616767,-15.69102322125337
2,71.0,5.076921470756522,-15.534857014148233
2,71.5,5.030408801191014,-15.379320001566011
2,72.0,4.984454939593229,-15.224401831762144
2,72.5,4.939048171622679,-15.070092500654965
2,73.0,4.894177100702904,-14.916382348705003
2,73.5,4.849830637254174,-14.763262058141187
2,74.0,4.805997988360222,-14.61072265052638
2,74.5,4.762668647848276,-14.458755484655338
2,75.0,4.719832386763931,-14.307352254778127
2,75.5,4.677479244221914,-14.156504989142713
2,76.0,4.635599518616151,-14.00620604885042
2,76.5,4.594183759172418,-13.85644812701829
2,77.0,4.553222757828209,-13.7072242482425
2,77.5,4.512707541425255,-13.558527768357177
2,78.00000000000001,4.472629364200574,-13.41035237448301
2,78.5,4.432979700562717,-13.262692085360161
2,79.00000000000001,4.3937502381411315,-13.115541251959907
2,79.5,4.354932871096087,-12.968894558369593
2,80.0,4.316519693678251,-12.822747022945185
2,80.5,4.27850299402684,-12.677093999725816
2,81.0,4.2408752481962795,-12.531931180104452
2,81.5,4.203629114401617,-12.387254594748569
2,82.0,4.166757427473238,-12.243060615764701
2,82.50000000000001,4.1302531935121785,-12.099345959100027
2,83.0,4.09410958473746,-11.956107687174365
2,83.50000000000001,4.05831993451785,-11.81334321173495
2,84.0,4.022877732579812,-11.671050296926438
2,84.5,3.987776620384789,-11.5292270625677
2,85.0,3.9530103866688386,-11.387871987626601
2,85.5,3.918572963137846,-11.246983913883328
2,86.0,3.884458420312064,-11.10656204977196
2,86.5,3.850660963514211,-10.966605974389518
2,87.00000000000001,3.8171749289948713,-10.827115641660614
2,87.5,3.7839947801903286,-10.68809138464519
2,88.00000000000001,3.751115104106987,-10.549533919975683
2,88.5,3.7185306078280056,-10.411444352409111
2,89.0,3.686236115136717,-10.273824179478286
2,89.5,3.6542265632529722,-10.136675296225416
2,90.0,3.622496999677293,-9.999999999999996
2,90.5,3.591042579139394,-9.863800995301506
2,91.0,3.5598585606465574,-9.72808139864632
2,91.50000000000001,3.5289403046282515,-9.59284474343646
2,92.0,3.4982832701734545,-9.458094984806621
2,92.50000000000001,3.4678830123569266,-9.323836504424008
2,93.0,3.4377351796512805,-9.190074115214175
2,93.5,3.407835511421672,-9.056813065984112
2,94.0,3.3781798354998775,-8.92405904591218
2,94.5,3.348764065835058,-8.791818188872677
2,95.0,3.3195842002180354,-8.660097077560861
2,95.5,3.2906363180769125,-8.528902747382535
2,96.00000000000001,3.2619165783408874,-8.398242690070138
2,96.5,3.2334212173702954,-8.268124856985589
2,97.00000000000001,3.2051465469500107,-8.138557662067942
2,97.5,3.177088952344499,-8.009549984382199
2,98.0,3.1492448904116723,-7.881111170223443
2,98.5,3.1216108877740956,-7.7532510347288195
2,99.0,3.094183539045076,-7.625979862947925
2,99.5,3.0669595051078566,-7.499308410320279
2,100.0,3.039935511446207,-7.373247902507276
2,100.50000000000001,3.0131083465243234,-7.247810034523972
2,101.0,2.986474860214594,-7.123006969115087
2,101.50000000000001,2.9600319622714393,-6.998851334318071
2,102.0,2.9337766208497347,-6.87535622015529
2,102.5,2.907705861066181,-6.7525351743963125
2,103.0,2.8818167636023806,-6.630402197331049
2,103.5,2.8561064633478086,-6.508971735493971
2,104.0,2.830572148081969,-6.38825867427988
2,104.5,2.8052110571936484,-6.26827832939208
2,105.00000000000001,2.7800204804367614,-6.149046437064657
2,105.5,2.754997756721127,-6.030579143001833
2,106.00000000000001,2.730140272937012,-5.912892989979126
2,106.5,2.705445462812805,-5.796004904053277
2,107.0,2.6809108058039572,-5.679932179330631
2,107.5,2.6565338260130966,-5.564692461247191
2,108.0,2.6323120911393247,-5.450303728317244
2,108.5,2.60824321145675,-5.336784272312243
2,109.0,2.584324838820348,-5.224152676836788
2,109.50000000000001,2.560554665699149,-5.112427794274309
2,110.0,2.5369304242352,-5.001628721081838
3,20.0,59.11759606115227,-59.534516213382545
3,20.5,57.88583141784595,-58.877492507871
3,21.0,56.698321204361136,-58.2356289172192
3,21.5,55.55292155493227,-57.60819489343896
3,22.0,54.4476073554765,-56.99451020898911
3,22.5,53.38046583780721,-56.393940430784184
3,23.0,52.34969036896564,-55.80589289168336
3,23.5,51.353574467078445,-55.22981309524998
3,24.0,50.39050606478348,-54.66518149903785
3,24.5,49.458962033055144,-54.111510629563554
3,25.0,48.55750297181289,-53.56834248875063
3,25.499999999999996,47.684768268693446,-53.035246217206605
3,26.0,46.83947142353234,-52.511815984403796
3,26.5,46.02039563321592,-51.99766907982645
3,27.0,45.22638962944071,-51.49244418254091
3,27.5,44.45636376040358,-50.99579978954214
3,28.0,43.70928630641729,-50.50741278570841
3,28.500000000000004,42.98418001880078,-50.02697714032319
3,29.000000000000004,42.280118871046426,-49.55420271695506
3,29.499999999999996,41.59622501115371,-49.08881418506751
3,29.999999999999996,40.93166590408248,-48.630550023098365
3,30.5,40.285651653476144,-48.1791616039365
3,31.0,39.657432492103254,-47.73441235475588
3,31.5,39.04629643083193,-47.29607698406811
3,32.0,38.451567056367786,-46.86394076964131
3,32.5,37.872601468432975,-46.437798901623154
3,33.0,37.308788347527134,-46.017455875810796
3,33.5,36.75954614488161,-45.602724932543055
3,34.0,36.22432138668721,-45.19342753715955
3,34.50000000000001,35.70258708513652,-44.789392898386026
3,35.0,35.19384124927088,-44.390457521371765
3,35.5,34.69760548905509,-43.9964647924303
3,36.0,34.21342370651959,-43.60726459282348
3,36.5,33.740860868205225,-43.22271293918571
3,37.0,33.27950185352302,-42.84267164841404
3,37.49999999999999,32.82895037399813,-42.46700802505465
3,38.0,32.38882795870273,-42.095594569398436
3,38.5,31.958773001498862,-41.728308704662226
3,39.00000000000001,31.538439866009934,-41.36503252177899
3,39.5,31.127498044516624,-41.00565254045206
3,40.0,30.725631367234143,-40.65005948524677
3,40.5,30.332537258670392,-40.298148075600075
3,41.0,29.947926037991206,-39.949816828724394
3,41.5,29.571520260530757,-39.60496787446948
3,41.99999999999999,29.203054097782164,-39.26350678128409
3,42.5,28.84227275338599,-38.92534239249107
3,43.0,28.488931912805892,-38.5903866721534
3,43.50000000000001,28.142797224538455,-38.25855455986768
3,44.0,27.80364381085247,-37.929763833874595
3,44.5,27.471255806188907,-37.603934981924276
3,45.0,27.145425921481642,-37.28099107937874
3,45.5,26.825955032775816,-36.96085767407352
3,46.0,26.512651792631686,-36.64346267749757
3,46.49999999999999,26.20533226290342,-36.328736261883755
3,47.0,25.903819567577138,-36.01661076283323
3,47.5,25.607943564441047,-35.707020587124795
3,48.00000000000001,25.31754053444183,-35.3999021253862
3,48.5,25.032452887657772,-35.09519366932805
3,49.00000000000001,24.752528884890065,-34.792835333262325
3,49.5,24.477622373939024,-34.49276897964806
3,49.99999999999999,24.207592539693326,-34.19493814842427
3,50.5,23.94230366721705,-33.89928798990789
3,50.99999999999999,23.681624917072398,-33.60576520104955
3,51.5,23.425430112164744,-33.31431796485454
3,52.0,23.173597535443054,-33.024895892789765
3,52.50000000000001,22.926009737830285,-32.73744997000936
3,53.0,22.68255335579932,-32.45193250324349
3,53.50000000000001,22.443118938046048,-32.16829707120499
3,54.0,22.20760078074571,-31.886498477378456
3,54.49999999999999,21.97589677091105,-31.606492705065357
3,55.0,21.74790823740072,-31.328236874567335
3,55.49999999999999,21.52353980915355,-31.051689202397338
3,56.0,21.302699280251634,-30.776808962415913
3,56.5,21.085297481438108,-30.503556448796516
3,57.00000000000001,20.87124815773902,-30.23189294073002
3,57.5,20.660467851859742,-29.961780668784826
3,58.00000000000001,20.452875793045784,-29.69318278284397
3,58.5,20.248393791116865,-29.426063321546412
3,58.99999999999999,20.046946135400066,-29.160387183164048
3,59.5,19.84845949830389,-28.89612009785082
3,59.99999999999999,19.65286284329104,-28.63322860120455
3,60.5,19.460087337020326,-28.371680009085942
3,61.0,19.27006626544317,-28.11144239364335
3,61.50000000000001,19.08273495365126,-27.8524845604952
3,62.0,18.898030689284,-27.5947760270255
3,62.50000000000001,18.7158926493154,-27.338287001750942
3,63.0,18.53626183005006,-27.08298836472142
3,63.49999999999999,18.35908098016757,-26.828851648918356
3,64.0,18.184294536663817,-26.575849022618225
3,64.5,18.011848563545644,-26.323953272691245
3,65.0,17.84169069314365,-26.073137788807642
3,65.5,17.673770069915555,-25.82337654852651
3,66.0,17.508037296618635,-25.574644103244356
3,66.5,17.34444438273747,-25.32691556498297
3,67.0,17.18294469505846,-25.0801665939981
3,67.5,17.023492910288976,-24.834373387192848
3,68.0,16.86604496962423,-24.58951266732145
3,68.5,16.710558035170212,-24.345561672971332
3,69.0,16.55699044813539,-24.102498149313007
3,69.5,16.405301688709617,-23.86030033960967
3,70.0,16.255452337551414,-23.618946977479833
3,70.5,16.107404038810305,-23.378417279908277
3,71.0,15.96111946461339,-23.13869094100269
3,71.5,15.816562280950356,-22.89974812649467
3,72.0,15.673697114893116,-22.661569468986063
3,72.5,15.53248952309038,-22.42413606394292
3,73.0,15.3929059614803,-22.187429466441454
3,73.5,15.254913756166957,-21.951431688671942
3,74.0,15.11848107540945,-21.716125198208303
3,74.5,14.983576902674498,-21.481492917053014
3,75.0,14.850171010706644,-21.24751822146831
3,75.5,14.718233936571256,-21.014184942607102
3,76.0,14.587736957628795,-20.781477367957983
3,76.5,14.458652068400555,-20.549380243621158
3,77.0,14.330951958287049,-20.31787877743348
3,77.5,14.204609990103886,-20.08695864296267
3,78.00000000000001,14.07960017939986,-19.856605984392534
3,78.5,13.955897174524777,-19.626807422322937
3,79.00000000000001,13.833476237415846,-19.397550060509616
3,79.5,13.712313225072458,-19.16882149357123
3,80.0,13.592384571691198,-18.9406098156922
3,80.5,13.47366727143403,-18.712903630351978
3,81.0,13.356138861803712,-18.485692061112893
3,81.5,13.239777407601542,-18.258964763500177
3,82.0,13.124561485444568,-18.032711938009637
3,82.50000000000001,13.01047016881909,-17.80692434427944
3,83.0,12.897483013649422,-17.58159331646436
3,83.50000000000001,12.785580044361355,-17.356710779851404
3,84.0,12.674741740420732,-17.132269268757508
3,84.5,12.564949023328461,-16.90826194575029
3,85.0,12.456183244054174,-16.684682622233883
3,85.5,12.34842617089131,-16.46152578044224
3,86.0,12.241659977717468,-16.23878659688229
3,86.5,12.13586723264437,-16.016460967269452
3,87.00000000000001,12.03103088704247,-15.794545532997123
3,87.5,11.927134264925892,-15.573037709181028
3,88.00000000000001,11.82416105268415,-15.351935714317538
3,88.5,11.722095289147532,-15.131238601593353
3,89.0,11.62092135597355,-14.910946291880744
3,89.5,11.520623968342383,-14.691059608449489
3,90.0,11.421188165950191,-14.471580313422187
3,90.5,11.322599304288888,-14.252511145994273
3,91.0,11.224843046201862,-14.033855862434116
3,91.50000000000001,11.12790535370598,-13.815619277870798
3,92.0,11.03177248006955,-13.59780730986886
3,92.50000000000001,10.93643096213737,-13.380427023778797
3,93.0,10.841867612893845,-13.16348667984079
3,93.5,10.748069514255684,-12.94699578200558
3,94.0,10.655024010085633,-12.730965128421115
3,94.5,10.562718699420019,-12.515406863516622
3,95.0,10.47114142990188,-12.30033453159593
3,95.5,10.380280291412804,-12.085763131830443
3,96.00000000000001,10.290123609896499,-11.87170917451761
3,96.5,10.20065994136728,-11.658190738443832
3,97.00000000000001,10.111878066097043,-11.44522752916091
3,97.5,10.023766982974717,-11.232840937952487
3,98.0,9.93631590403206,-11.02105410123076
3,98.5,9.849514249130339,-10.809891960065121
3,99.0,9.763351640802073,-10.599381319501905
3,99.5,9.677817899242859,-10.389550907288818
3,100.0,9.592903037448174,-10.180431431569428
3,100.50000000000001,9.5085972564901,-9.972055637060826
3,101.0,9.424890940929568,-9.764458359173418
3,101.50000000000001,9.341774654359174,-9.557676575474268
3,102.0,9.259239135072868,-9.351749453836424
3,102.5,9.177275291857573,-9.146718396555043
3,103.0,9.095874199903397,-8.94262707964968
3,103.5,9.015027096828124,-8.739521486509297
3,104.0,8.934725378812445,-8.537449934975179
3,104.5,8.854960596842234,-8.33646309689747
3,105.00000000000001,8.77572445305452,-8.136614009144411
3,105.5,8.697008797183711,-7.937958074992137
3,106.00000000000001,8.618805623104967,-7.740553054777736
3,106.5,8.541107065471467,-7.544459044662156
3,107.0,8.463905396442787,-7.3497384423235
3,107.5,8.38719302250121,-7.156455898389113
3,108.0,8.310962481353648,-6.964678252417118
3,108.5,8.23520643891601,-6.77447445225924
3,109.0,8.159917686377698,-6.585915455678217
3,109.50000000000001,8.085089137343731,-6.3990741131574325
3,110.0,8.010713825052099,-6.214025030931191
4,20.0,90.48566002140505,-79.37934855555464
4,20.5,89.04104068671018,-78.5033159066324
4,21.0,87.63033576565928,-77.64749660479387
4,21.5,86.25272582039399,-76.81091657115851
4,22.0,84.90739358389625,-75.99266881954856
4,22.5,83.59352642566039,-75.19190742175891
4,23.0,82.31031851132802,-74.40784213613033
4,23.5,81.05697268088768,-73.6397336138133
4,24.0,79.832702069198,-72.88688910973048
4,24.5,78.63673149156993,-72.14865863578315
4,25.0,77.46829861599295,-71.42443150268294
4,25.499999999999996,76.32665494235629,-70.7136332042228
4,26.0,75.21106660773633,-70.0157226040823
4,26.5,74.12081503552383,-69.33018939058297
4,27.0,73.05519744487496,-68.65655176933663
4,27.5,72.0135272357053,-67.99435436759025
4,28.0,70.99513426322149,-67.34316632737644
4,28.500000000000004,69.99936501480981,-66.70257956741496
4,29.000000000000004,69.0255827009847,-66.07220719615245
4,29.499999999999996,68.07316727104389,-65.451682060436
4,29.999999999999996,67.14151536308829,-64.84065541614021
4,30.5,66.23004019713993,-64.2387957086507
4,31.0,65.33817141923319,-63.64578745248414
4,31.5,64.46535490356173,-63.06133020052581
4,32.0,63.611052519032405,-62.48513759441504
4,32.5,62.77474186590635,-61.916936488528556
4,33.0,61.9559159875942,-61.35646614081835
4,33.5,61.1540830621126,-60.80347746447095
4,34.0,60.36876607719948,-60.25773233498072
4,34.50000000000001,59.59950249262469,-59.71900294778224
4,35.0,58.845843892812844,-59.187071222076185
4,35.5,58.10735563251912,-58.66172824691634
4,36.0,57.38361647795787,-58.14277376601098
4,36.5,56.67421824547745,-57.630015698033645
4,37.0,55.97876543960147,-57.12326968954407
4,37.49999999999999,55.296874892009235,-56.622358697892565
4,38.0,54.62817540280954,-56.12711260172443
4,38.5,53.97230738526554,-55.6373678369193
4,39.00000000000001,53.32892251495359,-55.1529670559959
4,39.5,52.6976833841847,-54.67375880918841
4,40.0,52.078263162378555,-54.19959724555841
4,40.5,51.47034526296006,-53.73034183264909
4,41.0,50.87362301723908,-53.2658570933163
4,41.5,50.287799355641255,-52.80601235848718
4,41.99999999999999,49.712586496573394,-52.35068153470178
4,42.5,49.14770564313536,-51.89974288538794
4,43.0,48.592886687825676,-51.45307882490598
4,43.50000000000001,48.047867925333556,-51.01057572447707
4,44.0,47.512395773462224,-50.57212372918112
4,44.5,46.986224502186055,-50.137616585273506
4,45.0,46.46911597080976,-49.70695147712937
4,45.5,45.96083937316624,-49.28002887317759
4,46.0,45.461170990764685,-48.85675238023527
4,46.49999999999999,44.96989395377839,-48.437028605698444
4,47.0,44.4867980097434,-48.02076702708544
4,47.5,44.011679299824564,-47.60787986846681
4,48.00000000000001,43.544340142492615,-47.198281983349865
4,48.5,43.08458882444668,-46.7918907436175
4,49.00000000000001,42.63223939860868,-46.38862593414964
4,49.5,42.18711148901013,-45.98840965278241
4,49.99999999999999,41.749030102387884,-45.59116621528419
4,50.5,41.317825446302685,-45.19682206505071
4,50.99999999999999,40.89333275359258,-44.80530568724147
4,51.5,40.47539211297266,-44.41654752709929
4,52.0,40.06384830559406,-44.03047991221247
4,52.50000000000001,39.65855064737442,-43.64703697849491
4,53.0,39.25935283691636,-43.26615459967512
4,53.50000000000001,38.866112808830316,-42.88777032009885
4,54.0,38.47869259228352,-42.511823290662925
4,54.49999999999999,38.09695817459811,-42.13825420770991
4,55.0,37.720779369726245,-41.76700525472469
4,55.49999999999999,37.35002969143361,-41.39802004668377
4,56.0,36.984586231026185,-41.031243576918676
4,56.5,36.62432953946065,-40.66662216636281
4,57.00000000000001,36.26914351368147,-40.30410341506021
4,57.5,35.91891528703363,-39.94363615582261
4,58.00000000000001,35.573535123603385,-39.585170409927315
4,58.5,35.232896316344274,-39.22865734475718
4,58.99999999999999,34.896895088850094,-38.87404923328849
4,59.5,34.565430500640666,-38.52129941533983
4,59.99999999999999,34.23840435583133,-38.170362260500276
4,60.5,33.91572111506016,-37.821193132660206
4,61.0,33.597287810552615,-37.47374835607386
4,61.50000000000001,33.2830139642064,-37.127985182886746
4,62.0,32.97281150858398,-36.783861762065996
4,62.50000000000001,32.666594710704,-36.44133710967558
4,63.0,32.36428009852666,-36.10037108044303
4,63.49999999999999,32.06578639003241,-35.760924340567264
4,64.0,31.771034424796156,-35.42295834172168
4,64.5,31.4799470979637,-35.08643529620962
4,65.0,31.192449296539838,-34.751318153233015
4,65.5,30.90846783790164,-34.41757057623816
4,66.0,30.627931410452987,-34.085156921305824
4,66.5,30.350770516340138,-33.75404221655593
4,67.0,30.076917416151037,-33.42419214254018
4,67.5,29.8063060755238,-33.09557301359867
4,68.0,29.538872113593015,-32.76815176015977
4,68.5,29.274552753205036,-32.44189591196532
4,69.0,29.01328677283603,-32.11677358220565
4,69.5,28.755014460149468,-31.79275345255261
4,70.0,28.499677567131705,-31.469804759080645
4,70.5,28.247219266747035,-31.147897279069593
4,71.0,27.997584111055914,-30.82700131868538
4,71.5,27.750717990741805,-30.50708770153772
4,72.0,27.506568095994876,-30.18812775811725
4,72.5,27.265082878702227,-29.870093316117085
4,73.0,27.026212015896395,-29.552956691647317
4,73.5,26.789906374416496,-29.23669068135423
4,74.0,26.556117976736527,-28.921268555458962
4,74.5,26.324799967919287,-28.606664051734533
4,75.0,26.09590658365369,-28.292851370442914
4,75.5,25.869393119337147,-27.979805170258636
4,76.0,25.64521590016404,-27.667500565208506
4,76.5,25.42333225218485,-27.3559131226618
4,77.0,25.203700474299897,-27.045018862409506
4,77.5,24.986279811155043,-26.73479425687578
4,78.00000000000001,24.771030426906098,-26.42521623250984
4,78.5,24.557913379821525,-26.11626217241163
4,79.00000000000001,24.346890597692994,-25.807909920250033
4,79.5,24.13792485402538,-25.50013778553849
4,80.0,23.930979744978515,-25.1929245503386
4,80.5,23.726019667033874,-24.886249477469295
4,81.0,23.52300979536103,-24.580092320305834
4,81.5,23.321916062858822,-24.27443333426018
4,82.0,23.122705139847966,-23.96925329004244
4,82.50000000000001,22.925344414392317,-23.66453348881071
4,83.0,22.729801973226667,-23.36025577932618
4,83.50000000000001,22.53604658327028,-23.056402577238707
4,84.0,22.34404767370571,-22.75295688663865
4,84.5,22.15377531860381,-22.449902324020357
4,85.0,21.965200220075463,-22.14722314481393
4,85.5,21.778293691932916,-21.844904272653096
4,86.0,21.593027643842422,-21.54293133155889
4,86.5,21.409374565952184,-21.241290681231373
4,87.00000000000001,21.227307513979103,-20.939969455654392
4,87.5,21.046800094738934,-20.638955605232027
4,88.00000000000001,20.867826452105113,-20.338237942688853
4,88.5,20.690361253381496,-20.037806192980764
4,89.0,20.514379676075478,-19.737651047476987
4,89.5,20.33985739505812,-19.43776422268912
4,90.0,20.166770570098365,-19.13813852383716
4,90.5,19.995095833758896,-18.83876791355698
4,91.0,19.82481027964195,-18.539647586067975
4,91.50000000000001,19.655891450973403,-18.240774047132476
4,92.0,19.488317329514086,-17.942145200151288
4,92.50000000000001,19.322066324787627,-17.6437604387501
4,93.0,19.157117263614808,-17.345620746221016
4,93.5,18.993449379944014,-17.047728802189518
4,94.0,18.831042304968655,-16.750089096880817
4,94.5,18.669876057522167,-16.452708053359054
4,95.0,18.50993103474158,-16.155594158107366
4,95.5,18.351188002991396,-15.858758100305835
4,96.00000000000001,18.193628089039077,-15.562212920146031
4,96.5,18.0372327714746,-15.265974166494258
4,97.00000000000001,17.881983872365932,-14.970060064178996
4,97.5,17.727863549143414,-14.674491691129779
4,98.0,17.574854286705513,-14.379293165532314
4,98.5,17.422938889739356,-14.08449184308713
4,99.0,17.27210047524899,-13.790118524362416
4,99.5,17.122322465285226,-13.496207672114162
4,100.0,16.973588579870768,-13.202797638306414
4,100.50000000000001,16.825882830114388,-12.909930900395484
4,101.0,16.67918951150864,-12.617654306244992
4,101.50000000000001,16.53349319740541,-12.32601932680689
4,102.0,16.388778732663546,-12.035082315436638
4,102.5,16.24503122746401,-11.744904772403338
4,103.0,16.102236051286855,-11.455553612806996
4,103.5,15.96037882704525,-11.167101435721085
4,104.0,15.819445425372397,-10.879626791938959
4,104.5,15.679421959055748,-10.593214447216626
4,105.00000000000001,15.540294777615129,-10.307955637372002
4,105.5,15.402050462019838,-10.023948311025892
4,106.00000000000001,15.264675819540832,-9.741297355156306
4,106.5,15.12815787873389,-9.460114797993786
4,107.0,14.992483884550225,-9.180519983121156
4,107.5,14.857641293570161,-8.90263970797261
4,108.0,14.723617769357096,-8.62660831927127
4,108.5,14.590401177927395,-8.352567757327442
4,109.0,14.457979583333564,-8.080667540569173
4,109.50000000000001,14.32634124335692,-7.81106468122678
4,110.0,14.195474605306908,-7.54392352278443
