K,f_percent,k0,k1,k2,k3,k4,k5,k6,k7,k8,k9,k10,k11,k12,k13,k14,k15,k16,k17,k18,k19,k20,k21,k22,k23,k24,k25,k26,k27,k28,k29,k30,k31,k32,k33,k34,k35,k36,k37,k38,k39,k40,k41,k42,k43,k44,k45,k46,k47,k48,k49,k50,k51,k52,k53,k54
0.01,-30.0,0.0,0.01,0.029900000000000003,0.027601,0.03577498999999999,0.047651740100000006,0.051524077699,0.05902626337201,0.0678876334237899,0.073841521373197,0.08102948613502359,0.0886937813160788,0.0952806480923209,0.10226403080828805,0.10939262467426086,0.11610114314769569,0.12291412347910813,0.12974892877357705,0.13640018674965307,0.1430546591502538,0.14968555158304517,0.1562184525499086,0.1627199922701281,0.1691817348919921,0.17557688790176673,0.18192936846073088,0.188236723664649,0.19448946192655264,0.20069631585634296,0.20685675958248861,0.21296758020247222,0.21903211078630871,0.22505043489835097,0.23102161360351547,0.23694705727355558,0.2428270354839851,0.24866142914590963,0.25445096093750075,0.2601959522390283,0.26589657618321066,0.2715533063440139,0.27716647416263784,0.28273635372316497,0.2882633252651139,0.29374771767677277,0.29918983676401356,0.304590024805738,0.30994860452750495,0.3152658884824906,0.3205422007365997,0.325777856954487,0.3309731675002102,0.3361284453355768,0.34124399895210134,0.3463201333959808
0.01125335582600765,-30.0,0.0,0.01125335582600765,0.03363342946067621,0.0309901648870181,0.04013938236264181,0.053494757172631184,0.05777243628306971,0.06614280870962307,0.07607062969655354,0.08267910278448942,0.09067787067368097,0.09922519624490428,0.1065324463211161,0.11428322151242656,0.12220033713571282,0.12962854632324658,0.13716965315147522,0.14473342026756716,0.15208021316722722,0.15942527096445455,0.16673977258626832,0.17393636098308016,0.18109220037028984,0.18819845121811762,0.19522350140714234,0.20219521467106655,0.20911117194257475,0.21596014737436342,0.22275240460504656,0.22948755199065948,0.23616180846515614,0.24277915218889515,0.24933981384006754,0.2558427240628461,0.2622896121799377,0.2686808890484952,0.2750164673585517,0.2812972671484726,0.2875237433549832,0.2936961591821966,0.29981513863518744,0.30588114016947066,0.3118945471978915,0.31785587071934096,0.32376556126713885,0.32962403865224293,0.33543176622654447,0.34118918374170715,0.3468967170458484,0.3525548052929636,0.35816387699562235,0.3637243531642025,0.36923665728134386,0.37470120677755514,0.3801184140471925
0.012663801734674034,-30.0,0.0,0.012663801734674034,0.03783103332964697,0.03478545442017928,0.045019290901205586,0.06003649394372114,0.06474936459292825,0.07407803741970202,0.0851953491525595,0.09251693402473193,0.1014051733655913,0.11092726680228183,0.1190187847467264,0.12760621051483967,0.1363851212993603,0.14459341865468195,0.15292312250389817,0.16127641902977424,0.16937254953853897,0.1774602601394334,0.1855089421060313,0.19341555477241068,0.20126975761657984,0.2090625069206114,0.2167563075437437,0.22438374986543563,0.2319425855649745,0.23941946352734203,0.2468265057534846,0.2541635488784637,0.26142611949153693,0.2686189947213077,0.2757426219815078,0.28279578156141816,0.28978060860837673,0.2966977116454356,0.30354705483336886,0.31032981582482244,0.3170466321298675,0.32369789086714684,0.3302844153857189,0.3368068356776534,0.3432656825308681,0.3496616410632867,0.3559953248467125,0.3622673061156354,0.36847820931853953,0.3746286301523273,0.3807191451146118,0.38675034601358543,0.39272281098582507,0.3986371074743783,0.40449380496901843,0.4102934646599648,0.4160366403631741
0.014251026703029978,-30.0,0.0,0.014251026703029978,0.04254998834699946,0.03903282049118659,0.05047107844058812,0.06735593364997086,0.07253215059420956,0.08291575709204663,0.09535867023125856,0.10345332896782099,0.11331387409903448,0.1239096375704582,0.13285093164364087,0.14234649671637462,0.1520638225963049,0.161113217234017,0.17029244015252434,0.17949650072296608,0.18839497223455465,0.19727620220164785,0.2061082595525575,0.21476896926436712,0.22336288754076744,0.23188109308229382,0.24027885350228945,0.24859445180141632,0.25682601865233834,0.2649575755024189,0.2730035134680132,0.28096403379788876,0.28883381028162475,0.2966186150818978,0.30431920960071956,0.31193419797430655,0.31946623340310154,0.3269161986599951,0.33428413502436966,0.3415715561664068,0.3487793474235482,0.35590806379466616,0.3629587916118796,0.36993239082973683,0.3768295888495717,0.38365130106621004,0.3903983578174607,0.3970715332202453,0.40367166432101753,0.4101995528138547,0.4166559736321127,0.423041719227054,0.42935756425776644,0.43560426805947955,0.44178259111675816,0.4478932824241032,0.4539370801791862
0.0160371874375133,-30.0,0.0,0.0160371874375133,0.04785437093163397,0.043782664421265605,0.05655603411747597,0.07553982360752848,0.0812042434189988,0.09274556466472482,0.10666447199139889,0.11559235503058185,0.1265113758759892,0.13828690907237817,0.14814387014601824,0.15862013416905107,0.169355090606007,0.17930580665517373,0.18939449053986276,0.19950995057644882,0.20926137104251938,0.21898412765152164,0.228645771100246,0.2381006051827317,0.24747104049609636,0.2567487924879214,0.2658801498736376,0.2749102910676465,0.2838380377406987,0.2926441311417641,0.30134574913539575,0.3099436540357307,0.31843145569510944,0.3268161714903264,0.33509901213971893,0.3432783701227714,0.3513575612598254,0.35933784603592833,0.3672193748391356,0.37500409863944256,0.38269323677351386,0.39028756810354437,0.39778852387846,0.40519726987619836,0.41251479280939796,0.41974231016344377,0.4268809378945906,0.433931714685564,0.4408957555027664,0.4477741314760958,0.45456787612406746,0.4612780428767982,0.46790566176267473,0.4744517407706863,0.48091728743110695,0.48730329327439825,0.49361073405109146
0.018047217668271703,-30.0,0.0,0.018047217668271703,0.053815950939249124,0.049090049336085864,0.06334044654437092,0.08468314370510244,0.09085517277084156,0.10366243488246042,0.11922334256432718,0.12904306075848598,0.14110882927030494,0.1541773513402466,0.1650145683570059,0.1765435758176827,0.18837696465441994,0.19928661801858377,0.2103418653925201,0.22142715951832015,0.23207773205122256,0.24268509022847234,0.2532175750079457,0.26350034074227524,0.2736773162864018,0.2837416452188975,0.2936283737913995,0.30339108127648995,0.31302974362470254,0.32252096230478156,0.33188535652355317,0.3411245318871808,0.3502307509726876,0.35921259563965946,0.3680719138184294,0.3768068344586245,0.38542152137263963,0.39391775187858113,0.4022958231680124,0.4105582531564266,0.41870670803093235,0.4267422600768942,0.43466678962833694,0.4424818656343174,0.45018881241697295,0.45778924001460586,0.4652846369592859,0.47267638447658283,0.47996595690553745,0.48715477386571704,0.49424420172869504,0.5012356293463831,0.5081304145605948,0.5149298834484337,0.5216353589912053,0.5282481418467131,0.5347695096854772
0.020309176209047358,-30.0,0.0,0.020309176209047358,0.06051506598885194,0.055014848732373084,0.07089555182105631,0.0948895259171977,0.10158026581416746,0.11576600109733247,0.13315201981169608,0.14391830906709246,0.1572194534743994,0.17170111455082748,0.1835796488080042,0.19623082267978176,0.2092437431328914,0.22116501975576935,0.2332387359661891,0.24534813518373383,0.2569371879924453,0.26846475746003506,0.279902032493154,0.29103772670185646,0.30204185164642766,0.31291018008230725,0.32356354098099416,0.334065807618377,0.34441879507315915,0.3545938174286555,0.36461576511584476,0.37448749236715834,0.3841995264321567,0.3937624205295187,0.40317892061346705,0.4124468124904477,0.42157134411984254,0.4305549960590854,0.439398253056566,0.44810436404811804,0.45667558864343516,0.4651133763112328,0.4734201869200352,0.4815981159167113,0.4896489206996629,0.4975747157878597,0.5053774702970507,0.5130590028313211,0.5206212466253844,0.5280660663635476,0.5353952508644555,0.5426106141960432,0.5497139291938576,0.5567069228767858,0.5635913150989312,0.5703687946295559,0.5770410169058795
0.022854638641349907,-30.0,0.0,0.022854638641349907,0.06804158141662303,0.06162179981147697,0.07929730942082905,0.10627160103081201,0.11348009851478483,0.12915943941793645,0.1485725001375408,0.16033312518789544,0.17495623990237932,0.19097784359423584,0.20395235173496024,0.21778975993325464,0.23206203682835286,0.24503980133257958,0.25817576655222524,0.27135704873453276,0.2839140692143215,0.2963869682971111,0.30875295395048147,0.3207547563986104,0.33259418718713585,0.34427145747051824,0.3556892232349945,0.3669240421644826,0.3779805800104503,0.3888233091619526,0.3994824447996367,0.40996267332485303,0.4202522442929005,0.43036419918215607,0.44030254476582603,0.45006459724383785,0.4596569869438031,0.4690831469978505,0.47834378724474574,0.48744309237793826,0.49638410435040003,0.5051687464675984,0.5138002185256418,0.5222812965810524,0.5306142840170183,0.5388019353498458,0.5468468319118022,0.5547513418354211,0.5625179758916831,0.5701491590763952,0.5776472076848596,0.5850144663591532,0.592253225003557,0.5993657074559362,0.6063541244137143,0.6132206435528933,0.6199673844948717
0.025719138090593445,-30.0,0.0,0.025719138090593445,0.07649594020765732,0.06898042025675102,0.08862594664475558,0.11895124557048789,0.12665960555733471,0.1439478489527905,0.16561074683633048,0.1784024591981441,0.1944289108230022,0.21212360432073962,0.22623868873152803,0.24131756285137398,0.2569259219785783,0.27099369230679854,0.28522399483435057,0.29951577718476863,0.31305693658855405,0.3264862581584294,0.3397917993911628,0.3526576833157277,0.36532471886284623,0.3778002731140469,0.38996350401816976,0.4019066816671071,0.4136388200161657,0.4251154132993048,0.4363733387065575,0.4474199593086862,0.4582404740254675,0.4688510657892623,0.4792575094591117,0.48945644662496857,0.49945626221608286,0.5092616758354936,0.5188736442084375,0.528297538778453,0.5375374259011623,0.5465958074516208,0.5554768159458131,0.5641840979566441,0.5727206310784039,0.5810899695687014,0.5892954640066439,0.5973401599872639,0.6052272829834632,0.6129599520523212,0.6205411296866054,0.6279738105083954,0.635260917038433,0.6424052766206119,0.6494096950745107,0.6562769193061962,0.6630096273993553
0.028942661247167503,-30.0,0.0,0.028942661247167503,0.08599030610143421,0.07716473452437005,0.09896519752835298,0.13305970001956008,0.1412267589537512,0.16023600044356207,0.184394929172165,0.1982382574482825,0.21573999429682095,0.23524703952241538,0.2505326960130805,0.2668950669133073,0.2839111405685132,0.2990868794078571,0.3144276487836767,0.3298564639516955,0.3443806528246153,0.35875943502835295,0.37299903278015417,0.3867080733624244,0.4001754642978437,0.41341981331951433,0.42628951979085294,0.4388964097619425,0.4512560738511533,0.46331204731880576,0.47510956322293735,0.48665989356525413,0.4979440651038238,0.5089822208751174,0.519782619470146,0.5303408923653714,0.5406676364819698,0.5507693074808333,0.5606470921611697,0.5703078494620669,0.579756979501461,0.5889976648017807,0.5980351957305231,0.6068743203737692,0.6155188279594951,0.6239732544633969,0.6322419026776962,0.6403286346712942,0.6482375430757371,0.6559725911422175,0.6635375154161923,0.6709360898376235,0.6781719948878326,0.6852487740811554,0.6921699381837112,0.698938918561354,0.7055590487140705
0.03257020655659783,-30.0,0.0,0.03257020655659783,0.09664980131465403,0.08625273972128858,0.11040114457055467,0.14873753017980723,0.15729071075085543,0.1781253031558159,0.2050531307070772,0.21994573794690225,0.23897986952793945,0.26044469733123254,0.27691072475519113,0.2945800213906998,0.3130683497437037,0.3293495497319046,0.3457959378837343,0.36237321415467727,0.37785765743571176,0.39315640634356097,0.4083049078006679,0.4228134326103751,0.4370305373897107,0.45099223292491125,0.46450612922150064,0.4777084891375944,0.49062482219551523,0.503182483536561,0.5154371972250748,0.5274059629307855,0.5390639814812666,0.5504363692447326,0.5615348918951457,0.5723536203759196,0.5829059134802013,0.593200575324088,0.6032389277210565,0.6130296664568906,0.6225799222054293,0.6318936372966444,0.6409775128063213,0.649837676684516,0.6584788640635301,0.6669067906102679,0.6751269193450559,0.6831440694986382,0.6909633614645099,0.6985897646008832,0.7060279180183724,0.7132825065335416,0.7203580971931491,0.7272590600387827,0.7339897181007252,0.7405542898310058,0.7469568554958924
0.03665241237079628,-30.0,0.0,0.03665241237079628,0.10861383777978993,0.09632552092526012,0.12302055132967687,0.16613440891458656,0.17495928062599708,0.19770981584789668,0.22771048475591082,0.24361877551473893,0.26422063552743574,0.2877955200788391,0.30542475598464297,0.3243991878996972,0.34441550629059703,0.36177358597707676,0.37929395278703004,0.3970131718814423,0.4134087587500781,0.4295706078428754,0.4455801402582534,0.4608179453970438,0.47570692366871337,0.49030984418558077,0.5043794814973013,0.5180827213253903,0.531460057177434,0.5444165985433824,0.5570212275266887,0.569299395601851,0.5812180042970332,0.592808373086624,0.6040872656160329,0.6150462907621272,0.6257022090574746,0.6360670236696699,0.6461419517768253,0.655937913653382,0.66546428639057,0.6747257932776818,0.6837308142814702,0.6924871923005226,0.7010007179197857,0.7092784877302849,0.7173273563003042,0.7251532264913052,0.732762402601749,0.7401610266272649,0.7473547558913212,0.7543493075272543,0.7611502573603405,0.7677628975823291,0.7741924563198619,0.7804440285178673,0.7865225152100767
0.04124626382901352,-30.0,0.0,0.04124626382901352,0.12203753720718799,0.10746590034313208,0.1369085509272918,0.18540870864288808,0.1943356557699579,0.21907110242051464,0.2524857326675531,0.26933432810260677,0.2915086623764275,0.317354555993025,0.3360948067532644,0.35633930741969433,0.3779295936268051,0.39630367716096615,0.41483293367999413,0.43366739855245096,0.4508939473797847,0.4678295699484152,0.4846271375886291,0.5004940884505444,0.5159463739461789,0.5310878461314348,0.545596503572999,0.5596776514228359,0.5733945421770866,0.5866211989591795,0.5994429402212017,0.6118978232678965,0.6239407052844326,0.635610554014939,0.6469313556718077,0.6578907856861067,0.6685097117218629,0.6788045519734667,0.6887759263259055,0.6984373776445056,0.7078012190110472,0.7168728601873331,0.7256626179365679,0.7341804597632604,0.7424332818349686,0.7504297435707221,0.7581783454723162,0.7656861619308366,0.7729608128170937,0.7800097752363344,0.7868398080391372,0.7934577540388277,0.7998703014602999,0.8060837287028271,0.8121042311026289,0.8179378430515611,0.8235903279592222
0.046415888336127774,-30.0,0.0,0.046415888336127774,0.13709323031835144,0.11975647277435963,0.1521455303583276,0.20672692032436635,0.21551415980986777,0.24227170682469834,0.27948726589650585,0.29714588209709514,0.3208556988580563,0.34914606965249784,0.3689006112625559,0.3903370408589899,0.41353806511886115,0.4328282918789713,0.4522603199577665,0.47216218507507624,0.4901039686443155,0.5076863634978394,0.52517269818509,0.5415361413143368,0.5574094623537537,0.5729597648073971,0.5877615664371875,0.6020683054020929,0.6159781088283807,0.6293208487294808,0.642202195384596,0.6546792794608013,0.6666891816653453,0.6782801193119161,0.6894867170644978,0.7002903252312468,0.7107166181305025,0.7207882347375001,0.7305042776687987,0.7398812592854456,0.7489353931251816,0.7576724739676153,0.7661049542507437,0.7742454485692287,0.7821018966230311,0.7896846451644319,0.7970041254734248,0.8040685981247796,0.8108870754990094,0.8174685214003892,0.8238208214707236,0.8299519848594858,0.8358698846391244,0.8415817972226263,0.847094896132351,0.8524161775874783,0.8575522593000642
0.052233450742668434,-30.0,0.0,0.052233450742668434,0.15397201885151854,0.13327683997149475,0.1688030244312774,0.2302629588889207,0.2385749413954815,0.26734699486553337,0.30880881793960785,0.32707596877026657,0.352228430421407,0.38315639237470556,0.40377292418691085,0.42626808311629827,0.4511105948160403,0.47117119515781236,0.49135015879972854,0.5122516794590192,0.5307536592832656,0.5488128698704993,0.5668633397679119,0.5835568676885372,0.5996730470877658,0.6154769737218392,0.6303977787852109,0.6447488721697421,0.6586824590613412,0.6719646929123848,0.6847260234433765,0.6970529595402074,0.7088559467054731,0.7201940156805443,0.7311178460345016,0.7415985897359776,0.7516672501729702,0.7613554926337595,0.7706592780577403,0.7795982547070334,0.7881939711954734,0.7964519578659233,0.8043868506568459,0.8120146305383328,0.8193440297186989,0.8263870847861385,0.8331565017921447,0.8396616226389064,0.8459128285913026,0.8519207136934759,0.8576942265288823,0.8632424973575927,0.8685746173941091,0.873698797974696,0.878623126209916,0.8833555306155452,0.8879034082569188
0.058780160722749115,-30.0,0.0,0.058780160722749115,0.17288537487365513,0.14809980692005442,0.1869384084162613,0.2561974875531706,0.2635774331351585,0.29429508134700555,0.3405251342054842,0.35910791386472224,0.38553639911713866,0.41932708573082755,0.44058501239757614,0.46393574124170744,0.49045199794292826,0.511084475282142,0.531794598073003,0.5536129798515403,0.572478341025253,0.5907959755237229,0.6092646280437969,0.6260888596682409,0.6422324659321126,0.6581137600137044,0.6729544346594731,0.6871417038779359,0.7009128621632383,0.7139406521644038,0.7263847481709688,0.7383778668637923,0.7497900057417527,0.760692040324366,0.7711595896147226,0.7811473531557048,0.7906916223228033,0.7998376631343116,0.808575529386699,0.8169277204445529,0.8249234098780873,0.8325666532409585,0.8398739872616785,0.8468658572136974,0.853551240769314,0.8599436290371714,0.8660584845066257,0.8719059488219278,0.8774975740154725,0.8828457485026291,0.8879602977233816,0.8928512949340265,0.8975290500432025,0.9020025508128091,0.906280628122603,0.9103720593457474,0.9142848661120513
0.06614740641230149,-30.0,0.0,0.06614740641230149,0.1940667398618303,0.16428624175566794,0.20658815894266094,0.28471750752558445,0.29055243856895957,0.32306452564423316,0.3746881901842256,0.3931771346765429,0.4206181931741404,0.45754930862810217,0.4791451833292953,0.5030593166415155,0.5312975076316936,0.552244381110969,0.5731972638649593,0.5958451016514583,0.6148348479465044,0.633137823963111,0.6518659971507992,0.668592171669492,0.6845097058307155,0.7002793158637981,0.7148220446994136,0.7286137110361587,0.7420277903035375,0.7545979773565313,0.7665162831701822,0.7779898296091221,0.7888264488187409,0.7991081928691126,0.8089506942767948,0.8182821244827008,0.8271425991216201,0.8355988012294768,0.843630290796797,0.8512611029713482,0.8585319501214079,0.8654433298960952,0.8720126972245096,0.8782668246104957,0.8842139523578008,0.8898683266383063,0.8952489722515926,0.9003663107255908,0.9052325579911367,0.909862167982175,0.9142655083512108,0.9184532074316385,0.9224368005630394,0.9262257880451861,0.9298294277334318,0.9332572266990813,0.9365175948608147
0.07443803013251689,-30.0,0.0,0.07443803013251689,0.21777307006754118,0.18187822566061518,0.22775944469246096,0.3160166336679019,0.3194927169357226,0.35353942850327114,0.4113248834637746,0.4291624982951219,0.4572257499417298,0.4976607049993027,0.5191915497451807,0.5432625692545163,0.5733119663706355,0.5942516505014448,0.6150692286543196,0.6384734337476136,0.6573090246594238,0.6752610565527042,0.6940925064582757,0.71046988230795,0.7258683902043852,0.7413376740813142,0.755356057835471,0.7685005700347052,0.7813668333238271,0.7932784617780537,0.8044582932195283,0.8152363354354544,0.8253238447015585,0.8348090104709558,0.8438738966675339,0.8524039519312332,0.8604383095210892,0.8680790002909484,0.8752876472569524,0.8820861973511606,0.8885339882963856,0.8946245745859709,0.9003738420921901,0.9058183286190569,0.9109639633775504,0.9158240996378088,0.9204228675402422,0.9247701710008365,0.9288777948491673,0.9327628437982911,0.936435749674871,0.9399069447880634,0.9431893074123479,0.9462925011483765,0.9492256688898661,0.9519989483929758,0.9546208438770547
0.08376776400682916,-30.0,0.0,0.08376776400682916,0.24428625373378365,0.20089002703289832,0.25041982194990364,0.35029673586930604,0.35034194497001214,0.385521480455884,0.4504376395508074,0.4668784990156834,0.4950064211018859,0.5394467006671275,0.5603906581604532,0.5840622437433086,0.6160949061042396,0.6366384440930446,0.6568278534217679,0.6809613999683755,0.6993317696669058,0.716519370310789,0.7353246761565049,0.7510931078823927,0.7656355832325983,0.7806358774885739,0.7939098381994403,0.8061380418772484,0.8182861097306098,0.8293556473586197,0.8395865335447419,0.8495171938653979,0.8587074213225667,0.8672360584557801,0.8753993290982067,0.8830140391524774,0.8901058366480235,0.8968378482334094,0.9031419699544283,0.9090292180666582,0.9145909679788269,0.9198086467879587,0.9246907357086316,0.9292902414851045,0.9336085426372132,0.937654386473248,0.9414601711851447,0.9450342845291964,0.9483857490815626,0.951535671820925,0.9544940392598937,0.9572696143897966,0.95987707759214,0.9623259255103096,0.9646242318641485,0.9667828075055442,0.9688099846985023
0.09426684551178854,-30.0,0.0,0.09426684551178854,0.27391429837262227,0.22129632271447708,0.2744848603986263,0.3877720037282841,0.38298192271684506,0.4187083666835998,0.49201011346276563,0.5060692881718892,0.5334819985287934,0.582648875068116,0.6023421239627668,0.624855889256849,0.6591939605703807,0.6788845306427961,0.6977977745140078,0.7227309866837661,0.7403059874256395,0.7562124657175522,0.7749268972563736,0.7898368559719058,0.8031289316043027,0.8175394903476456,0.8298768470158002,0.8408980423021771,0.8521988178924186,0.8622803349425505,0.8713559287315535,0.8803272665796018,0.8885147421596241,0.8959480373181095,0.903126264973034,0.9097565143184501,0.9158206950612946,0.9215921293114788,0.9269550104899806,0.931888540566319,0.9365423727869674,0.9408785992154215,0.9448847140373297,0.9486436960403376,0.9521498462429264,0.95539881333581,0.9584379003613034,0.9612732929357549,0.9639060744740742,0.9663644131818587,0.9686577721394047,0.9707901324852547,0.9727792417740515,0.9746344782774315,0.9763609803403488,0.9779706409333881,0.9794716418620609
0.10608183551394483,-30.0,0.0,0.10608183551394483,0.30699215071582686,0.24301695530586115,0.2998036347420483,0.4286770322746712,0.41721781593107715,0.45266767217358983,0.5360212441410175,0.546405859027435,0.5720229801273936,0.626984172217614,0.6445920523536344,0.6649066380186539,0.702129638659471,0.7204461406114582,0.7372112655020396,0.7631935658530883,0.7796474083013236,0.7936021515281532,0.812283842444949,0.8261283082238979,0.8376852859583148,0.8514728495127268,0.8627417332285834,0.8722248302384213,0.8826165361984102,0.8916301306324843,0.8993389593321337,0.9072954995461677,0.914439907775094,0.9206564290476662,0.9268165839699332,0.9324541893653282,0.9374356944799949,0.9422408715963375,0.9466809127183233,0.9506538278353449,0.9544202225632308,0.9579150629343945,0.9610726730802865,0.964033730566171,0.9667848017564871,0.9692883060533397,0.971620412784036,0.9737867703449841,0.9757683322003234,0.9776069755696171,0.9793136231759076,0.9808802819547116,0.982330688133112,0.9836757183521734,0.9849134213069921,0.9860578899486525,0.987118282647111
0.11937766417144363,-30.0,0.0,0.11937766417144363,0.3438819658113009,0.2658973570864593,0.32614222187675723,0.4732812839068996,0.452761012779418,0.4868049716800926,0.5824724975092359,0.5874878758711378,0.6098146119941649,0.6721803710455321,0.6866588611262618,0.7033195898442102,0.7444353789186426,0.7608022681854318,0.7742013639477534,0.8017921004573861,0.8168437909122261,0.8279223066936311,0.8468427470519465,0.8595105569976673,0.8686831864068805,0.8819590709411795,0.8921412128023711,0.8996636313396023,0.9091842409152409,0.9171617384901372,0.923253842758736,0.9302121646323391,0.9363732997154195,0.9412476422279246,0.946411788400231,0.9511334096176569,0.9549930037189394,0.9588703730179771,0.962475203929102,0.9655056337063401,0.968441222049548,0.9711895469986915,0.9735533513868366,0.9757885868219565,0.9778837717678728,0.9797184347900778,0.9814267062133297,0.983024966094614,0.9844437071246548,0.985752226364855,0.9869725314726094,0.9880667304172766,0.9890703624625901,0.9900029903273866,0.9908453077536037,0.9916156225064352,0.9923290261980957
0.13433993325989002,-30.0,0.0,0.13433993325989002,0.3849725821113984,0.2896835861360148,0.3531656912844854,0.5219133226736028,0.48920867423823255,0.5203240084634418,0.631435504045412,0.628851589715586,0.645808089529486,0.7180359350407763,0.7280763392187122,0.7389988580570923,0.7857184900940369,0.7995259599177429,0.807774062875984,0.8380556239965485,0.8515410415206448,0.858368145643591,0.8781572785440317,0.889729564553043,0.8955453815189047,0.9086513019006469,0.9179405873959607,0.9228696387095986,0.9316980177007402,0.9388696138939953,0.942972817618747,0.9490326653905965,0.9544386458530684,0.9577846276821288,0.9620229777130971,0.9660387804688138,0.9687151767771917,0.9717309179763085,0.9746885453814179,0.9767940642776934,0.9789713573966747,0.9811399178294041,0.9827737071766893,0.984363878312,0.9859511994489865,0.9872049711218156,0.988376306753544,0.9895383365916468,0.9904920915813759,0.9913600466542435,0.9922118057801194,0.9929324244005396,0.993578047608983,0.9942035453813396,0.9947452111753594,0.9952265365907257,0.9956868415561001
0.15117750706156624,-30.0,0.0,0.15117750706156624,0.4306778825433488,0.31399070893084385,0.3804196398327998,0.5749996156701767,0.5260180248667913,0.552175597012641,0.6831309570136628,0.6699847138888215,0.6786447714494639,0.7645171106570433,0.7684607328939472,0.7705641154539746,0.8257512012750069,0.8363939801530597,0.8367326163502281,0.8716675017821176,0.8836745924539018,0.8840366423625861,0.9059256318651413,0.9168648653311697,0.91769618650918,0.9313404702727854,0.940345963479599,0.94157790249108,0.9500863765266647,0.957068845223725,0.958497971934676,0.9638379119736546,0.969042445561171,0.9704823345352185,0.9738758495949156,0.9776502335181145,0.9789756699785019,0.9811713675680482,0.9838558889825699,0.9850020445417274,0.986454272939441,0.9883377806073093,0.9892847207845097,0.9902682547869353,0.9915777816632396,0.9923335976285892,0.9930151498539621,0.9939206946510661,0.9945080381262079,0.9949898818021485,0.9956145997565149,0.9960615157632671,0.9964076113998479,0.9968386674760907,0.9971731037022875,0.9974245236775605,0.9977226049935148
0.17012542798525893,-30.0,0.0,0.17012542798525893,0.48143362270860923,0.33826302903444677,0.4073132035412984,0.6331245254987395,0.5624714376826844,0.5809899305046338,0.7380554665093608,0.7103474763569372,0.7065317729465115,0.8119140036055899,0.8076119810350249,0.7961867482284506,0.864609168216308,0.8715606558042512,0.8595014298576038,0.9025519725589373,0.9136872472956898,0.9037626622109654,0.9300104078445464,0.9415561589932948,0.9344250188574954,0.9499110931911277,0.9601088650123215,0.9554991473985031,0.9643154153235705,0.972557383445467,0.9698864486776346,0.9747065319085455,0.9809848442527456,0.9796552710747872,0.9821671274485593,0.9867431471260288,0.9862607984094627,0.9874938125520119,0.9907129050827779,0.9907149016646486,0.9912741102492024,0.9934715839036903,0.9937140011316723,0.9939405637909342,0.9954013941049473,0.9957331978336503,0.9958101333892071,0.9967581733535376,0.9970942374029041,0.9971135733885796,0.9977152892106222,0.9980137495540695,0.9980176122869107,0.9983916798651291,0.9986369770141739,0.9986417536643908,0.9988698747710694
0.19144819761699575,-30.0,0.0,0.19144819761699575,0.537692180480191,0.3617244117364806,0.43310682190911953,0.6971204284934127,0.5976247112214585,0.6049841644028281,0.7971826107982918,0.749395184652303,0.7270312548116126,0.8610945235368447,0.8456648602092177,0.8132708782166173,0.9028931647232579,0.9058475810667505,0.8737455049391084,0.9309925896908618,0.9429267134717969,0.9157364229682662,0.9504178536140997,0.965454516141133,0.9445536133801086,0.9641822189527681,0.9789729047390348,0.9640692210251499,0.9741195159701912,0.9870103879459021,0.9770932004172616,0.9813770221778901,0.9917715578958786,0.9856472355624367,0.9867014587351711,0.9946063603037683,0.9911693205525042,0.9906019069349927,0.9963239413539897,0.9946684286345941,0.9934413795864957,0.9973985999458096,0.9968416946480734,0.9954881628883704,0.9981021766215166,0.9981627118096614,0.9969451021491491,0.9985872538628838,0.9989473515546826,0.9979670968836145,0.9989381522211882,0.9994021320533822,0.9986723851924415,0.9992013217553126,0.9996591749782546,0.9991505190481839,0.9994028817781029
0.21544346900318834,-30.0,0.0,0.21544346900318834,0.5999145186734373,0.38331670621832037,0.4569100348112256,0.7681996747361681,0.6302244902183085,0.6218335008408307,0.8622803916531948,0.7865891786191028,0.7366988597787798,0.9139290432813739,0.883314697647063,0.8178383482966606,0.942111381614213,0.9412537227897972,0.8755731933255794,0.9578210878610075,0.9744334933942654,0.9166527261601402,0.9671924718555794,0.9922135204865454,0.9456711164476381,0.9734789493805288,1.000753650633242,0.9658817875228087,0.9782882195098569,1.0040268887457755,0.9796645798959799,0.9823348566118963,1.0045245277662467,0.9887973365713458,0.985884006513463,1.0037486589431555,0.9946198068415478,0.9890012915473225,1.0025551304860298,0.9981392219055941,0.9916844429174048,1.001390119282882,1.0001042081126907,0.9939254444858012,1.0004507243038776,1.0010607975895782,0.9957340144205846,0.99979148981699,1.0013972787063818,0.9971413179031103,0.9993928573683453,1.0013810434818375,0.9981950060331891,0.9992032777410568,1.0011889173762145,0.9989517004815276,0.9991635439414838
0.24244620170823283,-30.0,0.0,0.24244620170823283,0.6685584444019493,0.4016240498894187,0.477697531053777,0.8481432107520659,0.6585697792076666,0.6284900816637528,0.9364143005471954,0.8213650368769426,0.7304622431331487,0.9740265581187681,0.922153989719065,0.8033485133573012,0.9853950471620754,0.981896192941487,0.8578739386734157,0.9847826023581047,1.0145961137155923,0.8998166949362991,0.9801374160846659,1.0298006118774548,0.9323516481591136,0.9755338579836877,1.0340949178136487,0.9573595532854416,0.9727331686347785,1.0320235139143024,0.9761234645235989,0.9721805007156284,1.0266812289029956,0.9896712777864648,0.9736354178629301,1.0201132223572917,0.9989221844978484,0.9765612698532177,1.0136007549840627,1.0047316727722686,0.9803552080614704,1.0078746408625867,1.007890273755545,0.984473436062796,1.0032790518150774,1.0091067504712912,0.9884888669612902,0.9998982122122717,1.008991420401078,0.9921067819954116,0.9976534687976699,1.0080463613878583,0.9951561124423254,0.9963758673123726,1.0066641774850724,0.9975683110670572,0.9958583444340698
0.2728333376486768,-30.0,0.0,0.2728333376486768,0.7440619828135135,0.41478070433924474,0.49435590919812955,0.9395637010205371,0.6802742602630351,0.6209316897308206,1.024750879394299,0.8529888033400279,0.700558066252488,1.0480598510075454,0.9651639396058698,0.7584309392212308,1.0389410044268779,1.0357980444467365,0.8068117042538411,1.0153710746003104,1.076759933202793,0.8508134037178293,0.9881897153098543,1.0961002357004574,0.8918038606598613,0.9636595509296944,1.0997831990658682,0.9293989662986093,0.9450336597915738,1.0925444183347914,0.9626086744393286,0.9335647292648425,1.0782816848411672,0.9904656818782873,0.9291927482046272,1.0602122511371366,1.012334731327042,0.9310380879465152,1.0409276870422761,1.028024896072191,0.9377667679469337,1.0224171489961664,1.0377831560978155,0.9478630119257404,1.0060941656242106,1.0422210461183532,0.9598283714268211,0.9928410981350728,1.0422093672134294,0.972319478784757,0.9830735224250418,1.0387646543998983,0.9842337041314269,0.9768204853318181,1.0329430094289185,0.9947512428322876,0.9738138171619656
0.30702906297578497,-30.0,0.0,0.30702906297578497,0.8268203434155663,0.42036010065018065,0.5057796399361124,1.0462630095306633,0.6918567168287283,0.5938262496658531,1.1358530984813147,0.8801515883466389,0.6347308448805222,1.1482330086315748,1.0173808899644265,0.6625064970418639,1.1150963207393587,1.1183249532892734,0.6942719270192881,1.0569726955304453,1.1892796530695926,0.7372227832760639,0.988210296195428,1.23291745204255,0.7925995208558057,0.9194026333946644,1.250906959010482,0.8580744503540645,0.8584888829523126,1.2452484200462788,0.929301654619419,0.8112033708852364,1.2188514887429538,1.001008039637716,0.78124592188227,1.175654175827674,1.0678089575845666,0.7703747926656587,1.1204625690991123,1.124830418214279,0.778526368288516,1.0586281457326463,1.168169938423258,0.8040079864570828,0.9956454636869869,1.1952065291651395,0.8437749451292258,0.9367328627247491,1.2047642989541236,0.8937809357097897,0.8864447717069145,1.1971362583008758,0.9493781216786601,0.8483524682814785,1.1739807322092175,1.0057363278337252,0.8248190026298758
0.34551072945922184,-30.0,0.0,0.34551072945922184,0.917154524206222,0.4152430927522089,0.5110431569513503,1.173703183651485,0.6880407546083842,0.5401187394986937,1.2837839167224123,0.8999840721839321,0.5132250331896391,1.2970008257515513,1.0866123075034677,0.4772738241867869,1.2392522920904485,1.2587372228952765,0.46119513538521495,1.126780049066725,1.4137357168321718,0.48315057625950564,0.9733175662521497,1.5419375250210563,0.5535718919294631,0.7935137991141028,1.6306597439423733,0.6762240750167581,0.6042228845406183,1.6671178389211008,0.8484744347764721,0.4244709277642286,1.6407577960103001,1.0614238028701353,0.2745422011581418,1.5451967347802582,1.3002726780453044,0.1744666643814841,1.3797749738136742,1.5451272701719794,0.14213388735607668,1.150634459401408,1.7723356241737402,0.19124943996322485,0.871208599747938,1.9563528668196308,0.3293576970943873,0.5620176253909377,2.072055084306772,0.5561617892784281,0.24970088699752635,2.0973506299155247,0.8623662409659881,-0.034724422408095174,2.015877897948674,1.229244307666771,-0.2583164871074972
0.3888155180308087,-30.0,0.0,0.3888155180308087,1.01526904703086,0.395464231081491,0.509687618094046,1.3296034220716177,0.6605748928985204,0.4506054324475639,1.4915314657873187,0.9058217944781569,0.3038740178915488,1.536265357494624,1.1835493831484178,0.13008327822434157,1.4657621502597018,1.5122597334039365,-0.020045314470023112,1.2688926952573856,1.8863265034279684,-0.09641814241525315,0.9339648367170531,2.2792520822191644,-0.04738575489455854,0.4580661156682627,2.6447154307495495,0.17786969328661595,-0.14498623753471812,2.9178635605615186,0.6235362821357302,-0.8377261991180163,3.0184468724272815,1.3186779253432923,-1.5536178962361216,2.8569239259724224,2.266782338209165,-2.194116364454918,2.3442790797237003,3.4343781125299726,-2.6295011373776402,1.4058579654257148,4.740178358119294,-2.7048842155282045,-0.0010440117437288121,6.0,-2.2485301155375907,-1.846145029963924,6.0,-1.0153636206037184,-3.577172758176065,6.0,0.8490321614151253,-5.26401406506497,6.0,3.2482345621332183,-6.0
0.43754793750741844,-30.0,0.0,0.43754793750741844,1.1211956149052595,0.35603648031769614,0.5021765673081782,1.5246573366905731,0.5962812576326437,0.3136969723505142,1.7965621758016885,0.8823361992300538,-0.045624520869198715,1.9454857420408251,1.3189988704065851,-0.5184745704359347,1.9155547517958311,1.980563624704546,-1.0320844209108482,1.6052741981352745,2.9110562119761054,-1.4708319832013874,0.8810966850200234,4.1079590820463,-1.655834137289642,-0.4041104559483388,5.493681438352856,-1.3319517079590029,-2.3804932843800453,6.0,-0.04612290496629101,-4.660834994540064,6.0,2.3638631706611424,-6.0,5.872502136407171,5.3316663079640545,-6.0,4.169934974015263,6.0,-6.0,2.2339447409193607,6.0,-6.0,0.43822099317675045,6.0,-5.880679923712089,-1.2438110957716293,6.0,-4.8720831304480505,-2.9427068993870584,6.0,-3.029637170488339,-4.771938839831892,6.0,-0.3441786011528869,-6.0
0.4923882631706739,-30.0,0.0,0.4923882631706739,1.234718587803789,0.29075767513987333,0.49059543774656794,1.7733257706274808,0.47389711138477875,0.11586126344870162,2.259702178866025,0.7952188607411907,-0.6190789380676289,2.6774184913277947,1.491369497749574,-1.7369399888166772,2.8663131886117688,2.83988459367108,-3.2130003599225883,2.490257873375983,5.162577111823545,-4.874114259882188,0.9839366830218692,6.0,-5.722529556979571,-0.857744865436814,6.0,-5.401157868088441,-2.728819344198608,6.0,-3.912170041483595,-4.853404733495163,6.0,-1.117163261726276,-6.0,6.0,2.347602676341615,-6.0,6.0,5.751348068533041,-6.0,4.2792786130266816,6.0,-6.0,2.432942426348008,6.0,-6.0,0.6191234266875805,6.0,-6.0,-1.162751070094796,6.0,-5.482484369541355,-3.0128075954845683,6.0,-3.8139865556860517,-5.151280808741486
0.5541020330009492,-30.0,0.0,0.5541020330009492,1.3552770360270625,0.1920068258390013,0.47969637441623425,2.0945852408301464,0.25908479226058656,-0.1561893544101282,2.9789790060205217,0.5698462542774206,-1.5464368167719664,4.028171899414058,1.6453351211875908,-4.039262274444653,4.969839046216503,4.353657762896447,-6.0,4.468842786558526,6.0,-6.0,2.7406727561050106,6.0,-6.0,0.9362869139371819,6.0,-6.0,-0.9476760121883776,6.0,-6.0,-2.9147255334544915,6.0,-4.713749217599473,-5.29536487637902,6.0,-1.628207353174079,-6.0,6.0,2.1091873871094498,-6.0,6.0,6.0,-6.0,4.339357115503321,6.0,-6.0,2.6054765037117784,6.0,-6.0,0.7951282319592989,6.0,-6.0,-1.0950600790172196,6.0,-6.0,-3.068609537262433
0.6235507341273913,-30.0,0.0,0.6235507341273913,1.481836684351365,0.050546174452159254,0.47842247857912656,2.5123765510827,-0.1032357484803389,-0.5094251846167344,4.110274021644284,0.04822569991709502,-3.01671990858683,6.0,1.7367548792107304,-6.0,6.0,6.0,-6.0,4.582427569445868,6.0,-6.0,3.003888748723564,6.0,-6.0,1.2461056860596562,6.0,-6.0,-0.711274933806432,6.0,-6.0,-2.8909175600250427,6.0,-5.10518784546324,-5.607577336092612,6.0,-1.799509830686719,-6.0,6.0,2.215103838320955,-6.0,6.0,6.0,-6.0,4.582427569445868,6.0,-6.0,3.003888748723564,6.0,-6.0,1.2461056860596562,6.0,-6.0,-0.711274933806432,6.0,-6.0,-2.8909175600250427
0.7017038286703826,-30.0,0.0,0.7017038286703826,1.612723222840474,-0.14464282783037152,0.5020832003947235,3.055265134563345,-0.7002824298975456,-0.9304723198347254,5.895947116029358,-1.095499279622512,-5.270990498408063,6.0,2.6580010093707154,-6.0,6.0,6.0,-6.0,4.85596340034634,6.0,-6.0,3.4926106044000274,6.0,-6.0,1.867897857642335,6.0,-6.0,-0.06827854315837989,6.0,-6.0,-2.375627372973833,6.0,-6.0,-5.125303807543036,6.0,-3.329906216640852,-6.0,6.0,0.711790601671046,-6.0,6.0,5.528296174378238,-6.0,5.319599443709105,6.0,-6.0,4.045127452385023,6.0,-6.0,2.5263343007909467,6.0,-6.0,0.7163826870779291,6.0,-6.0,-1.440543580692011
0.7896522868499725,-30.0,0.0,0.7896522868499725,1.7454061264225262,-0.40644248141785966,0.5753913227172437,3.7544392300754152,-1.6676441657388574,-1.3562848632605253,6.0,-2.193640470460086,-6.0,6.0,2.39185144786394,-6.0,6.0,6.0,-6.0,5.163783003974903,6.0,-6.0,4.0937160127085725,6.0,-6.0,2.724402340251944,6.0,-6.0,0.9721569678778845,6.0,-6.0,-1.2701078300028619,6.0,-6.0,-4.13942710633415,6.0,-4.585894509583493,-6.0,6.0,-0.6694019040264116,-6.0,6.0,4.342346815105715,-6.0,6.0,6.0,-6.0,5.163783003974903,6.0,-6.0,4.0937160127085725,6.0,-6.0,2.724402340251944,6.0,-6.0,0.9721569678778845
0.8886238162743403,-30.0,0.0,0.8886238162743403,1.8762191619730484,-0.7495246818485835,0.7366023929314325,4.6385563355197625,-3.2110864494391063,-1.6169068954831156,6.0,-4.344915754102026,-5.964887900573084,6.0,-0.25279274265563156,-6.0,6.0,5.4343744204122455,-6.0,6.0,6.0,-6.0,5.510183356960192,6.0,-6.0,4.834910467257964,6.0,-6.0,3.903963179030077,6.0,-6.0,2.6205370757830995,6.0,-6.0,0.8511752834186463,6.0,-6.0,-1.5881090231408432,6.0,-6.0,-4.9509644628279945,6.0,-3.853301454984935,-6.0,6.0,0.47062735889180907,-6.0,6.0,6.0,-6.0,5.510183356960192,6.0,-6.0,4.834910467257964,6.0,-6.0,3.903963179030077
1.0,-30.0,0.0,1.0,2.0,-1.19,1.043,5.723,-5.6332699999999996,-1.3299109999999996,6.0,-6.0,-5.0215673899999995,6.0,-3.9578645888999997,-6.0,6.0,0.5427817625389997,-6.0,6.0,6.0,-6.0,5.8999999999999995,6.0,-6.0,5.750999999999999,6.0,-6.0,5.528989999999998,6.0,-6.0,5.198195099999997,6.0,-6.0,4.7053106989999955,6.0,-6.0,3.970912941509993,6.0,-6.0,2.8766602828498895,6.0,-6.0,1.2462238214463355,6.0,-6.0,-1.1831265060449603,6.0,-6.0,-4.8028584940069905,6.0,-4.283740843929584,-6.0,6.0,0.05722614254491987,-6.0,6.0
