K,zeta,omega_n,omega_d,num_complex_pairs,num_real_poles,PO_measured,PO_approx,PO_error_percent,tp_measured,tp_approx,tp_error_percent,ts_measured,ts_approx,ts_error_percent,ess_measured,y_ss,P1_real,P1_imag,P2_real,P2_imag,P3_real,P3_imag,P4_real,P4_imag
0.01,0.0915555590774654,0.0315636850181584,0.0314311165838703,2,0,60.797324752739,74.9129492721989,23.2175092849361,94.1176470588235,99.9516719428919,6.1986514393226,150,1384.16406964517,822.776046430111,0.0939370552689074,1.09393705526891,-0.00288983082838251,0.0314311165838703,-0.997110169171617,3.00719954866616,-0.00288983082838251,-0.0314311165838703,-0.997110169171617,-3.00719954866616
0.0104407747151656,0.0935447923631716,0.0322491484801866,0.0321077382897349,2,0,70.4957766094622,74.4402088241839,5.59527450356834,92.0168067226891,97.8453426161812,6.33420795731105,150,1325.93466278983,783.95644185989,0.0291570093122637,1.02915700931226,-0.00301673989846814,0.0321077382897349,-0.996983260101531,3.00751686418547,-0.00301673989846814,-0.0321077382897349,-0.996983260101531,-3.00751686418547
0.0109009776652841,0.0955769400952164,0.0329493782374027,0.0327985374806227,2,0,81.3420361400541,73.9600777133754,9.07520733064576,89.9759903961585,95.7845347660956,6.45566038713495,150,1270.16354865183,746.77569910122,0.0348318006058038,0.965168199394196,-0.00314920074997087,0.0327985374806227,-0.996850799250029,3.00784816400302,-0.00314920074997087,-0.0327985374806227,-0.996850799250029,-3.00784816400302
0.0113814651978283,0.097652907579834,0.0336646843656376,0.0335037851233362,2,0,93.3840889168944,73.4725021204811,21.3222477483646,87.9351740696278,93.7682904192696,6.63342787611142,150,1216.74694809917,711.164632066111,0.097246501494793,0.902753498505207,-0.00328745431106189,0.0335037851233362,-0.996712545688938,3.00819406429524,-0.00328745431106189,-0.0335037851233362,-0.996712545688938,-3.00819406429524
0.0118831314059023,0.0997736178369501,0.0343953829115682,0.0342237555695661,2,0,106.621297935731,72.9774305658766,31.5545468130902,85.9543817527011,91.7956723716053,6.7958031921051,150,1165.58546328605,677.056975524032,0.157276623695092,0.842723376304908,-0.00343175178997437,0.0342237555695661,-0.996568248210026,3.00855520837577,-0.00343175178997437,-0.0342237555695661,-0.996568248210026,-3.00855520837577
0.0124069097919735,0.101940011851251,0.0351417959704502,0.0349587264639706,2,0,120.975013468192,72.4748140499329,40.0910882568416,84.0336134453782,89.8657637550841,6.9402588685501,150,1116.58389269282,644.389261795215,0.214097189265444,0.785902810734556,-0.00358235509770193,0.0349587264639706,-0.996417644902299,3.00893226788916,-0.00358235509770193,-0.0349587264639706,-0.996417644902299,-3.00893226788916
0.0129537750049377,0.10415304881971,0.0359042517620762,0.0357089786395046,2,0,136.250456244288,71.9646061971568,47.1821172707642,82.1128451380552,87.9776676142249,7.14239345416567,150,1069.65105397449,613.10070264966,0.266883882793856,0.733116117206144,-0.00373953728661066,0.0357089786395046,-0.996260462713389,3.00932594405695,-0.00373953728661066,-0.0357089786395046,-0.996260462713389,-3.00932594405695
0.0135247446537497,0.106413706394916,0.0366830847046946,0.0364747959990396,2,0,152.093683454695,71.4467634041256,53.02450320009,80.31212484994,86.1305064920038,7.24471137195685,150,1024.6996142879,583.133076191933,0.314830184766504,0.685169815233496,-0.0039035830054252,0.0364747959990396,-0.996096416994575,3.0097369689784,-0.0039035830054252,-0.0364747959990396,-0.996096416994575,-3.0097369689784
0.0141208812009941,0.108722980923434,0.0374786354866029,0.037256465382254,2,0,167.952384588015,70.9212449912089,57.7730050304568,78.4513805522209,84.3234220250586,7.48494345351775,150,981.645927782354,554.430618521569,0.357166253976801,0.642833746023199,-0.00407478897104625,0.037256465382254,-0.995925211028954,3.01016610698819,-0.00407478897104625,-0.037256465382254,-0.995925211028954,-3.01016610698819
0.0147432939399196,0.111081887678448,0.0382912511351061,0.0380542764167079,2,0,183.056465295631,70.3880133580382,61.5484690779079,76.7106842737095,82.5555745480017,7.61939530279405,150,940.40987995073,526.939919967153,0.39317924047101,0.60682075952899,-0.00425346445765709,0.0380542764167079,-0.995746535542343,3.01061415607355,-0.00425346445765709,-0.0380542764167079,-0.995746535542343,-3.01061415607355
0.0153931410586167,0.113491461085812,0.0391212850825088,0.0388685213519447,2,0,196.442249461729,69.8470341426978,64.4439857850917,74.9699879951981,80.8261427066766,7.81133206511069,150,900.914738551856,500.609825701237,0.422234596616245,0.577765403383755,-0.00443993180356852,0.0388685213519447,-0.995560068196432,3.01108194935354,-0.00443993180356852,-0.0388685213519447,-0.995560068196432,-3.01108194935354
0.0160716317951783,0.115952754942599,0.0399690972287863,0.0396994948753933,2,0,207.042068442266,69.2982763845907,66.5293740030835,73.2893157262905,79.1343230801918,7.97525163931166,150,863.087010826551,475.391340551034,0.443797834649621,0.556202165350379,-0.00463452693624636,0.0396994948753933,-0.995365473063755,3.01157035662292,-0.00463452693624636,-0.0396994948753933,-0.995365473063755,-3.01157035662292
0.0167800286878548,0.118466842627154,0.0408350540005503,0.040547493908761,2,0,213.845055065458,68.7417126909265,67.8544296149917,71.608643457383,77.4793298115767,8.1982929305002,150,826.856306741678,451.237537827786,0.457456059404858,0.542543940595142,-0.00483759991595451,0.040547493908761,-0.995162400084045,3.01208028596367,-0.00483759991595451,-0.040547493908761,-0.995162400084045,-3.01208028596367
0.0175196499243908,0.121034817299599,0.0417195284058991,0.0414128173835312,2,0,216.101398455515,68.1773194067724,68.4512363667989,69.9879951980792,75.8603942469059,8.39058045912965,148.079231692677,792.155208007773,434.953618378982,0.462938491065255,0.537061508934745,-0.00504951549843342,0.0414128173835312,-0.994950484501567,3.01261268542688,-0.00504951549843342,-0.0414128173835312,-0.994950484501567,-3.01261268542688
0.0182918717949132,0.123657792091645,0.0426229000847119,0.0422957659940876,2,0,213.506129874324,67.6050767885896,68.3357677700477,68.4273709483793,74.2767645827469,8.5483243814529,150,758.919142626372,405.946095084248,0.460135092326749,0.539864907673251,-0.00527065371701826,0.0422957659940876,-0.994729346282982,3.01316854478814,-0.00527065371701826,-0.0422957659940876,-0.994729346282982,-3.01316854478814
0.0190981312529381,0.126336900284456,0.0435455553539152,0.0431966419269028,2,0,206.287451215224,67.0249691811852,67.5089450248446,66.8667466986795,72.7277055217853,8.76513231534501,150,727.086264733837,384.724176489224,0.449112336047908,0.550887663952092,-0.00550141048457885,0.0431966419269028,-0.99449858951542,3.01374889737954,-0.00550141048457885,-0.0431966419269028,-0.99449858951542,-3.01374889737954
0.0199399285892589,0.129073295473283,0.0444878872472139,0.044115748564125,2,0,195.157617002624,66.4369851979759,65.9572676596668,65.3661464585834,71.2124979364975,8.94400510762605,150,696.597339517817,364.398226345211,0.430125103045151,0.569874896954849,-0.00574219821564175,0.044115748564125,-0.994257801784359,3.01435482200161,-0.00574219821564175,-0.044115748564125,-0.994257801784359,-3.01435482200161
0.0208188302236942,0.13186815171741,0.0454502955487467,0.0450533901598024,2,0,181.147865789035,65.8411179044718,63.6533846989119,63.8655462184874,69.7304385407336,9.1831866624645,150,667.395632992426,344.930421994951,0.403623695362547,0.596376304637453,-0.00599344646902326,0.0450533901598024,-0.994006553530977,3.01498744491858,-0.00599344646902326,-0.0450533901598024,-0.994006553530977,-3.01498744491858
0.0217364716198872,0.134722663673917,0.0464331868200844,0.0460098714868747,2,0,165.39458090123,65.2373650048605,60.5565281223944,62.4249699879952,68.2808395690912,9.38065261740958,150,639.426806426835,326.28453761789,0.370254998242554,0.629745001757446,-0.0062556026112704,0.0460098714868747,-0.993744397388729,3.01564794194062,-0.0062556026112704,-0.0460098714868747,-0.993744397388729,-3.01564794194062
0.0226945603285832,0.137638046713607,0.0474369744199508,0.0469854974529513,2,0,148.954287980725,64.6257290315728,56.6137169277494,60.984393757503,66.8630284639555,9.63957226471446,150,612.638815230975,308.42587682065,0.330856933377719,0.669143066622281,-0.00652913250116536,0.0469854974529513,-0.993470867498836,3.01633754059656,-0.00652913250116536,-0.0469854974529513,-0.993470867498836,-3.01633754059656
0.0236948791650472,0.140615537017342,0.048462078516003,0.0479805726827771,2,0,132.68755538853,64.0062175376927,51.7617026327207,59.6038415366146,65.4763475700965,9.85256299272984,150,586.981812110126,291.321208073417,0.286445524179703,0.713554475820297,-0.00681452119550434,0.0479805726827771,-0.993185478804496,3.01705752240117,-0.00681452119550434,-0.0479805726827771,-0.993185478804496,-3.01705752240117
0.0247392895265328,0.143656391650923,0.049508926087961,0.048995401065166,2,0,117.218927803453,63.3788432920661,45.9312207680855,58.2232893157263,64.1201538367109,10.1280167958353,150,562.408054308169,274.938702872113,0.238194145160643,0.761805854839357,-0.00711227367630872,0.048995401065166,-0.992887726323691,3.01780922522087,-0.00711227367630872,-0.048995401065166,-0.992887726323691,-3.01780922522087
0.0258297348559785,0.146761888616493,0.0505779509213299,0.0500302852620506,2,0,102.950136146368,62.7436244769474,39.0543550250941,56.9027611044418,62.793818526811,10.3528498582986,150,538.871814766896,259.247876511264,0.187404852239494,0.812595147760506,-0.00742291559956668,0.0500302852620506,-0.992577084400433,3.01859404574205,-0.00742291559956668,-0.0500302852620506,-0.992577084400433,-3.01859404574205
0.0269682442583731,0.149933326878289,0.0516695935909056,0.0510855261771663,2,0,90.1016724343363,62.1005848880212,31.0772117650996,55.5822328931573,61.4967269338608,10.6409795591923,150,516.329297036127,244.219531357418,0.135472083675069,0.864527916324931,-0.00774699406553358,0.0510855261771663,-0.992253005934467,3.01941344204634,-0.00774699406553358,-0.0510855261771663,-0.992253005934467,-3.01941344204634
0.0281569362765232,0.153172026360464,0.0527843014332018,0.0521614223817415,2,0,78.7618302556812,61.4497541366069,21.980286723753,54.3217286914766,60.2282781055731,10.8732721810882,150,494.73855377617,229.825702517447,0.0838394706912238,0.916160529308776,-0.00808507841054506,0.0521614223817415,-0.991914921589456,3.0202689362973,-0.00808507841054506,-0.0521614223817415,-0.991914921589456,-3.0202689362973
0.0293980228332452,0.156479327914495,0.053922528506877,0.0532582694944254,2,0,68.9305932901567,60.7911678538614,11.8081464960459,53.0612244897959,58.9878845747818,11.1694747755504,150,474.059408701077,216.039605800718,0.0339509837515789,0.966049016248421,-0.00843776102020631,0.0532582694944254,-0.991562238979794,3.02116211754324,-0.00843776102020631,-0.0532582694944254,-0.991562238979794,-3.02116211754324
0.0306938133473207,0.159856593253531,0.0550847355401827,0.0543763595125261,2,0,60.5551303328164,60.1248678967681,0.710530113111117,51.8607442977191,57.7749720973155,11.4040549932033,150,454.253381817374,202.835587878249,0.0128018616810945,1.01280186168109,-0.00880565816372534,0.0543763595125261,-0.991194341836274,3.02209464464082,-0.00880565816372534,-0.0543763595125261,-0.991194341836274,-3.02209464464082
0.0320467190308718,0.163305204850875,0.0562713898643868,0.0555159800914766,2,0,53.5542308546034,59.4509025556958,11.0106551938008,50.6602641056423,56.5889793968011,11.7028906102733,150,435.283617819174,190.189078546116,0.0551345410473523,1.05513454104735,-0.00918941084904713,0.0555159800914766,-0.990810589150954,3.02306824930471,-0.00918941084904713,-0.0555159800914766,-0.990810589150954,-3.02306824930471
0.0334592573761542,0.166826565799568,0.0574829653320614,0.0566774137692815,2,0,47.8354262381295,58.7693267632978,22.8573285220419,49.5198079231693,55.4293579163363,11.933709440747,150,417.114817506409,178.076545004272,0.0919231872144899,1.09192318721449,-0.00958968569832344,0.0566774137692815,-0.990410314301677,3.02408473928826,-0.00958968569832344,-0.0566774137692815,-0.990410314301677,-3.02408473928826
0.0349340568401168,0.170422099629876,0.0587199422190523,0.0578609371325231,2,0,43.3046253959457,58.0802023045079,34.1200894210841,48.3793517406963,54.2955715769756,12.228811721143,150,399.713172098566,166.475448065711,0.122254471225294,1.12225447122529,-0.0100071758431159,0.0578609371325231,-0.989992824156885,3.02514600170061,-0.0100071758431159,-0.0578609371325231,-0.989992824156885,-3.02514600170061
0.0364738617354449,0.174093250081239,0.059982807108872,0.0590668199203329,2,0,39.871513510675,57.3835980273765,43.9212936123251,47.2388955582233,53.187096542984,12.5917443972189,150,383.046300321653,155.364200214435,0.145468627228151,1.14546862722815,-0.0104426018385796,0.0590668199203329,-0.989557398161421,3.0262540064659,-0.0104426018385796,-0.0590668199203329,-0.989557398161421,-3.0262540064659
0.0380815373371879,0.177841480825017,0.0612720527581802,0.0602953240625495,2,0,37.4514848823633,56.6795900544851,51.3413693275929,46.1584633853541,52.1034209938195,12.8794530243216,150,367.083188151372,144.722125434248,0.161192591174328,1.16119259117433,-0.0108967125957034,0.0602953240625495,-0.989103287404297,3.02741080993008,-0.0108967125957034,-0.0602953240625495,-0.989103287404297,-3.02741080993008
0.0397600752144746,0.18166827513414,0.0625881779419349,0.0615467026481009,2,0,35.9648038656489,55.9682619946573,55.6195390463797,45.078031212485,51.0440449028138,13.234858599318,137.094837935174,351.794131100314,156.606402107322,0.169360489078009,1.16936048907801,-0.0113702863304999,0.0615467026481009,-0.988629713669501,3.02861855862157,-0.0113702863304999,-0.0615467026481009,-0.988629713669501,-3.02861855862157
0.0415125987972368,0.185575135495501,0.0639316872767066,0.0628211988194528,2,0,35.3348391793578,55.2497051546778,56.3604262474015,44.0576230492197,50.0084798225307,13.5069855372427,135.054021608643,337.150678941789,149.64134716312,0.170219222993759,1.17021922299376,-0.0118641315288308,0.0628211988194528,-0.98813586847117,3.02987949317151,-0.0118641315288308,-0.0628211988194528,-0.98813586847117,-3.02987949317151
0.0433423691883003,0.189563583160678,0.0653030910205619,0.0641190445887713,2,0,35.4838618717891,54.5240187507175,53.6586376864069,43.0372148859544,48.9962486767926,13.8462347218082,132.112845138055,323.125582767423,144.583017215142,0.164317661836592,1.16431766183659,-0.0123790879253256,0.0641190445887713,-0.987620912074674,3.03119595240024,-0.0123790879253256,-0.0641190445887713,-0.987620912074674,-3.03119595240024
0.0452527912316578,0.193635157630259,0.066702904847826,0.0654404595712525,2,0,36.3291169779587,53.7913101191562,48.0666600066059,42.0168067226891,48.0068855593714,14.256387631304,150,309.692744279988,106.461829519992,0.152478926509446,1.15247892650945,-0.012916027494605,0.0654404595712525,-0.987083972505394,3.0325703775762,-0.012916027494605,-0.0654404595712525,-0.987083972505394,-3.0325703775762
0.047247419848216,0.197791416066807,0.0681316495969355,0.0667856496308624,2,0,37.7781205699151,53.0516949264738,40.4296829120769,41.0564225690276,47.0399355393561,14.5738780827007,150,296.827167227079,97.8847781513862,0.135756414547382,1.13575641454738,-0.0134758554527454,0.0667856496308624,-0.986524144547254,3.03400531685416,-0.0134758554527454,-0.0667856496308624,-0.986524144547254,-3.03400531685416
0.0493299666508066,0.202033932631104,0.0695898509894894,0.068154805433536,2,0,39.7233065784896,52.305297377883,31.6740772184526,40.0960384153661,46.0949544732168,14.9613684915857,150,284.504910885276,89.6699405901843,0.11537546145723,1.11537546145723,-0.0140595112666191,0.068154805433536,-0.985940488733381,3.03550342989943,-0.0140595112666191,-0.068154805433536,-0.985940488733381,-3.03550342989943
0.0515043068507703,0.206364297736081,0.0710780393185011,0.0695481009026752,2,0,42.0395629740307,51.5522504243565,22.6279408665645,39.1956782713085,45.1715088235996,15.2461465545437,150,272.703045508197,81.802030338798,0.0926637824242424,1.09266378242424,-0.01466796966842,0.0695481009026752,-0.98533203033158,3.03706749270513,-0.01466796966842,-0.0695481009026752,-0.98533203033158,-3.03706749270513
0.0537744864689653,0.210784117212432,0.0725967491037431,0.0709656915715868,2,0,44.5823842341809,50.7926959676956,13.9299677219893,38.2953181272509,44.269175484899,15.5994457019462,150,261.399609655509,74.2664064370059,0.0689749593758759,1.06897495937588,-0.0153022416723249,0.0709656915715868,-0.984697758327676,3.0387004026097,-0.0153022416723249,-0.0709656915715868,-0.984697758327676,-3.0387004026097
0.0561447298646186,0.215295011379585,0.0741465187119611,0.0724077128272992,2,0,47.1912584445669,50.0267850632781,6.00858445434751,37.3949579831933,43.3875416156682,16.0251112868429,150,250.573569323506,67.0490462156706,0.0456101072507782,1.04561010725078,-0.0159633755898482,0.0724077128272992,-0.984036624410152,3.04040518352192,-0.0159633755898482,-0.0724077128272992,-0.984036624410152,-3.04040518352192
0.0586194475960312,0.21989861401532,0.0757278899396183,0.0738742780400059,2,0,49.6963344154111,49.2546781201135,0.888710003449605,36.4945978391357,42.5262044779442,16.5273958227879,150,240.204778801146,60.1365192007639,0.0237433486716085,1.02374334867161,-0.0166524580400268,0.0738742780400059,-0.983347541959974,3.04218499136093,-0.0166524580400268,-0.0738742780400059,-0.983347541959974,-3.04218499136093
0.0612032446277617,0.224596571216975,0.0773414075557103,0.0753654765721918,2,0,51.9312789275387,48.4765450978215,6.6525105891146,35.6542617046819,41.6847712835796,16.9138534653933,150,230.273943178697,53.5159621191313,0.00435674944700493,1.004356749447,-0.0173706149501072,0.0753654765721918,-0.982629385049893,3.04404311971876,-0.0173706149501072,-0.0753654765721918,-0.982629385049893,-3.04404311971876
0.0639009288995628,0.229390540146706,0.0789876188020659,0.0768813716613241,2,0,53.7481542688712,47.6925657001474,11.2665981764344,34.8139255702281,40.8628590476905,17.3750399542282,150,220.762582439207,47.1750549594716,0.0118101411680547,0.988189858831945,-0.018119012541908,0.0768813716613241,-0.981880987458091,3.04598300575306,-0.018119012541908,-0.0768813716613241,-0.981880987458091,-3.04598300575306
0.066717520273015,0.234282187652974,0.0806670728484278,0.078421998169819,2,0,55.0345684025997,46.9029295646102,14.7755112359624,34.0336134453782,40.0600944493512,17.7074380116738,150,211.652997065928,41.1019980439517,0.0242920476122271,0.975707952387773,-0.0188988582984915,0.078421998169819,-0.981101141701508,3.04800823631779,-0.0188988582984915,-0.078421998169819,-0.981101141701508,-3.04800823631779
0.0696582598725042,0.239273188759866,0.0823803201994788,0.0799873601958509,2,0,55.7261645966223,46.1078364478827,17.2599858941711,33.2533013205282,39.2761136996837,18.1119231474242,136.974789915966,202.928235101694,48.1500612092125,0.0329084505823196,0.96709154941768,-0.0197114019051881,0.0799873601958509,-0.980288598094812,3.05012255433961,-0.0197114019051881,-0.0799873601958509,-0.980288598094812,-3.05012255433961
0.0727286198379276,0.244365225015596,0.0841279120508506,0.0815774285384313,2,0,55.8141205774569,45.3074964064761,18.824311952385,32.4729891956783,38.510562417517,18.5926007164202,135.47418967587,194.57206059889,43.6229742834515,0.0377521045469231,0.962247895453077,-0.0205579361583984,0.0815774285384313,-0.979442063841601,3.05232986544772,-0.0205579361583984,-0.0815774285384313,-0.979442063841601,-3.05232986544772
0.0759343135072724,0.249559982690923,0.085910399591033,0.0831921380100861,2,0,55.3423873691714,44.5021299723136,19.5876215540647,31.6926770708283,37.7630955128105,19.1540097051937,133.43337334934,186.568923401282,39.8217842494538,0.0391569531820004,0.960843046818,-0.0214397978349084,0.0831921380100861,-0.978560202165093,3.05463424486505,-0.0214397978349084,-0.0831921380100861,-0.978560202165093,-3.05463424486505
0.0792813060480187,0.254859150817904,0.0877283332459664,0.08483138459037,2,0,54.3977909980679,43.6919683227506,19.6806202584542,30.9723889555822,37.0333770780681,19.5690042869409,130.672268907563,178.903930201454,36.9104031766751,0.0376488048813119,0.962351195118688,-0.0223583685137371,0.08483138459037,-0.977641631486263,3.05703994456832,-0.0223583685137371,-0.08483138459037,-0.977641631486263,-3.05703994456832
0.0827758255571458,0.26026441905892,0.0895822618629911,0.0864950224134185,2,0,53.0954841760355,42.8772534445967,19.245009043633,30.2521008403361,36.3210802879961,20.0613487297648,127.430972388956,171.56281681991,34.6319608205232,0.03388383316545,0.96611616683455,-0.0233150753417554,0.0864950224134185,-0.976684924658245,3.05955140072467,-0.0233150753417554,-0.0864950224134185,-0.976684924658245,-3.05955140072467
0.0864243746504005,0.26577747539543,0.0914727318306995,0.0881828605827234,2,0,51.5611232496956,42.0582382916843,18.4303295954039,29.53181272509,35.6258873076894,20.6356265337614,123.769507803121,164.531921654259,32.9341326265741,0.0285811479232686,0.971418852076731,-0.0243113917334865,0.0881828605827234,-0.975688608266513,3.06217324141214,-0.0243113917334865,-0.0881828605827234,-0.975688608266513,-3.06217324141214
0.0902337425623899,0.271400003625534,0.093400286131136,0.0898946598063577,2,0,49.9153475657259,41.2351869355111,17.3897629757766,28.8115246098439,34.9474892096717,21.2969104652355,119.927971188475,157.798160248984,31.5774449323364,0.0224561704982189,0.977543829501781,-0.0253488379946162,0.0898946598063577,-0.974651162005384,3.06491029463121,-0.0253488379946162,-0.0898946598063577,-0.974651162005384,-3.06491029463121
0.0942110177800162,0.277133680658963,0.0953654633206811,0.0916301288459633,2,0,48.2628442645849,40.4083747084773,16.2743611069586,28.1512605042017,34.2855859001468,21.7905887199244,116.146458583433,151.349000938464,30.3087522291896,0.0161612503929516,0.983838749607048,-0.0264289818578077,0.0916301288459633,-0.973571018142192,3.06776759661422,-0.0264289818578077,-0.0916301288459633,-0.973571018142192,-3.06776759661422
0.0983636012327608,0.282980173597721,0.097368796435873,0.0933889207729649,2,0,46.6851988215255,39.5780883392145,15.2234769514018,27.4909963985594,33.6398860548697,22.3669217629102,112.424969987995,145.172441517827,29.1282902128672,0.0102389012277044,0.989761098772296,-0.0275534389184245,0.0933889207729649,-0.972446561081575,3.070750400439,-0.0275534389184245,-0.0933889207729649,-0.972446561081575,-3.070750400439
0.1,0.285246732980024,0.0981453046217114,0.0940677716337116,2,0,46.1140293744851,39.2596335941608,14.8640139959595,27.2509003601441,33.3971199596688,22.5541891031016,111.044417767107,142.879455011463,28.6687416481605,0.00816141071915211,0.991838589280848,-0.0279956275006725,0.0940677716337116,-0.972004372499328,3.07192570054304,-0.0279956275006725,-0.0940677716337116,-0.972004372499328,-3.07192570054304
0.102699220064364,0.288941136590208,0.0994108118203394,0.0951706290256868,2,0,45.2382403786526,38.7446260794932,14.354259239101,26.8307322929172,33.0101070650891,23.0309583231284,128.631452581032,139.256986898197,8.26044805058134,0.00509133762114711,0.994908662378853,-0.0287238729567241,0.0951706290256868,-0.971276127043277,3.07386418495263,-0.0287238729567241,-0.0951706290256868,-0.971276127043277,-3.07386418495263
0.107225942011524,0.29501820744635,0.101492027868956,0.0969747832613438,2,0,43.9525938908114,37.9082978221697,13.7518529251246,26.2304921968788,32.3959749940694,23.5050213732714,128.631452581032,133.591627704668,3.85611374520583,0.000967890743791666,0.999032109256208,-0.0299419961319945,0.0969747832613438,-0.970058003868006,3.07711466401072,-0.0299419961319945,-0.0969747832613438,-0.970058003868006,-3.07711466401072
0.111952190416373,0.301213004000882,0.103612953685316,0.0988008449972594,2,0,42.8372703937514,37.0694252096147,13.4645488172329,25.5702280912365,31.7972245447591,24.352526036546,127.310924369748,128.165819777129,0.671502003157326,0.00203033641544526,1.00203033641545,-0.0312095690329583,0.0988008449972594,-0.968790430967043,3.08050779603659,-0.0312095690329583,-0.0988008449972594,-0.968790430967043,-3.08050779603659
0.116886759900667,0.307527120211773,0.105774087648572,0.10064820303613,2,0,41.8830823232141,36.2283417320303,13.5012522420052,24.9699879951981,31.2135990392402,25.0044615369572,125.210084033613,122.96946453571,1.78948805537258,0.00393122622259878,1.0039312262226,-0.032528400567593,0.10064820303613,-0.967471599432407,3.08404979390423,-0.032528400567593,-0.10064820303613,-0.967471599432407,-3.08404979390423
0.122038832730851,0.313962121980534,0.107975915885745,0.102516168670744,2,0,41.0682451065096,35.3853928150419,13.8375824842998,24.3697478991597,30.6448504106683,25.7495585817078,122.328931572629,117.992890174243,3.54457554941668,0.00486199343833027,1.00486199343833,-0.0339003476742802,0.102516168670744,-0.96609965232572,3.08774713514751,-0.0339003476742802,-0.102516168670744,-0.96609965232572,-3.08774713514751
0.12741799590446,0.32051954268107,0.110218910645645,0.104403970664267,2,0,40.36399270629,34.5409358959038,14.4263647373982,23.8295318127251,30.0907392084946,26.2749912376625,118.607442977191,113.226833646665,4.53648539709336,0.00501413426466324,1.00501413426466,-0.0353273148349479,0.104403970664267,-0.964672685165053,3.09160657249735,-0.0353273148349479,-0.104403970664267,-0.964672685165053,-3.09160657249735
0.133034258989635,0.327200878383778,0.112503528570633,0.106310750003014,2,0,39.7375112479597,33.6953404876215,15.2052067947472,23.2893157262905,29.5510346178606,26.8866589519479,92.4969987995198,108.662423412752,17.4767017557725,0.00460804904314216,1.00460804904314,-0.0368112533695854,0.106310750003014,-0.963188746630414,3.09563514474689,-0.0368112533695854,-0.106310750003014,-0.963188746630414,-3.09563514474689
0.138898072750978,0.334007582761648,0.114830208862616,0.108235554419621,2,0,39.1583903953448,32.8489882302416,16.1125166315654,22.6890756302521,29.0255144941567,27.9272675853573,90.4561824729892,104.291162911002,15.2946764497208,0.00386174214483526,1.00386174214484,-0.0383541604902176,0.108235554419621,-0.961645839509783,3.0998401879432,-0.0383541604902176,-0.108235554419621,-0.961645839509783,-3.0998401879432
0.145020348596364,0.340941061665443,0.117199371339863,0.110177332685638,2,0,38.5997362585135,32.0022729285056,17.0919906960577,22.2088835534214,28.5139654138615,28.3899091337656,88.4753901560624,100.104914727803,13.1443608795933,0.0029667751008271,1.00296677510083,-0.0399580780911352,0.110177332685638,-0.960041921908866,3.10422934690259,-0.0399580780911352,-0.110177332685638,-0.960041921908866,-3.10422934690259
0.151412478880941,0.348002667355421,0.119611414381465,0.112134928673846,2,0,38.0411911877668,31.1556005749975,18.1003548989381,21.6686674669868,28.0161827429113,29.2935192512196,86.5546218487395,96.0958854333581,11.0234016171807,0.00207311523836573,1.00207311523837,-0.0416250912509045,0.112134928673846,-0.958374908749096,3.1088105870441,-0.0416250912509045,-0.112134928673846,-0.958374908749096,-3.1088105870441
0.158086358106067,0.355193692377691,0.122066712756653,0.11410707519206,2,0,37.4684936287419,30.3093893578425,19.1069978468728,21.1284513805522,27.5319707240063,30.3075659835072,84.6338535414166,92.2566110560274,9.00674753144792,0.00128296768658354,1.00128296768658,-0.0433573264204427,0.11410707519206,-0.956642673579558,3.11359220653399,-0.0433573264204427,-0.11410707519206,-0.956642673579558,-3.11359220653399
0.165054405052644,0.362515363074098,0.124565615336529,0.116092387591824,2,0,36.8748163264956,29.4640696519314,20.0970402372943,20.6482593037215,27.0611425844346,31.0577428653141,82.6530612244898,88.5799431679825,7.17079543780602,0.000652364665252092,1.00065236466525,-0.0451569492702702,0.116092387591824,-0.954843050729729,3.11858284873125,-0.0451569492702702,-0.116092387591824,-0.954843050729729,-3.11858284873125
0.172329585890035,0.369968832715647,0.127108442686336,0.118089357157212,2,0,36.2580402613825,28.6200839925462,21.0655518438797,20.1680672268908,26.6035206661969,31.9091233032263,80.672268907563,85.0590355561612,5.43776282482481,0.000198399876641719,1.00019839987664,-0.0470261621689674,0.118089357157212,-0.952973837831033,3.12379151492143,-0.0470261621689674,-0.118089357157212,-0.952973837831033,-3.12379151492143
0.179925438303563,0.377555174250763,0.129695484536964,0.120096344280996,2,0,35.6203866790603,27.7778870301619,22.0168852167703,19.68787515006,26.1589365804444,32.868257143355,78.5714285714286,81.6873314536293,3.96569457734636,9.03786783198468e-05,0.99990962132168,-0.0489672012638905,0.120096344280996,-0.951032798736109,3.12922757732313,-0.0489672012638905,-0.120096344280996,-0.951032798736109,-3.12922757732313
0.187856096685493,0.385275372661421,0.132326997135099,0.122111571437626,2,0,34.9661784607412,26.9379454650737,22.9599954844403,19.2076830732293,25.7272313885053,33.9423984164059,76.3505402160864,78.4585513074853,2.76096421247682,0.000242791969496281,0.999757208030504,-0.050982333134392,0.122111571437626,-0.949017666865608,3.13490079234788,-0.050982333134392,-0.122111571437626,-0.949017666865608,-3.13490079234788
0.196136318436359,0.393130316922132,0.135003200472291,0.12413311596489,2,0,34.301063396746,26.1007379603692,23.9069131517209,18.7875150060024,25.308255812078,34.7078408400064,73.9495798319328,75.3666810604465,1.91630734310377,0.00029495912807842,0.999705040871922,-0.0530738509871739,0.12413311596489,-0.946926149012826,3.14082131409055,-0.0530738509871739,-0.12413311596489,-0.946926149012826,-3.14082131409055
0.204781511425601,0.401120791559228,0.137724275394164,0.126158902668707,2,0,33.6298566439916,25.2667550316129,24.868085822997,18.3073229291717,24.9018704755193,36.0213646302134,71.2484993997599,72.4059609242147,1.62454161730556,0.00028253154592417,0.999717468454076,-0.0552440703630284,0.126158902668707,-0.944755929636972,3.14699970802349,-0.0552440703630284,-0.126158902668707,-0.944755929636972,-3.14699970802349
0.21380776266258,0.409247467810697,0.140490360592117,0.128186696268238,2,0,32.9575066338304,24.4364989114491,25.8545278229108,17.8871548619448,24.5079461835558,37.014222623503,54.3217286914766,69.5708746236406,28.0719084231882,0.000235708486776343,0.999764291513224,-0.0574953243241357,0.128186696268238,-0.942504675675867,3.15344696486285,-0.0574953243241357,-0.128186696268238,-0.942504675675867,-3.15344696486285
0.223231868231359,0.417510894390133,0.143301549481144,0.13021409370142,2,0,32.2868454769345,23.6104833871438,26.8727463511077,17.4669867947179,24.1263642382171,38.1255079754971,53.1812725090036,66.856139091586,25.7136881789868,0.000176900771827304,0.999823099228173,-0.0598299580913641,0.13021409370142,-0.940170041908636,3.16017451457131,-0.0598299580913641,-0.13021409370142,-0.940170041908636,-3.16017451457131
0.233071364544915,0.425911487862214,0.14615788696883,0.132238516314001,2,0,31.6200249812467,22.7892336088899,27.9278443884666,17.046818727491,23.757016799327,39.3633450270381,52.0408163265306,64.2566945952335,23.4736484378996,0.000120499304067878,0.999879500695932,-0.0622503231016915,0.132238516314001,-0.937749676898309,3.16719424045586,-0.0622503231016915,-0.132238516314001,-0.937749676898309,-3.16719424045586
0.243344560976969,0.434449522641437,0.149059366122212,0.134257201958216,2,0,30.958836254284,21.9732858664805,29.0241865488727,16.6866746698679,23.3998072935225,40.2304998237715,50.9603841536615,61.767695275409,21.2072795392596,7.40203036337928e-05,0.999925979696366,-0.0647587704570302,0.134257201958216,-0.93524122954297,3.17451849331444,-0.0647587704570302,-0.134257201958216,-0.93524122954297,-3.17451849331444
0.254070573932141,0.443125120630859,0.152005924740969,0.136267197030306,2,0,30.3030867289841,21.1631873317184,30.1616118483523,16.2665066026411,23.0546508775042,41.73080576355,49.8199279711885,59.3845000812612,19.1982857052784,3.99099273727943e-05,0.999960090072627,-0.0673576437374473,0.136267197030306,-0.932642356262552,3.18216010557907,-0.0673576437374473,-0.136267197030306,-0.932642356262552,-3.18216010557907
0.265269362417831,0.45193824052313,0.154997441847413,0.138265348479005,2,0,29.6534883858338,20.3594957636713,31.3419874964945,15.906362545018,22.7214749620859,42.8451973088119,48.7394957983193,57.1026640834013,17.158914240082,1.74346414260063e-05,0.999982565358574,-0.0700492711541058,0.138265348479005,-0.929950728845894,3.19013240539783,-0.0700492711541058,-0.138265348479005,-0.929950728845894,-3.19013240539783
0.276961765184018,0.460888666792325,0.158033734105917,0.140248295819943,2,0,29.0095472029865,19.5627791736083,32.5643415365189,15.546218487395,22.4002198046178,44.087900364839,47.6590636254502,54.9179301493323,15.2308206911683,4.28749111813786e-06,0.999995712508882,-0.072835957020289,0.140248295819943,-0.927164042979712,3.19844923059117,-0.072835957020289,-0.140248295819943,-0.927164042979712,-3.19844923059117
0.289169539500093,0.469975998412008,0.161114552186799,0.142212463193334,2,0,28.3713341729798,18.7736154461465,33.8289298216155,15.1860744297719,22.0908391785528,45.4677394129208,46.6386554621849,52.8262209656921,13.2670323408533,2.25868786785099e-06,1.00000225868787,-0.0757199725226946,0.142212463193334,-0.924280027477305,3.20712494241263,-0.0757199725226946,-0.142212463193334,-0.924280027477305,-3.20712494241263
0.301915401640864,0.479199637342448,0.16423957709221,0.144154051504302,2,0,27.7387648029139,17.9925919128209,35.1355691550806,14.8259303721489,21.7933011303261,46.9944926442242,45.5582232893157,50.8236313925182,11.5575361000466,4.66332135018455e-06,1.00000466332135,-0.0787035457798642,0.144154051504302,-0.921296454220136,3.21617443903718,-0.0787035457798642,-0.144154051504302,-0.921296454220136,-3.21617443903718
0.3152230691571,0.488558776838172,0.167408416464326,0.146069030686563,2,0,27.1116326223585,17.220304873943,36.4837038262991,14.4657863145258,21.5075888353848,48.6790165964774,44.4777911164466,48.9064211353914,9.95694684421321,4.8118042819123e-06,1.00000481180428,-0.0817888511802263,0.146069030686563,-0.918211148819774,3.2256131686943,-0.0817888511802263,-0.146069030686563,-0.918211148819774,-3.2256131686943
0.329117305009234,0.498052389635859,0.170620600899019,0.147953132130576,2,0,26.4902427902046,16.4573590642375,37.8738836235846,14.1656662665066,21.2337015671772,49.8955373343951,43.4573829531813,47.0710077219462,8.31532992370501,3.96905582022988e-06,1.00000396905582,-0.0849779979988627,0.147953132130576,-0.915022002001137,3.23545714235701,-0.0849779979988627,-0.147953132130576,-0.915022002001137,-3.23545714235701
0.343623963646385,0.507679216092027,0.173875580291202,0.149801841316615,2,0,25.8746006530513,15.7043670573561,39.3058572461327,13.8055222088836,20.9716557952705,51.9077328474814,42.3769507803121,45.313959769854,6.93067560421643,2.87516221320061e-06,1.00000287516221,-0.088273018299784,0.149801841316615,-0.911726981700216,3.24572294589203,-0.088273018299784,-0.149801841316615,-0.911726981700216,-3.24572294589203
0.358770039116416,0.517437752349925,0.17717272024116,0.15161039069101,2,0,25.2650932608803,14.9619486039278,40.7801568375985,13.5054021608643,20.7214864315766,53.4310950889186,41.296518607443,43.6319905339712,5.6553724267384,1.89261407723684e-06,1.00000189261408,-0.0916758541393077,0.15161039069101,-0.908324145860691,3.25642775157109,-0.0916758541393077,-0.15161039069101,-0.908324145860691,-3.25642775157109
0.374583715296564,0.527326238625416,0.180511298554375,0.15337375281982,2,0,24.66165296718,14.2307298973487,42.2961229878339,13.2052821128451,20.4832482470483,55.1140526344659,40.2761104441777,42.0219517209276,4.33468191813019,1.14862863997978e-06,1.00000114862864,-0.0951883440960677,0.15337375281982,-0.904811655903932,3.26758932883864,-0.0951883440960677,-0.15337375281982,-0.904811655903932,-3.26758932883864
0.391094418338115,0.537342647712356,0.183890501870537,0.155086633847907,2,0,24.0646590502704,13.5113427609999,43.8540029477455,12.9051620648259,20.2570174852769,56.9683308394015,39.1356542617047,40.4808275599858,3.43720661800065,6.45884481675907e-07,1.00000064588448,-0.0988122091642683,0.155086633847907,-0.901187790835732,3.27922605422737,-0.0988122091642683,-0.155086633847907,-0.901187790835732,-3.27922605422737
0.408332871422699,0.547484673818769,0.187309422460574,0.156743467282326,2,0,23.474271928581,12.8044237500289,45.4533721472362,12.6050420168067,20.0428937043427,59.0069567211191,38.0552220888355,39.0057291195485,2.49770459490191,3.35778095106321e-07,1.0000003357781,-0.10254903805901,0.156743467282326,-0.897450961940991,3.29135692031014,-0.10254903805901,-0.156743467282326,-0.897450961940991,-3.29135692031014
0.426331151932107,0.5577497218559,0.190767055233558,0.158338408106518,2,0,22.8904222228214,12.1106131602082,47.093098404563,12.3049219687875,19.8410018842452,61.2444348251338,36.9147659063625,37.5938888592166,1.83970543000787,1.59662944199113e-07,1.00000015966294,-0.106400271995786,0.158338408106518,-0.893599728004214,3.30400154357543,-0.106400271995786,-0.158338408106518,-0.893599728004214,-3.30400154357543
0.445122751138016,0.568134897312746,0.194262294998147,0.15986532721531,2,0,22.3134481181503,11.4305539356849,48.7728034001746,12.0648259303721,19.651494844524,62.8825393580942,35.7142857142857,36.2426554078191,1.4794351418934,6.75884805900751e-08,1.00000006758848,-0.110367189020511,0.15986532721531,-0.889632810979491,3.31718017111341,-0.110367189020511,-0.15986532721531,-0.889632810979491,-3.31718017111341
0.464742636522675,0.578636996858525,0.197793934025755,0.161317806139409,2,0,21.7435435240705,10.7648904666364,50.4915541723021,11.7647058823529,19.4745560256062,65.5337262176527,34.3937575030012,34.9494885583299,1.61579046802382,2.36920483231984e-08,1.00000002369205,-0.114450887981496,0.161317806139409,-0.885549112018504,3.33091368600152,-0.114450887981496,-0.161317806139409,-0.885549112018504,-3.33091368600152
0.485227316846533,0.589252499824678,0.201360659964721,0.162689132000903,2,0,21.1808683351181,10.1142672669158,52.24809905387,11.5246098439376,19.3104026983951,67.5579734141992,32.8331332533013,33.7119544710714,2.67662915686455,5.09701481021807e-09,1.00000000509701,-0.118652272250559,0.162689132000903,-0.881347727749441,3.34522361128233,-0.118652272250559,-0.162689132000903,-0.881347727749441,-3.34522361128233
0.5,0.596698214483106,0.203860517278633,0.163591077928074,2,0,20.7941578552691,9.6710973573371,53.4912766140875,11.3445378151261,19.2039363844223,69.2791429441669,31.0924369747899,32.8830529028761,5.75900798492575,2.07696748688591e-10,0.999999999792303,-0.121643206663763,0.163591077928074,-0.878356793336236,3.35552465128028,-0.121643206663763,-0.163591077928074,-0.878356793336236,-3.35552465128028
0.506614910083892,0.599977560725764,0.204961054156359,0.163972292607282,2,0,20.625629901989,9.47932752067867,54.0410277614622,11.2845138055222,19.1592896802022,69.7839181234938,22.8091236494598,32.5277210770724,42.6083771431647,1.4234976530858e-09,0.999999998576502,-0.122972033316513,0.163972292607282,-0.877027966683486,3.36013211243241,-0.122972033316513,-0.163972292607282,-0.877027966683486,-3.36013211243241
0.528945214352979,0.610808002984918,0.208593590404734,0.165159971549194,2,0,20.0789741997492,8.86071148566815,55.8706963935496,10.984393757503,19.0215136520174,73.1685341216444,22.4489795918367,31.394553673897,39.8484663655412,2.83731349526306e-09,0.999999997162687,-0.127410634390569,0.165159971549194,-0.872589365609429,3.37566199822986,-0.127410634390569,-0.165159971549194,-0.872589365609429,-3.37566199822986
0.552259781972442,0.621739314033786,0.212256634252195,0.166244543115056,2,0,19.540810546062,8.2590547392523,57.7343287793315,10.7442977190876,18.8974181932427,75.8832330164381,22.0888355342137,30.3103107066917,37.2200479275771,2.46685538662916e-09,0.999999997533145,-0.13196829417908,0.166244543115056,-0.868031705820921,3.39183671993886,-0.13196829417908,-0.166244543115056,-0.868031705820921,-3.39183671993886
0.576601996782074,0.632766641958744,0.215948442812048,0.16721806677177,2,0,19.0110288822936,7.67498625136653,59.6287697058058,10.5042016806723,18.787399676601,78.8560449212415,21.7286914765906,29.2729397276095,34.7202143265122,1.71151415262472e-09,0.999999998288486,-0.136644970994399,0.16721806677177,-0.863355029005601,3.4086803687443,-0.136644970994399,-0.16721806677177,-0.863355029005601,-3.4086803687443
0.602017154871626,0.643884793864266,0.219667165208097,0.168072280882683,2,0,18.4895078761892,7.10912626612261,61.550484124687,10.3241296518607,18.6919141995977,81.0507503286617,21.4285714285714,28.2804735271584,31.9755431267391,1.05643915837561e-09,0.999999998943561,-0.141440347388763,0.168072280882683,-0.858559652611237,3.4262176713861,-0.141440347388763,-0.168072280882683,-0.858559652611237,-3.4262176713861
0.62855254886796,0.655088236120199,0.223410843668017,0.16879859523861,2,0,17.9758536937454,6.5620839708841,63.495007899584,10.0840336134454,18.611485771839,84.5639005707368,21.0684273709484,27.3310264313865,29.7250428338744,6.04340910648204e-10,0.999999999395659,-0.146353815508607,0.16879859523861,-0.853646184491393,3.44447398396271,-0.146353815508607,-0.16879859523861,-0.853646184491393,-3.44447398396271
0.656257555937348,0.666371096652028,0.227177415313634,0.169388081861165,2,0,17.4688483389204,6.03445492791923,65.4559086504029,9.90396158463385,18.5467160326234,87.2656297597001,20.7683073229292,26.4227907591511,27.2265011697855,3.26968119246374e-10,0.999999999673032,-0.151384463377119,0.169388081861165,-0.84861553662288,3.4634752838962,-0.151384463377119,-0.169388081861165,-0.84861553662288,-3.4634752838962
0.685183729666703,0.677727169421659,0.230964714685984,0.169831463394805,2,0,16.9685078418423,5.5268182391509,67.4289672924426,9.66386554621849,18.498295844549,91.4171483044634,20.46818727491,25.5540334340296,24.8475651058455,1.6926726686961e-10,0.999999999830733,-0.156531062320413,0.169831463394805,-0.843468937679587,3.48324816007648,-0.156531062320413,-0.169831463394805,-0.843468937679587,-3.48324816007648
0.715384895994696,0.689149921230598,0.234770477036631,0.170119098228007,2,0,16.4751567870901,5.03973340879739,69.410103503558,9.48379351740696,18.4670192019193,94.7218606987183,20.1680672268908,24.723092745704,22.5853348641156,8.44427860968722e-11,0.999999999915557,-0.161792055757064,0.170119098228007,-0.838207944242936,3.50381980122974,-0.161792055757064,-0.170119098228007,-0.838207944242936,-3.50381980122974
0.746917253371279,0.700632500957544,0.238592342408956,0.170240961265836,2,0,15.9887266262336,4.57373686156615,71.3939892244968,9.30372148859544,18.4538000151685,98.3485859694889,19.8679471788715,23.9283752558943,20.4370790825376,4.07598399476683e-11,0.99999999995924,-0.167165549571305,0.170240961265836,-0.832834450428695,3.52521798258605,-0.167165549571305,-0.170240961265836,-0.832834450428695,-3.52521798258605
0.779839477331978,0.712167751318233,0.242427860524222,0.170186619003272,2,0,15.5102174912929,4.12933806520563,73.3766591762897,9.12364945978391,18.4596924951508,102.327945374482,19.5678271308523,23.1683528441214,18.4002326328415,1.90663040910977e-11,0.999999999980934,-0.172649304286426,0.170186619003272,-0.827350695713574,3.54747105095171,-0.172649304286426,-0.170186619003272,-0.827350695713574,-3.54747105095171
0.814212829681566,0.723748223207112,0.246274496477098,0.169945197204025,2,0,15.0416676686217,3.70701519524311,75.355025274383,8.88355342136855,18.4859160792771,108.09146073024,19.2677070828331,22.4415598887478,16.4723949366163,8.63187299415813e-12,0.999999999991368,-0.178240729246526,0.169945197204025,-0.821759270753473,3.57060790832412,-0.178240729246526,-0.169945197204025,-0.821759270753473,-3.57060790832412
0.850101272490271,0.735366192648207,0.250129637234218,0.169505339049082,2,0,14.5868755799077,3.30721026619834,77.3274938277134,8.64345738295318,18.533886137239,114.426766004446,18.9675870348139,21.7465905788771,14.6513288114218,3.76476627650391e-12,0.999999999996235,-0.183936879001404,0.169505339049082,-0.816063120998596,3.59465799421808,-0.183936879001404,-0.169505339049082,-0.816063120998596,-3.59465799421808
0.887571587114652,0.747013680346966,0.253990598917425,0.168855151049093,2,0,14.1500645555612,2.93032363694594,79.2910935109885,8.40336134453782,18.6052520996319,121.402499985619,18.7274909963986,21.0820963527838,12.5729888581341,1.56896717840027e-12,0.999999999998431,-0.189734452070836,0.168855151049093,-0.810265547929164,3.61965126690418,-0.189734452070836,-0.168855151049093,-0.810265547929164,-3.61965126690418
0.926693498464605,0.758682473796315,0.257854634840799,0.167982133266245,2,0,13.7306730949799,2.57670777765155,81.2339296127178,8.16326530612245,18.701945215867,129.098828894371,18.4273709483794,20.4467834586009,10.958766260681,6.12843109593086e-13,0.999999999999387,-0.195629792240863,0.167982133266245,-0.804370207759137,3.64561818378845,-0.195629792240863,-0.167982133266245,-0.804370207759137,-3.64561818378845
0.967539804747758,0.770364151849602,0.261718944257744,0.166873089394226,2,0,13.3254269286325,2.24666016124645,83.1400511722515,8.04321728691477,18.8262389399887,134.063537865829,18.187274909964,19.8394106330129,9.08402018019615,2.16493489801906e-13,0.999999999999784,-0.20161889251609,0.166873089394226,-0.79838110748391,3.67258968118976,-0.20161889251609,-0.166873089394226,-0.79838110748391,-3.67258968118976
1,0.779304376555715,0.264673685159657,0.1658565961614,2,0,13.0227632554299,2.01022331590607,84.5637728608181,7.92316926770708,18.9416202086568,139.066206572895,17.9471788715486,19.3928711448912,8.05526196451067,8.60422844084496e-14,0.999999999999914,-0.20626136120405,0.1658565961614,-0.79373863879595,3.69392154293417,-0.20626136120405,-0.1658565961614,-0.79373863879595,-3.69392154293417
1.01018651293266,0.782050111631268,0.265580681761534,0.16551401089538,2,0,12.9308413104348,1.94041511323002,84.9938989533175,7.86314525810324,18.9808260738456,141.389742282647,17.8871548619448,19.2587868936912,7.66825156003185,6.27276008913213e-14,0.999999999999937,-0.207697401818716,0.16551401089538,-0.792302598181283,3.70059715379393,-0.207697401818716,-0.16551401089538,-0.792302598181283,-3.70059715379393
1.05471298018287,0.7937315976141,0.269436967270238,0.163889927537662,2,0,12.5446468706372,1.65813441938987,86.7821355476255,7.74309723889556,19.1689184368445,147.561380742504,17.6470588235294,18.7037694411684,5.9880268332877,9.99200722162641e-15,0.99999999999999,-0.213860634487704,0.163889927537662,-0.786139365512297,3.72967243408286,-0.213860634487704,-0.163889927537662,-0.786139365512297,-3.72967243408286
1.10120206152502,0.805399732650859,0.273284896515119,0.161984714075053,2,0,12.1657293961503,1.39989645200243,88.4931153207681,7.62304921968787,19.3943772505237,154.417578735217,17.406962785114,18.1732616657885,4.40225494897812,4.66293670342566e-15,1,-0.220103582590794,0.161984714075053,-0.779896417409206,3.75984777204984,-0.220103582590794,-0.161984714075053,-0.779896417409206,-3.75984777204984
1.14974026402587,0.817045550709135,0.277121551940889,0.159780839109873,2,0,11.79462742038,1.16568353242109,90.1168261541955,7.56302521008403,19.6618860627555,159.973826829767,17.1068427370948,17.6662112552919,3.26985246075892,7.54951656745106e-15,1.00000000000001,-0.226420931018914,0.159780839109873,-0.773579068981086,3.79115581552009,-0.226420931018914,-0.159780839109873,-0.773579068981086,-3.79115581552009
1.20041790776491,0.828660031022649,0.280944013916846,0.15725903678827,2,0,11.4315758106789,0.955367204831549,91.6427339445268,7.44297719087635,19.9771836185131,168.403128293894,16.8667466986795,17.1816083985092,1.86676011358125,4.66293670342566e-15,1,-0.232807075287961,0.15725903678827,-0.767192924712039,3.82362959139681,-0.232807075287961,-0.15725903678827,-0.767192924712039,-3.82362959139681
1.25332929390238,0.840234133340988,0.284749372150362,0.154397873980448,2,0,11.0759557097871,0.768691059179165,93.0598218400248,7.38295318127251,20.3473828531319,175.599510839981,16.6266506602641,16.7184840805517,0.552326636098217,2.22044604925031e-15,1,-0.23925614192815,0.154397873980448,-0.760743858071851,3.8573024881472,-0.23925614192815,-0.154397873980448,-0.760743858071851,-3.8573024881472
1.30857288015523,0.851758833934068,0.288534737188583,0.151173173439039,2,0,10.72908142867,0.605250724391162,94.3587833831345,7.26290516206483,20.781416319587,186.13090568952,16.3865546218487,16.2759084648053,0.675225266060057,8.88178419700125e-16,1,-0.24576201129722,0.151173173439039,-0.75423798870278,3.89220823983093,-0.24576201129722,-0.151173173439039,-0.75423798870278,-3.89220823983093
1.36625146400762,0.863225161988294,0.292297251890869,0.147557234469789,2,0,10.3930307963674,0.464470681819687,95.5309409649587,7.20288115246098,21.2906718188258,195.585493751364,16.0864345738295,15.8529893569701,1.4511930271931,0,1,-0.252318342612228,0.147557234469789,-0.747681657387771,3.92838091195424,-0.252318342612228,-0.147557234469789,-0.747681657387771,-3.92838091195424
1.42647237399687,0.874624236019126,0.296034102753491,0.14351776221728,2,0,10.066382136063,0.345577671211873,96.5670121942437,7.14285714285714,21.8899222302084,206.458911222917,15.8463385354142,15.4488707463466,2.50826263858558,1.11022302462516e-16,1,-0.25891860095638,0.14351776221728,-0.74108139904362,3.9658548894081,-0.25891860095638,-0.14351776221728,-0.74108139904362,-3.9658548894081
1.48934766943087,0.885947299920172,0.299742530969585,0.139016366191351,2,0,9.75008757297883,0.247570765114231,97.4608354718747,7.0828331332533,22.5987251692762,219.063357050967,15.6062424969988,15.0627314195499,3.48265175011508,1.11022302462516e-16,1,-0.265556085983742,0.139016366191351,-0.734443914016258,4.00466486671779,-0.265556085983742,-0.139016366191351,-0.734443914016258,-4.00466486671779
1.55499434890846,0.897185758272074,0.303419843111185,0.134006401704001,2,0,9.44662808140523,0.16918883099907,98.2090029422022,6.96278511404562,23.4436013029369,236.698618712869,15.3661464585834,14.6937836418585,4.37561114321741,1.11022302462516e-16,1,-0.272223962016502,0.134006401704001,-0.727776037983498,4.04484584079586,-0.272223962016502,-0.134006401704001,-0.727776037983498,-4.04484584079586
1.62353456803089,0.908331210545419,0.307063421326404,0.128429771326202,2,0,9.15765546729022,0.108877366787371,98.8110781501197,6.90276110444178,24.4615607514428,254.373567060032,15.1260504201681,14.3412719014565,5.18825798481533,0,1,-0.27891528920763,0.128429771326202,-0.72108471079237,4.08643310635129,-0.27891528920763,-0.128429771326202,-0.72108471079237,-4.08643310635129
1.69509586670942,0.91937548385033,0.310670732953084,0.122212006456898,2,0,8.97430414043217,0.0647590801604451,99.2783944120115,5.46218487394958,25.7060884987416,370.619158669269,14.8859543817527,14.0044717119274,5.92157309648758,0,1,-0.285623055426879,0.122212006456898,-0.714376944573121,4.12946225406576,-0.285623055426879,-0.122212006456898,-0.714376944573121,-4.12946225406576
1.76981140649214,0.930310663910735,0.31423933946048,0.115254348928086,2,0,8.83739211172424,0.034616914252679,99.6082903891211,5.3421368547419,27.2579098559657,410.243571011672,14.6458583433373,13.6826884684991,6.57639758803501,1.11022302462516e-16,1,-0.292340208520349,0.115254348928086,-0.707659791479651,4.17396917160496,-0.292340208520349,-0.115254348928086,-0.707659791479651,-4.17396917160496
1.84782021835148,0.941129123972684,0.317766904642266,0.107420241781023,2,0,8.71358872078569,0.0159057513188685,99.8174603848248,5.28211284513806,29.2458162586709,453.676475988019,14.405762304922,13.3752563537148,7.15342881129665,0,1,-0.299059688593487,0.107420241781023,-0.700940311406513,4.21999004748938,-0.299059688593487,-0.107420241781023,-0.700940311406513,-4.21999004748938
1.92926746139358,0.951823551392743,0.321251201997154,0.0985104786921288,2,0,8.60299343015718,0.00582109129152255,99.9323364438346,5.22208883553421,31.8909490167853,510.69334553982,14.1056422569028,13.0815372884268,7.26025054247228,2.22044604925031e-16,1,-0.305774459974119,0.0985104786921288,-0.694225540025881,4.26756137780729,-0.305774459974119,-0.0985104786921288,-0.694225540025881,-4.26756137780729
2,0.960650918192265,0.324125130670012,0.0900285270592816,2,0,8.52027606100245,0.00191069590879195,99.9775747182942,5.16206482593037,34.8955242988828,575.999342813242,13.9255702280912,12.8464072087567,7.74950685435917,0,1,-0.311371104387335,0.0900285270592816,-0.688628895612664,4.30848657707502,-0.311371104387335,-0.0900285270592816,-0.688628895612664,-4.30848657707502
2.01430469297098,0.962386971692922,0.324690121247143,0.0882125855681469,2,0,8.50679243556712,0.00146871371691794,99.9827348118807,5.16206482593037,35.6138824562944,589.915443862633,13.8655462184874,12.8009199242589,7.67821387958721,1.11022302462516e-16,1,-0.312477542525646,0.0882125855681469,-0.687522457474356,4.31671997571267,-0.312477542525646,-0.0882125855681469,-0.687522457474356,-4.31671997571267
2.10309015070108,0.972812769912015,0.328081673957641,0.0759814170252976,2,0,8.4260699678355,0.000185737425044788,99.9977956814297,5.10204081632653,41.3468552783613,710.398363455881,13.625450180072,12.532818673966,8.01904885098114,0,1,-0.319162042000103,0.0759814170252976,-0.680837957999895,4.36750298361425,-0.319162042000103,-0.0759814170252976,-0.680837957999895,-4.36750298361425
2.19578904691536,0.983094709127996,0.331423998237922,0.0606829945543636,2,0,8.36179891009917,4.72437656658334e-06,99.9999435004762,5.04201680672269,51.7705607091515,926.782787398172,13.3853541416567,12.276672776421,8.28279441472003,1.11022302462516e-16,1,-0.325821179145748,0.0606829945543636,-0.674178820854252,4.41994788793003,-0.325821179145748,-0.0606829945543636,-0.674178820854252,-4.41994788793003
2.29257387608715,0.993226946071317,0.334715362514219,0.0388907472116343,2,0,8.47344594919166,2.17246471806656e-10,99.9999999974361,3.60144057623049,80.7799509866443,2142.98997239582,13.1452581032413,12.031945393281,8.46931038718642,0,1,-0.332448317313152,0.0388907472116343,-0.667551682686847,4.47409253625351,-0.332448317313152,-0.0388907472116343,-0.667551682686847,-4.47409253625351
2.36,0.999949115042603,0.336897772048031,0.00339861773658505,2,0,9.20378160367229,5.74309816487412e-134,100,0.78031212484994,924.373641604804,118362.037454893,12.9651860744298,11.8736420424203,8.41903869133235,1.11022302462516e-16,1,-0.336880629019253,0.00339861773658505,-0.663119370980748,4.51145257181939,-0.336880629019253,-0.00339861773658505,-0.663119370980748,-4.51145257181939
2.39362473580998,0.144379964884161,4.57794135213843,4.52997515675657,1,2,9.9767668587498,63.2303450792745,533.775911319612,0.740119942918846,0.69351211538192,6.29733436895605,12.6620519964224,6.05177586251445,52.2054098006837,0.000933395543163851,1.00093339554316,-0.660963011663496,4.52997515675657,-0.660963011663496,-4.52997515675657,-0.311961916144097,0,-0.366112060528909,0
2.49912966192398,0.141218915627159,4.63407526245183,4.58763437963636,1,2,11.8298254459863,63.881305548303,440.00209757936,0.740346457988705,0.684795777870775,7.50333570431934,12.4858429671609,6.11229119208851,51.046227249818,0.0005598956116033,1.0005598956116,-0.654419083498088,4.58763437963636,-0.654419083498088,-4.58763437963636,-0.290350626761008,0,-0.400811206242816,0
2.60928497841362,0.138089853679771,4.69206058434746,4.64710926040365,1,2,13.644392419155,64.5313899012482,372.951729317417,0.720022923860498,0.676031588144092,6.10971321309339,12.2403897056285,6.17354489513473,49.5641475181467,0.000413712242377295,1.00041371224238,-0.647925959549162,4.64710926040365,-0.647925959549162,-4.64710926040365,-0.27834882736772,0,-0.425799253533957,0
2.72429566272823,0.134995351967898,4.75193743892036,4.70843930480337,1,2,15.414030317273,65.179942996159,322.861131414268,0.720010575250831,0.667225900179887,7.33109719292037,12.0001762541805,6.23548819609592,48.0383615705339,0.000330572267620566,1.00033057226762,-0.641489467096485,4.70843930480337,-0.641489467096485,-4.70843930480337,-0.269719571778113,0,-0.447301494028916,0
2.84437572720482,0.131937817981741,4.81374629042779,4.77166449515858,1,2,17.2172052241273,65.8263249609986,282.328746762878,0.700099202509168,0.658385068098838,5.95831765852977,11.761666602154,6.29807019914111,46.4525699275672,0.000275557004407512,1.00027555700441,-0.635115181876743,4.77166449515858,-0.635115181876743,-4.77166449515858,-0.262947613993654,0,-0.466822022252863,0
2.96974861730308,0.128919488674694,4.87752797801876,4.83682531793256,1,2,18.9378602382511,66.4699138661337,250.989568144961,0.680050941475985,0.649515425322952,4.49018070422165,11.540864506813,6.36123804611335,44.8807492509937,0.000235786390876624,1.00023578639088,-0.628808412922695,4.83682531793256,-0.628808412922695,-4.83682531793256,-0.257380975978483,0,-0.485002198176128,0
3.1006476273936,0.125942426855962,4.94332374926893,4.90396279231232,1,2,20.720217849964,67.1101081768713,223.887078132183,0.680040361255123,0.640623264620747,5.79628782056777,11.3206718961882,6.42493708551288,43.245973874782,0.00020591662928382,1.00020591662928,-0.622574189717641,4.90396279231232,-0.622574189717641,-4.90396279231232,-0.252669778581386,0,-0.502181841983334,0
3.23731633487292,0.123008519026316,5.01117529522526,4.97311849962858,1,2,22.4266409395183,67.7463289698457,202.079696877249,0.660000766139212,0.631714819147065,4.28574456929957,11.1000128850686,6.48911105150439,41.5396079383532,0.00018202649985799,1.00018202649986,-0.616417251646921,4.97311849962858,-0.616417251646921,-4.97311849962858,-0.24860132732986,0,-0.518564169376299,0
3.38000905341337,0.120119474589878,5.08112478667789,5.04433461344166,1,2,24.1504987985504,68.3780219011797,183.132959163907,0.660168800903125,0.622796244566801,5.66106066890733,10.902787772491,6.55370225186723,39.8896650230781,0.000163249463283721,1.00016324946328,-0.610342039701354,5.04433461344166,-0.610342039701354,-5.04433461344166,-0.245035369228378,0,-0.534280551368911,0
3.52899130619091,0.117276826360843,5.1532149113946,5.11765393013925,1,2,25.8434636215988,69.0046589184215,167.010103323575,0.640291941187169,0.613873602333308,4.12598334517202,10.704880891723,6.6186517637451,38.1716449655909,0.000147325728516945,1.00014732572852,-0.60435269036373,5.11765393013925,-0.60435269036373,-5.11765393013925,-0.241873938265067,0,-0.54942068100747,0
3.68454031997173,0.11448193227286,5.22748891207484,5.19311989991055,1,2,27.5051684036804,69.6257397121758,153.136932994962,0.640122772954801,0.604952844174444,5.49424739538828,10.5220180804445,6.68389963599552,36.4770181452383,0.000133902577384992,1.00013390257738,-0.598453031589279,5.19311989991055,-0.598453031589279,-5.19311989991055,-0.239045595708516,0,-0.564048341112926,0
3.84694554097689,0.111735978190222,5.30399062480379,5.27077665797965,1,2,29.1786302303459,70.2407929070552,140.726834510568,0.620130943155795,0.59603979782251,3.88484812750802,10.3421837939208,6.74938509688948,34.7392656002035,0.000122455547074019,1.00012245554707,-0.592646580774216,5.27077665797965,-0.592646580774216,-5.27077665797965,-0.236496474501967,0,-0.578210363949601,0
4.01650917348505,0.109039981714005,5.38276451781242,5.35066905600052,1,2,30.7806763604007,70.8493769950034,130.174854397127,0.620019016649082,0.587140154008711,5.30287971134594,10.1803122411091,6.81504676587026,33.0566037223258,0.000112244887316093,1.00011224488732,-0.58693654459306,5.35066905600052,-0.58693654459306,-5.35066905600052,-0.234184854549437,0,-0.591942056264445,0
4.19354674217534,0.106394796872717,5.46385573037599,5.43284269353486,1,2,32.4312072076291,71.4510810171507,120.315822842212,0.600195230542872,0.578259454728612,3.65477343004198,10.0032538423812,6.88082286804716,31.2141531498991,0.000103625407900765,1.0001036254079,-0.581325820575183,5.43284269353486,-0.581325820575183,-5.43284269353486,-0.232077706698165,0,-0.605270652151468,0
4.37838767925693,0.103801119585593,5.5473101117096,5.51734394955214,1,2,33.9726105633405,72.0455250031111,112.069440082578,0.600003124063501,0.569403082772247,5.09998032743824,9.86005133877686,6.94665145007459,29.5475123668441,9.57447252978305e-05,1.0000957447253,-0.575817000283935,5.51734394955214,-0.575817000283935,-5.51734394955214,-0.23014839890785,0,-0.618217600524281,0
4.57137593747782,0.101259493787246,5.63317425974536,5.60422001390865,1,2,35.5957251380727,72.6323601790118,104.047985810873,0.580167034040648,0.560576252501317,3.37674848618815,9.70279350033497,7.01247059605411,27.7273024947711,8.90030843914147e-05,1.00008900308439,-0.570412373957159,5.60422001390865,-0.570412373957159,-5.60422001390865,-0.228375121231056,0,-0.63080013085462,0
4.77287063015348,0.0987703181046703,5.7214955597007,5.69351891877831,1,2,37.0787124360568,73.2112689575329,97.4482503506228,0.580045012186464,0.551784001846068,4.87220987106964,9.54074037286011,7.07821864209144,25.8105936702107,8.27353431325228e-05,1.00008273534313,-0.565113936466097,5.69351891877831,-0.565113936466097,-5.69351891877831,-0.226739772971513,0,-0.643032354096298,0
4.98324669940629,0.0963338529812852,5.81232222237019,5.78528957002208,1,2,38.6691130569313,73.7819647248557,90.8033541297644,0.560310687288281,0.543031185486158,3.08391437003475,9.40521510805329,7.14383438815142,24.0439021747152,7.71269682329212e-05,1.00007712696823,-0.559923394449666,5.78528957002208,-0.559923394449666,-5.78528957002208,-0.225227156935635,0,-0.654926054165032,0
5,0.09614648352748,5.81949603410586,5.79253544618783,1,2,38.7875623340114,73.8260192359779,90.3342586993215,0.560276146628672,0.542351908378451,3.19917925438649,9.38462545603025,7.14893271973671,23.822929820358,7.66953356718947e-05,1.00007669533567,-0.559524079581394,5.79253544618783,-0.559524079581394,-5.79253544618783,-0.225114217132141,0,-0.655837623705066,0
5.20289561385936,0.0939502281476873,5.90570332209577,5.87958177849645,1,2,40.0990435036639,74.3441914406434,85.4014084746198,0.560036159534066,0.534322469172828,4.59143395002046,9.24059663231209,7.20925730587067,21.9827724038763,7.20254728718839e-05,1.00007202547287,-0.554842174483453,5.87958177849645,-0.554842174483453,-5.87958177849645,-0.223824383564084,0,-0.666491267469008,0
5.43222609708288,0.0916194503446006,6.0016888343888,5.97644629131199,1,2,41.6466720550907,74.8977230680731,79.8408357071066,0.540176639876829,0.525662325144083,2.68695712870065,9.10297670903545,7.27442774102461,20.0873739048004,6.74173507992926e-05,1.0000674173508,-0.549871432146029,5.97644629131199,-0.549871432146029,-5.97644629131199,-0.22252042205532,0,-0.677736713652623,0
5.67166488814855,0.0893414112101394,6.10032967319568,6.07593482306297,1,2,43.0296928821842,75.4423628514732,75.3262870316905,0.540135705994217,0.517055028580123,4.27312565304487,8.96225171427442,7.33928710938883,18.1088933521098,6.32087475087584e-05,1.00006320874751,-0.54501206185039,6.07593482306297,-0.54501206185039,-6.07593482306297,-0.221305756666927,0,-0.688670119632293,0
5.92165753570739,0.0871158952505813,6.2016777278137,6.17810008705681,1,2,44.5248489368444,75.9779424593694,70.641662517798,0.520217750924055,0.508504655042974,2.25157558739107,8.8236933906734,7.40377808479466,16.0920744070684,5.9363912044752e-05,1.00005936391204,-0.540264707314082,6.17810008705681,-0.540264707314082,-6.17810008705681,-0.220172119714234,0,-0.699298465657603,0
6.18266922706835,0.0849425878212362,6.30578589947701,6.28299582657851,1,2,45.8721226764946,76.5043210106993,66.7773727198827,0.520156159143743,0.50001507884187,3.87212185183552,8.68260665647633,7.46784477825075,13.9907510070089,5.58256671820967e-05,1.00005582566718,-0.535629772548239,6.28299582657851,-0.535629772548239,-6.28299582657851,-0.219112281448983,0,-0.709628173454541,0
6.45518565382075,0.0828210830515421,6.41270813764355,6.39067684623023,1,2,47.2972249963809,77.0213840016798,62.8454608226451,0.500232927077414,0.491589972264514,1.72778606626237,8.54397839448224,7.53143290708562,11.8509837062617,5.25764815964003e-05,1.0000525764816,-0.531107433253076,6.39067684623023,-0.531107433253076,-6.39067684623023,-0.218119882763603,0,-0.719665250730246,0
6.73971391561113,0.0807508916560388,6.52249947602315,6.5011990433897,1,2,48.6216653656989,77.5290421503106,59.4536953170776,0.500193196657567,0.483232805613621,3.39076803868597,8.40324570384713,7.5944899531609,9.62432587584538,4.95714659618507e-05,1.00004957146596,-0.526697648514916,6.5011990433897,-0.526697648514916,-6.5011990433897,-0.217189300581639,0,-0.729415402388528,0
7.03678346375624,0.0787314485802635,6.63521606839353,6.61461943983346,1,2,49.95226079777,78.0272301748254,56.2036010556478,0.480039086346686,0.474946847988112,1.06079661081947,8.26067261088256,7.65696530930974,7.30820999705882,4.66691550675691e-05,1.00004666915507,-0.522400172707664,6.61461943983346,-0.522400172707664,-6.61461943983346,-0.216315538505431,0,-0.738884116079241,0
7.34694708644815,0.0767621204377597,6.75091522425706,6.73099621357245,1,2,51.2749870998154,78.5159055215816,53.1271092642837,0.480051463142509,0.466735168748877,2.7739305920372,8.92095635673163,7.71881041326857,13.4755276832617,4.40963994139398e-05,1.00004409639941,-0.518214567509526,6.73099621357245,-0.518214567509526,-6.73099621357245,-0.2154941372012,0,-0.748076727779748,0
7.67078193738473,0.0748422127012393,6.86965544439465,6.85038873094781,1,2,52.4852962559158,78.9950470569351,50.5089095272684,0.460217810868378,0.458600639609999,0.351392584160902,8.80416681661244,7.77997886848996,11.6329911672046,4.17128411045464e-05,1.0000417128411,-0.514140213953611,6.85038873094781,-0.514140213953611,-6.85038873094781,-0.214721100367379,0,-0.756998471725401,0
8.00889060973954,0.0729709766173856,6.99149645637569,6.97285757903429,1,2,53.817729538917,79.4646537366209,47.655158286003,0.460054510585852,0.45054593729776,2.06683622686007,8.6610262210293,7.84042655135092,9.47462400801799,3.93839439676302e-05,1.00003938394397,-0.510176324438725,6.97285757903429,-0.510176324438725,-6.97285757903429,-0.213992833123017,0,-0.765654517999533,0
8.36190225746956,0.0711476158208264,7.11649925008461,7.09846459839804,1,2,54.8895331215044,79.9247432650695,45.6101714112721,0.460058750117177,0.442573546721467,3.80064576345002,8.52108815434423,7.90011170439906,7.28752523970291,3.73103725661572e-05,1.00003731037257,-0.506321954634219,7.09846459839804,-0.506321954634219,-7.09846459839804,-0.213306090381585,0,-0.774050000349979,0
8.73047376604743,0.0693712926283798,7.24472611332449,7.22727291625351,1,2,56.2373625580342,80.3753507559604,42.9216220320023,0.440223507377039,0.434685764602112,1.25793890651644,8.38425679958997,7.95899501541042,5.0721464566823,3.53773462467011e-05,1.00003537734625,-0.502576015219898,7.22727291625351,-0.502576015219898,-7.22727291625351,-0.21265793331753,0,-0.782190036242674,0
9.11529097479644,0.0676411339997864,7.37624066755821,7.35934698006311,1,2,57.3400277611402,80.8165274041679,40.9426025059198,0.440090024877959,0.426884703507057,3.0005954746564,8.24168592044178,8.01703968216223,2.72573160938299,3.34775696786416e-05,1.00003347756968,-0.498937283408978,7.35934698006311,-0.498937283408978,-7.35934698006311,-0.212045692440732,0,-0.790079740741312,0
9.51706995310318,0.0659562371557651,7.51110790384604,7.49475259162042,1,2,58.5080753634986,81.248339178116,38.8668806371374,0.420121860365618,0.419172296241277,0.226021117662031,8.84256487055253,8.07421146295162,8.68925949482903,3.1783651236017e-05,1.00003178365124,-0.495404414208611,7.49475259162042,-0.495404414208611,-7.49475259162042,-0.211466936103925,0,-0.797724235478855,0
9.93655833288218,0.0643156748483846,7.64939421903716,7.63355694165598,1,2,59.6707199452973,81.6708655404327,36.8692477907153,0.420101596438052,0.411550300548131,2.03553044368921,8.72210933557099,8.13047871301524,6.78311403576348,3.01200599279738e-05,1.00003012005993,-0.491975951378707,7.63355694165598,-0.491975951378707,-7.63355694165598,-0.21091944350603,0,-0.805128653736556,0
10,0.0640773060973069,7.67009191830558,7.65432940219028,1,2,59.8192226426246,81.7324286077852,36.6323816945527,0.420035994113482,0.410433427739709,2.28612940518115,8.7007455923507,8.13870257479217,6.45971097066272,2.98800455238446e-05,1.00002988004552,-0.491478827643747,7.65432940219028,-0.491478827643747,-7.65432940219028,-0.210841182303366,0,-0.806201162409141,0
10.3745366997724,0.0627185002824249,7.79116745227025,7.77582864500199,1,2,60.5929032359041,82.0841982037069,35.4683367524602,0.400027355956222,0.404020304075128,0.998168765073857,8.58058678526096,8.1858124071217,4.60078533110788,2.86262869957365e-05,1.000028626287,-0.488650338055632,7.77582864500199,-0.488650338055632,-7.77582864500199,-0.210401181438464,0,-0.81229814245027,0
10.8318200456541,0.0611637516896406,7.93649692183605,7.9216377763501,1,2,61.8491213025531,82.4884399271056,33.3704314465345,0.400120945223532,0.396583729562712,0.884036615189842,8.44255194421652,8.24018614871948,2.39697424231628,2.71604855481833e-05,1.00002716048555,-0.485425927012777,7.9216377763501,-0.485425927012777,-7.9216377763501,-0.20991028416524,0,-0.819237861809206,0
11.3092592851889,0.059650456560639,8.08545346245226,8.07105590663391,1,2,62.8097129208745,82.8837033586169,31.9600098523471,0.400169498182679,0.389241840216668,2.73075734548409,8.28350861238144,8.29357616612461,0.121537312439234,2.57809163661804e-05,1.00002578091637,-0.482300990535077,8.07105590663391,-0.482300990535077,-8.07105590663391,-0.209445035940798,0,-0.825952982989048,0
11.8077428392052,0.0581776355414935,8.23810946299833,8.22415614006573,1,2,63.8297238230482,83.2701099267539,30.4566351526121,0.380166916022272,0.381995745227265,0.481059536723622,8.82387420872746,8.34596129632298,5.41613469434765,2.45393387769965e-05,1.00002453933878,-0.479273729889246,8.22415614006573,-0.479273729889246,-8.22415614006573,-0.209003855759127,0,-0.832448684462381,0
12.3281982878752,0.0567443060042229,8.39453890475512,8.38101315185479,1,2,64.9170363544494,83.6477887846883,28.8533695961848,0.380134957958421,0.374846405400823,1.39123025832739,8.68308272389235,8.39732295704504,3.29099440756243,2.33116575798498e-05,1.00002331165758,-0.476342284375779,8.38101315185479,-0.476342284375779,-8.38101315185479,-0.208585283999243,0,-0.8387301472492,0
12.8715940967595,0.0553494853019465,8.55481740019172,8.54170322663258,1,2,65.6981925292804,84.016875808988,27.883085629096,0.380067374833644,0.367794638871844,3.22909483277051,8.54151416073505,8.44764510783814,1.09897438709895,2.22058182359763e-05,1.00002220581824,-0.473504739952748,8.54170322663258,-0.473504739952748,-8.54170322663258,-0.208187970689577,0,-0.844802549404927,0
13.4389414189321,0.053992193720866,8.71902223233935,8.70630429760864,1,2,66.7961841039564,84.3775126544054,26.3208576751731,0.360155119018479,0.360841126866275,0.190475662171651,8.40361944376452,8.49691420092136,1.11017351251038,2.11154761331489e-05,1.00002111547613,-0.470759137425003,8.70630429760864,-0.470759137425003,-8.70630429760864,-0.207810665160182,0,-0.85067105998981,0
14.0312959765377,0.0526714571422806,8.8872323947894,8.8748959864791,1,2,67.7472126612329,84.7298458655087,25.0676485971411,0.360028932930584,0.35398641948886,1.67834106901855,8.8807136789544,8.54511912265265,3.77891426785931,2.00810814992014e-05,1.0000200810815,-0.468103480195638,8.8748959864791,-0.468103480195638,-8.8748959864791,-0.207452206889435,0,-0.856340832719288,0
14.649760025284,0.0513863094286295,9.05952863235113,9.04755964410857,1,2,68.3723016049848,85.0740260453665,24.427617687751,0.360060904242543,0.347230941509789,3.5632757074095,8.74147861966618,8.59225112647277,1.70711958109334,1.91527601782759e-05,1.00001915276018,-0.465535741579524,9.04755964410857,-0.465535741579524,-9.04755964410857,-0.207111517382703,0,-0.861816999458253,0
15.2954844055229,0.0501357945481065,9.2359934824018,9.22437839200503,1,2,69.5200277409921,85.4102070809778,22.8569807238673,0.340061887219182,0.340574998128078,0.150887508474173,8.60156538260284,8.63830375821286,0.427112670495063,1.8230433252997e-05,1.00001823043325,-0.463053871681348,9.22437839200503,-0.463053871681348,-9.22437839200503,-0.206787592945773,0,-0.86710466369153,0
15.9696706837393,0.048918968452736,9.41671131696064,9.40543716460646,1,2,70.3710071823286,85.7385454246913,21.8378830397382,0.340041835275149,0.334018780691226,1.77126869670292,8.44103849918311,8.6832727746636,2.8697212493928,1.73570412405066e-05,1.00001735704124,-0.46065580384292,9.40543716460646,-0.46065580384292,-9.40543716460646,-0.206479498236713,0,-0.872208894077447,0
16.6735733884306,0.0477349007249434,9.60176838551619,9.5908227523969,1,2,70.9063356306194,86.0591994304736,21.3702536805621,0.320163801400415,0.327562372352743,2.31087053563394,8.88454548886152,8.72715605630642,1.77149672712488,1.65330377310813e-05,1.00001653303773,-0.458339460666516,9.5908227523969,-0.458339460666516,-9.5908227523969,-0.206186360497193,0,-0.877134718169776,0
17.4085023445384,0.0465826760076644,9.79125285863513,9.7806238458697,1,2,72.0215526638804,86.3723287435576,19.9256688433964,0.320102351427732,0.321205753651028,0.344702942160264,8.74279547336994,8.769953515096,0.310633387327749,1.57847653978749e-05,1.0000157847654,-0.456102759622918,9.7806238458697,-0.456102759622918,-9.7806238458697,-0.205907364378683,0,-0.881887116375483,0
18.1758251107757,0.0454613952328775,9.98525487237969,9.97493108035482,1,2,72.8175199313613,86.6780937417309,19.0346688866015,0.320021442651875,0.314948807994976,1.58509211597332,8.58057493110341,8.81166699816775,2.69320026827878,1.50368412044077e-05,1.0000150368412,-0.453943618254269,9.97493108035482,-0.453943618254269,-9.97493108035482,-0.205641747291044,0,-0.886471016200419,0
18.9769695243859,0.044370176663192,10.1838665735594,10.1738370817273,1,2,73.2598255812322,86.9766550263083,18.7235354933607,0.32008643592021,0.308791327043388,3.52876836044303,8.98242560801088,8.85230018831706,1.44866682311032,1.43297355268412e-05,1.00001432973553,-0.451859958983209,10.1738370817273,-0.451859958983209,-10.1738370817273,-0.20538879521115,0,-0.890891286822432,0
19.8134263580676,0.0433081567607587,10.3871821658426,10.3774365130135,1,2,74.2955572978665,87.2681729606552,17.460822873673,0.300125198718528,0.302733015966918,0.868909794820792,8.84368918890595,8.8918585020653,0.544674424105443,1.36630992455533e-05,1.00001366309925,-0.449849713540867,10.3774365130135,-0.449849713540867,-10.3774365130135,-0.205147838897719,0,-0.895152734020548,0
20,0.0430811704126237,10.4319918290662,10.4223065111396,1,2,74.495726736921,87.3306006656739,17.2290069389871,0.300045635472106,0.301429693152084,0.461282390527322,8.8013386405151,8.90031258385806,1.12453283966782,1.35570161596821e-05,1.00001355701616,-0.449422417731097,10.4223065111396,-0.449422417731097,-10.4223065111396,-0.205097006132531,0,-0.896058158405273,0
20.6867520940108,0.0422744908973306,10.5952979567513,10.5858261219128,1,2,75.0925880471131,87.5528072540044,16.5931412552645,0.300153448453937,0.296773498582852,1.12607397599275,8.68443977526724,8.9303489860878,2.8316070717756,1.30635049837569e-05,1.00001306350498,-0.447910827027189,10.5858261219128,-0.447910827027189,-10.5858261219128,-0.204918250465765,0,-0.899260095479858,0
21.5985718202047,0.0412683539187963,10.8083124055652,10.7991047892513,1,2,75.5423263538006,87.8307165882142,16.2668941076308,0.300012970830115,0.290912322354417,3.03341833871951,9.04039085434746,8.96778021273656,0.803180335681903,1.24548724622642e-05,1.00001245487246,-0.446041261617782,10.7991047892513,-0.446041261617782,-10.7991047892513,-0.204699440280224,0,-0.90321803648421,0
22.5505822544081,0.0402889405769474,11.0263261721565,11.0173735783862,1,2,76.2992368102096,88.1020582850605,15.4691212760224,0.280011122962226,0.285148963247733,1.83487006914379,8.90035355129931,9.00416217534212,1.16634270138237,1.18765604659732e-05,1.00001187656047,-0.444238999932053,11.0173735783862,-0.444238999932053,-11.0173735783862,-0.20449085413352,0,-0.907031146002375,0
23.5445549014086,0.0393354658406499,11.2494421667803,11.2407357855783,1,2,77.1794495538533,88.3669880116298,14.4954887893703,0.280140499835875,0.279482830440726,0.234764125692038,8.72437556631726,9.0395061839288,3.61207074610801,1.1336443216825e-05,1.00001133644322,-0.442502048077752,11.2407357855783,-0.442502048077752,-11.2407357855783,-0.204291970676323,0,-0.910703933168173,0
24.5823393494455,0.0384071650979665,11.4777656008443,11.4692969913519,1,2,77.6965388185338,88.6256595213795,14.0664190053196,0.280114564134645,0.273913270879516,2.21384178087489,9.063706968071,9.07382476192452,0.111629754681626,1.0820582708515e-05,1.00001082058271,-0.440828438387388,11.4692969913519,-0.440828438387388,-11.4692969913519,-0.204102299074581,0,-0.914240824150638,0
25.665866711931,0.0375032942601395,11.7114040386807,11.7031651128614,1,2,77.9614979363824,88.8782244284537,14.0027151620143,0.26007163670602,0.268439573678859,3.2175507790178,8.90245217955221,9.10713154439277,2.29913467337328,1.03438772249831e-05,1.00001034387722,-0.439216231862027,11.7031651128614,-0.439216231862027,-11.7031651128614,-0.203921376869183,0,-0.917646159406761,0
26.797153220874,0.0366231297776926,11.9504674503444,11.942450457285,1,2,78.991274286405,89.1248320128868,12.8287052184267,0.260026762202503,0.263060974364219,1.166884568348,8.74089962173029,9.13944117826038,4.55950272600421,9.87990943035477e-06,1.00000987990943,-0.437663520338053,11.942450457285,-0.437663520338053,-11.942450457285,-0.203748768017468,0,-0.920924191306428,0
27.9783039786919,0.0357659685782726,12.1950682654621,12.1872657762665,1,2,79.6754886577514,89.3656290543845,12.1620093706075,0.2601046296903,0.257776658953951,0.895013187239654,9.06364594228506,9.17076922495937,1.18190056580373,9.42931330261132e-06,1.0000094293133,-0.436168428392409,12.1872657762665,-0.436168428392409,-12.1872657762665,-0.203584061098261,0,-0.924079082116922,0
29.2115168753943,0.0349311279352011,12.4453214281568,12.4377263214266,1,2,79.9855863503875,89.6007596924415,12.0211325324708,0.260040812217195,0.252585767880881,2.86687473121983,8.90139703358858,9.20113206584947,3.36728078895777,9.00532866920933e-06,1.00000900532867,-0.434729115001645,12.4377263214266,-0.434729115001645,-12.4377263214266,-0.203426867664212,0,-0.927114902332497,0
30.499086678425,0.0341179452750802,12.7013444530716,12.6939499009673,1,2,80.3799832463984,89.8303653106419,11.7571336576099,0.240092731994133,0.247487399753358,3.07992153606981,9.18354699877558,9.23054681073565,0.511782778117632,8.59976381684113e-06,1.00000859976382,-0.43334377496984,12.6939499009673,-0.43334377496984,-12.6939499009673,-0.2032768207271,0,-0.93003562933322,0
31.8434093027743,0.0333257779321847,12.9632574825201,12.9560569373911,1,2,81.3158235682065,90.0545844430737,10.7466917155888,0.240017997778091,0.242480614956483,1.02601354947924,9.02067641649324,9.25903120974499,2.64231618835081,8.21353597757479e-06,1.00000821353598,-0.432010640140198,12.9560569373911,-0.432010640140198,-12.9560569373911,-0.203133573363361,0,-0.932845146356242,0
33.2469862693074,0.0325540028567732,13.2311833447886,13.2241705263622,1,2,81.8976059524515,90.2735527008888,10.227340165841,0.240057799356008,0.237564439094842,1.03864997007159,8.8421289429463,9.28660356877989,5.02678290151116,7.86227999349798e-06,1.00000786227999,-0.430727980404739,13.2241705263622,-0.430727980404739,-13.2241705263622,-0.202996797428508,0,-0.935547241762012,0
34.7124293596043,0.0318020162838798,13.5052476136163,13.4984164967327,1,2,82.0857225943272,90.487402717139,10.2352514630753,0.240090486832088,0.232737866278627,3.06243727124529,9.12343849961932,9.31328266872021,2.08084012523134,7.51804025411751e-06,1.00000751804025,-0.429494104526054,13.4984164967327,-0.429494104526054,-13.4984164967327,-0.202866182370342,0,-0.938145608577551,0
36.2424654759728,0.0310692333685998,13.785578668882,13.7789234717605,1,2,82.3581600212365,90.6962641081242,10.1241990893648,0.220106692257402,0.227999862255452,3.58606542904155,8.94433558536897,9.33908768850423,4.41343126459823,7.17532919392028e-06,1.00000717532919,-0.428307360784686,13.7789234717605,-0.428307360784686,-13.7789234717605,-0.202741434131945,0,-0.940643844298683,0
37.8399417156798,0.0303550877933588,14.072307758525,14.0658229315475,1,2,83.3080295051854,90.9002634495894,9.11344799474755,0.220012997737993,0.223349367390633,1.51644206794248,9.20054354177061,9.36403813217978,1.77701012627019,6.85867464067513e-06,1.00000685867464,-0.427166137465191,14.0658229315475,-0.427166137465191,-14.0658229315475,-0.202622274136388,0,-0.943045450933231,0
39.5078306688409,0.029659031352158,14.3655690617287,14.3592492767246,1,2,83.9058273897421,91.0995242662184,8.57353666636471,0.220025211735639,0.218785299499056,0.563531891096364,9.02103368116119,9.38815375998105,4.06960102129447,6.55838035390488e-06,1.00000655838035,-0.426068863193403,14.3592492767246,-0.426068863193403,-14.3592492767246,-0.202508438345928,0,-0.945353835267265,0
41.2492359498278,0.0289805335163226,14.6654997533966,14.6593398934131,1,2,84.1098626289154,91.2941670329678,8.54157191499508,0.220032036364665,0.214306556532017,2.6021119139027,9.24134552731591,9.41145452345358,1.84073840367565,6.26267565340122e-06,1.00000626267565,-0.425014007136931,14.6593398934131,-0.425014007136931,-14.6593398934131,-0.202399676389204,0,-0.947572309336934,0
43.0673979724862,0.0283190809858374,14.9722400699512,14.966235219493,1,2,83.8944812826826,91.4843091868947,9.04687386842304,0.220033720589081,0.20991201912275,4.60006831645275,9.06138867516851,9.43396050462057,4.11164163472029,5.98314872379824e-06,1.00000598314872,-0.424000079080348,14.966235219493,-0.424000079080348,-14.966235219493,-0.202295750750599,0,-0.949704091088705,0
44.9656999799107,0.0276741772299418,15.2859333764869,15.2800788122077,1,2,84.8905427460451,91.6700651482232,7.98619278764587,0.200027728623503,0.205600552994523,2.78602592219088,9.28128660813054,9.45569185915754,1.87910640400033,5.72219953709485e-06,1.00000572219954,-0.423025629385979,15.2800788122077,-0.423025629385979,-15.2800788122077,-0.202196436016529,0,-0.951752305211512,0
46.9476743399973,0.0270453420202718,15.6067262353083,15.6010174171387,1,2,85.6461871812587,91.8515463494962,7.24534199649158,0.200020549878203,0.201371011235367,0.675161306168796,9.10093501945824,9.47666876351835,4.12851803970439,5.47415189622313e-06,1.0000054741519,-0.422089248850663,15.6010174171387,-0.422089248850663,-15.6010174171387,-0.202101518173893,0,-0.953719984124777,0
49.0170091184873,0.0264321109594803,15.9347684758874,15.9292010385816,1,2,86.0177940363593,92.0288612717481,6.98816716091083,0.200009314416901,0.197222236443663,1.3934740896257,9.3004331203859,9.49691136593565,2.11257092015518,5.24847013516627e-06,1.00000524847014,-0.421189568468286,15.9292010385816,-0.421189568468286,-15.9292010385816,-0.202010793956435,0,-0.955610069106994,0
50,0.0261549440376782,16.0882541936033,16.0827504168911,1,2,86.0478863581871,92.1091131385175,7.04401588099393,0.200049329025176,0.195339265495925,2.35445105074992,9.22227406806063,9.50598832841416,3.07640239554489,5.14112909622e-06,1.0000051411291,-0.420787388097635,16.0827504168911,-0.420787388097635,-16.0827504168911,-0.201970387008674,0,-0.956454836796057,0
51.1775549417342,0.0258340350079285,16.2702132662719,16.264783011357,1,2,85.9636204431348,92.2021154867227,7.25713390318951,0.200095215775884,0.193153062748895,3.46942479362641,9.1243418393803,9.51643974120191,4.29727325788396,5.02040112460023e-06,1.00000502040112,-0.420325259107332,16.264783011357,-0.420325259107332,-16.264783011357,-0.201924070235117,0,-0.95742541155022,0
53.4333321619656,0.0252506800107462,16.6132171859799,16.6079200740914,1,2,85.787519981254,92.3714117042451,7.67464979105322,0.180068721069952,0.18916231771194,5.05007009987913,9.30355058861418,9.53527384911997,2.49069705483601,4.80113032441665e-06,1.00000480113032,-0.419495031112207,16.6079200740914,-0.419495031112207,-16.6079200740914,-0.201841163449011,0,-0.959168774326575,0
55.7885383383695,0.024681626227264,16.9639403004159,16.9587724440036,1,2,86.8606422400141,92.536849823935,6.53484413370603,0.180048575321464,0.185248824109355,2.88824767349944,9.12246114962085,9.55343349650291,4.72429906593769,4.59047541045976e-06,1.00000459047541,-0.418697633836486,16.9587724440036,-0.418697633836486,-16.9587724440036,-0.201761899073524,0,-0.960842833253503,0
58.2475560479295,0.024126467864572,17.3225462368436,17.3175038932308,1,2,87.571834192008,92.6985269905247,5.85427134856634,0.18002540232372,0.181411401606082,0.769890951206159,9.28130963091176,9.57093830258993,3.12055823149731,4.38921781120705e-06,1.00000438921781,-0.417931855115771,17.3175038932308,-0.417931855115771,-17.3175038932308,-0.201686111123049,0,-0.962450178645411,0
60.8149610405413,0.0235848126167156,17.6892022619524,17.684281826735,1,2,87.8889527013267,92.8565376521141,5.65211530926842,0.180090111931439,0.17764886832104,1.35556782336186,9.44472587018211,9.58780766773899,1.51493859666811,4.19795466943818e-06,1.00000419795467,-0.417196520687329,17.684281826735,-0.417196520687329,-17.684281826735,-0.201613641685426,0,-0.963993316939917,0
63.4955307535863,0.0230562812108283,18.0640793610549,18.0592773618233,1,2,87.7868952594101,93.0109736207613,5.95086356102934,0.180061233638067,0.17396004229001,3.38839806036236,9.26315013049165,9.60406074524966,3.68028813044738,4.00894745222757e-06,1.00000400894745,-0.416490493563202,18.0592773618233,-0.416490493563202,-18.0592773618233,-0.201544340485808,0,-0.96547467238779,0
66.2942532018062,0.0225405069613015,18.4473523189545,18.4426654093248,1,2,87.2438569901322,93.1619241348712,6.78336257578382,0.18002972381281,0.170343742830219,5.38021209912136,9.40155224355786,9.61971641616678,2.32051226177471,3.83405043047347e-06,1.00000383405043,-0.415812673362974,18.4426654093248,-0.415812673362974,-18.4426654093248,-0.20147806447774,0,-0.966896588796311,0
69.2163362590204,0.0220371353329165,18.8391998025211,18.8346247564615,1,2,88.188629214883,93.3094759228958,5.80669725065703,0.160076782927131,0.166798791810919,4.19924036507399,9.20441501831001,9.63479326691113,4.67578056557623,3.67386288857574e-06,1.00000367386289,-0.415161995612012,18.8346247564615,-0.415161995612012,-18.8346247564615,-0.201414677459455,0,-0.96826133131652,0
72.2672173489579,0.0215458235137013,19.2398044450165,19.2353381514536,1,2,89.0678511535914,93.4537132679197,4.92418089975607,0.160044355200283,0.163324014834249,2.04921918668166,9.34258923481654,9.64930956958422,3.28303350450903,3.5156718443119e-06,1.00000351567184,-0.414537431010451,19.2353381514536,-0.414537431010451,-19.2353381514536,-0.201354049713567,0,-0.969571088265531,0
75.4525735632376,0.0210662399981325,19.6493529322082,19.6449923899023,1,2,89.5693242020372,93.5947180727482,4.49416572757779,0.160009893976875,0.159918242330529,0.057278737000839,9.46058498138274,9.66328326479262,2.14255549533945,3.35445225996267e-06,1.00000335445226,-0.413937984677907,19.6449923899023,-0.413937984677907,-19.6449923899023,-0.201296057668476,0,-0.970827972975712,0
78.7783322253222,0.020598064181172,20.0680360903163,20.0637784029904,1,2,89.656601893491,93.7325699251611,4.54619954982478,0.160054002391116,0.156580310572088,2.17032486981455,9.26312538838583,9.67673194683963,4.4650864704086,3.21955415771846e-06,1.00000321955416,-0.41336269537841,20.0637784029904,-0.41336269537841,-20.0637784029904,-0.201240583579955,0,-0.972034025663225,0
82.2506819201059,0.0201409859635137,20.4960489758329,20.4918913475451,1,2,89.3126872182268,93.8673461630387,5.09967742173408,0.160015689426231,0.153309062609594,4.19123077286031,9.38091979261277,9.68967285113361,3.29128769189543,3.07267350274643e-06,1.0000030726735,-0.41281063472974,20.4918913475451,-0.41281063472974,-20.4918913475451,-0.201187515231522,0,-0.973191215308997,0
85.8760840096569,0.0196947053683121,20.9335909672606,20.9295306980064,1,2,88.4806788006192,93.9991219391016,6.23689059949182,0.160056079506111,0.150103349134773,6.21827699519463,9.48332271073711,9.7021228436659,2.30720960999319,2.94772382058994e-06,1.00000294772382,-0.412280906400956,20.9295306980064,-0.412280906400956,-20.9295306980064,-0.201136745652283,0,-0.974301441545802,0
89.6612846565461,0.0192589321695739,21.3808658588118,21.376900340346,1,2,89.6445641303721,94.1279702850415,5.00131402072418,0.14001246958027,0.146962029273274,4.96352911554033,9.30082833640366,9.71409841241418,4.44336849431966,2.81097535670405e-06,1.00000281097536,-0.411772645301614,21.376900340346,-0.411772645301614,-21.376900340346,-0.201088172851076,0,-0.975366536545694,0
93.6133273771331,0.0188333855323146,21.8380819561163,21.8342086679833,1,2,90.6121783910445,94.2539621748518,4.01908865725628,0.140044835201199,0.143883971311334,2.741362153499,9.38300395848031,9.72561566053239,3.65140741246766,2.6968400252958e-06,1.00000269684003,-0.411285016765821,21.8342086679833,-0.411285016765821,-21.8342086679833,-0.201041699565815,0,-0.976388266902543,0
97.739566148169,0.0184177936645108,22.305452173982,22.3016686797435,1,2,91.1847982707381,94.3771665871929,3.50098742004807,0.140005427407081,0.14086805335976,0.616137508848586,9.46036673764989,9.73669030119183,2.92085466879673,2.58473537706472e-06,1.00000258473538,-0.410817215734014,22.3016686797435,-0.410817215734014,-22.3016686797435,-0.200997233027016,0,-0.977368335504958,0
102.047679091106,0.0180118934808171,22.7831941362568,22.779498079908,1,2,91.3495669373036,94.4976505666567,3.44619436621279,0.140035070865628,0.137913163958637,1.51526820665372,9.54238982898639,9.7473376539445,2.14776202430493,2.46862442754292e-06,1.00000246862443,-0.410368465935034,22.779498079908,-0.410368465935034,-22.779498079908,-0.200954684734587,0,-0.978308383395343,0
106.545682759575,0.0176154302779665,23.2715302778393,23.2679193804025,1,2,91.0657681530377,94.6154792838138,3.8979642985175,0.140063448464982,0.135018202626051,3.60211453753566,9.34423291902091,9.75757264248413,4.42347410478004,2.36509822193476e-06,1.00000236509822,-0.409938019070864,23.2679193804025,-0.409938019070864,-23.2679193804025,-0.200913970247017,0,-0.979209991611254,0
111.241947056622,0.0172281574217228,23.7706879488876,23.7671600051758,1,2,90.3344561003349,94.7307160939493,4.86664799169372,0.14002025292022,0.13218208035397,5.59788487935107,9.42136273220335,9.76740979368648,3.67300433407897,2.26720754792353e-06,1.00000226720755,-0.409525154006085,23.7671600051758,-0.409525154006085,-23.7671600051758,-0.200875008982162,0,-0.98007468300567,0
116.145210809457,0.0168498360452194,24.2808995212767,24.2774523968169,1,2,89.7006844602981,94.843422594413,5.73322061593757,0.120039640527975,0.129403720054321,7.80082269920097,9.46312499495539,9.77686323781604,3.31537671781674,2.17134818880638e-06,1.00000217134819,-0.409129175963959,24.2774523968169,-0.409129175963959,-24.2774523968169,-0.200837724028901,0,-0.980903924043179,0
121.264598030696,0.0164802347584833,24.8024024973546,24.7990341254639,1,2,91.053429844346,94.9536586805232,4.28345076384769,0.120000699723415,0.126682056958177,5.56776522983778,9.52005551139091,9.78594670979155,2.79295848729553,2.07674634977728e-06,1.00000207674635,-0.408749415730796,24.7990341254639,-0.408749415730796,-24.7990341254639,-0.200802041968985,0,-0.981699126569424,0
126.60963489636,0.0161191293689143,25.3354396210508,25.3321480000562,1,2,92.0770410211982,95.0614825999813,3.2412440122789,0.120021111030754,0.12401603897083,3.32852104581137,9.56168184545009,9.79467355141034,2.43672305485802,1.98790601801946e-06,1.00000198790602,-0.408385228870036,25.3321480000562,-0.408385228870036,-25.3321480000562,-0.200767892708427,0,-0.9824616495515,0
132.190267472227,0.0157663026124728,25.8802589913889,25.8770421819843,1,2,92.7112472379737,95.1669510057651,2.64876575491222,0.120040652678978,0.12140462698542,1.13626032181814,9.38317768440675,9.80305671443416,4.47480634119481,1.89815581452812e-06,1.00000189815581,-0.408035994947407,25.8770421819843,-0.408035994947407,-25.8770421819843,-0.200735209317873,0,-0.983192800787312,0
138.0168802215,0.0154215438953018,26.4371141784587,26.433970301191,1,2,92.9270233876539,95.2701190074804,2.52143621350277,0.120059362049005,0.118846795157678,1.00997279231887,9.42465992084686,9.81110876444854,4.10040093591993,1.81721958858461e-06,1.00000181721959,-0.407701116768206,26.433970301191,-0.407701116768206,-26.433970301191,-0.200703927881386,0,-0.9838938385822,0
144.100315328268,0.0150846490455055,27.0062643419023,27.0031915747807,1,2,92.7108145576732,95.3710402211625,2.86938010002546,0.120017025376734,0.116341531144187,3.06247736186593,9.44133932963641,9.81884188540987,3.99840046621849,1.74381524220557e-06,1.00000174381524,-0.407380019627745,27.0031915747807,-0.407380019627745,-27.0031915747807,-0.200673987353156,0,-0.984565973391352,0
150.451892872676,0.0147554200747852,27.5879743519718,27.5849709281934,1,2,92.0156158268647,95.4697668175252,3.75387477399466,0.120034167264377,0.113887836306505,5.12048452365597,9.48269921388576,9.82626788480273,3.62311050016087,1.66912407539854e-06,1.00000166912408,-0.407072150575743,27.5849709281934,-0.407072150575743,-27.5849709281934,-0.200645329421649,0,-0.985210369426865,0
157.083431895384,0.0144336649496334,28.1825149132154,28.1795791190008,1,2,90.8190231350096,95.5663495686642,5.22723793956398,0.120050579868514,0.111484725883343,7.13520417356785,9.50400423959068,9.83339819933287,3.46584398994723,1.59384882247871e-06,1.00000159384882,-0.406776977695399,28.1795791190008,-0.406776977695399,-28.1795791190008,-0.200617898380771,0,-0.985828146228433,0
164.007272390476,0.0141191973717779,28.790162690851,28.7872928633842,1,2,90.4300820050275,95.6608378932286,5.78430957069169,0.100005067214452,0.109131229132897,9.1256994996816,9.52048239881578,9.84024390108837,3.35866911861907,1.53229678878652e-06,1.00000153229679,-0.40649398939772,28.7872928633842,-0.40649398939772,-28.7872928633842,-0.200591641007627,0,-0.986420380196932,0
171.236298267776,0.013811836567564,29.4112004398872,29.408394965355,1,2,91.9653185717602,95.7532799000785,4.11890198081855,0.100017599633345,0.106826389447326,6.80759170280124,9.52167548509448,9.84681570410488,3.41473745371158,1.46180135129903e-06,1.00000146180135,-0.406222693731589,29.408394965355,-0.406222693731589,-29.408394965355,-0.2005665064465,0,-0.986988106090321,0
178.783961327275,0.0135114070859661,30.0459171370537,30.0431744487782,1,2,93.1513877868466,95.8437224304517,2.8902786180339,0.10002959937844,0.10456926444128,4.53832174781065,9.54282378070322,9.85312397127662,3.25166007152787,1.40003355086904e-06,1.00000140003355,-0.405962617709938,30.0431744487782,-0.405962617709938,-30.0431744487782,-0.200542446098694,0,-0.987532318481429,0
186.664306290295,0.0132177386049151,30.6946081156027,30.6919266922627,1,2,93.9591393684889,95.9322110986686,2.0999252903347,0.100041089237645,0.10235892601626,2.31688478831799,9.54391991327138,9.8591787215587,3.30324239046616,1.34516963701259e-06,1.00000134516964,-0.405713306652343,30.6919266922627,-0.405713306652343,-30.6919266922627,-0.200519413517903,0,-0.988053973177409,0
194.891996933964,0.012930665745636,31.3575752030456,31.3549535669822,1,2,94.3584239019376,96.0187903314043,1.75963773111802,0.100001939587605,0.100194460402518,0.192517080876159,9.54018503665747,9.86498963741094,3.40459435016647,1.28529464160643e-06,1.00000128529464,-0.405474323544226,31.3549535669822,-0.405474323544226,-31.3549535669822,-0.200497364310806,0,-0.988553988600743,0
203.482343377626,0.0126500278946889,32.0351268618908,32.0325635774921,1,2,94.3323300910974,96.1035034055624,1.87758885289339,0.100012468853288,0.098074968180107,1.93725911918318,9.54118952860363,9.87056607243738,3.45215387291394,1.22876083641366e-06,1.00000122876084,-0.405245248412816,32.0325635774921,-0.405245248412816,-32.0325635774921,-0.20047625604259,0,-0.989033247131777,0
212.451330571976,0.0123756690334165,32.7275783334469,32.7250720056089,1,2,93.8416493869812,96.1863924847852,2.49861667300277,0.100022551070984,0.0959995642806023,4.02207976831831,9.52214686195769,9.87591705917902,3.7152356747898,1.17634549012813e-06,1.00000117634549,-0.40502567771995,32.7250720056089,-0.40502567771995,-32.7250720056089,-0.200456048147122,0,-0.989492596412979,0
221.815648043917,0.0121074375744996,33.4352517847625,33.4328010574207,1,2,92.8586969842347,96.2674986546384,3.67095574363108,0.100032205325022,0.0939673779709371,6.06287478555421,9.60309171120208,9.88105131702248,2.89448038381388,1.12700285481715e-06,1.00000112700285,-0.404815223771689,33.4328010574207,-0.404815223771689,-33.4328010574207,-0.200436701841541,0,-0.989932850615082,0
231.5927209525,0.0118451862053375,34.1584764587692,34.1560800134978,1,2,91.3571232467387,96.3468619565089,5.4617949125804,0.100041449876363,0.0919775528207072,8.06055596517406,9.58397089815558,9.8859772601884,3.15116109222479,1.08185278646644e-06,1.00000108185279,-0.404613514144758,34.1560800134978,-0.404613514144758,-34.1560800134978,-0.200418180044994,0,-0.99035479166549,0
241.800742513726,0.0115887717379684,34.8975888276993,34.8952453823751,1,2,89.3693310694355,96.4245214202532,7.89442000560152,0.100000176796951,0.0900292466542319,9.97091251444959,9.56001690178849,9.89070300576891,3.45905354956596,1.0348589127851e-06,1.00000103485891,-0.404420191129684,34.8952453823751,-0.404420191129684,-34.8952453823751,-0.200400447301326,0,-0.990759170439304,0
252.458707854557,0.0113380549652598,35.6529327498511,35.6506410573776,1,2,91.2010419606764,96.5005150956395,5.81075941791119,0.0800069194920076,0.0881216314885778,10.1425127327653,9.62083206891391,9.89523638178477,2.85218898849183,9.85632154337779e-07,1.00000098563215,-0.404234911190523,35.6506410573776,-0.404234911190523,-35.6506410573776,-0.200383469705493,0,-0.991146707913462,0
263.586449359124,0.0110929005231005,36.4248596297753,36.4226184768646,1,2,92.8507146143302,96.5748800826201,4.01091739978392,0.080013410085968,0.0862538934586846,7.79929685038004,9.60160921031616,9.89958493523711,3.10339359157419,9.50060340176861e-07,1.00000095006034,-0.404057344440996,36.4226184768646,-0.404057344440996,-36.4226184768646,-0.200367214833505,0,-0.991518096284503,0
275.204673572902,0.0108531767583397,37.2137285819565,37.2115367879653,1,2,94.1594940496484,96.6476525604774,2.642493500992,0.0800196254643558,0.0844252327306683,5.50565844409626,9.64236486845487,9.90375594012961,2.71086061604956,9.03375487304459e-07,1.00000090337549,-0.403887174136851,37.2115367879653,-0.403887174136851,-37.2115367879653,-0.200351651675724,0,-0.991874000050574,0
287.334999733534,0.0106187556022221,38.019906598069,38.0177630138867,1,2,95.0981454738565,96.7188678158808,1.70426282652362,0.080025577346025,0.0826348634043057,3.2605651153235,9.60306928152299,9.90775640544109,3.17280980680139,8.71421790282767e-07,1.00000087142179,-0.403724096184208,38.0177630138867,-0.403724096184208,-38.0177630138867,-0.20033675057332,0,-0.992215057058264,0
300,0.0103895124490801,38.8437687178838,38.8416722248693,1,2,95.6372281633361,96.7885602698969,1.20385348746674,0.0800312769467422,0.0808820134056512,1.06300497925973,9.64376887208243,9.91159308302983,2.77717368074543,8.32962821606387e-07,1.00000083296282,-0.403567818663643,38.8416722248693,-0.403567818663643,-38.8416722248693,-0.200322483157744,0,-0.992541879514971,0
