a,K,zeta,wn,s3_real_pole,PO_formula,PO_actual,PO_abs_err,Ts_formula,Ts_actual,Ts_abs_err
2,10000,0.0049997499437446895,99.99499987504377,-1.0001000099999997,98.4415343419397,98.46094986221065,0.019415520270953834,6.000600120017999,5.970813442089231,0.02978667792876788
3,10000,0.009999999849919963,99.98999849974996,-1.0002000600180048,96.90709044333991,96.9457368125422,0.038646369202282926,3.00030012004802,2.9863906084295944,0.013909511618425796
4,10000,0.015000749981108287,99.98499587333055,-1.0003001500840485,95.39618965384938,95.45376471928893,0.0575750654395506,2.0002001200780524,1.9819811456263714,0.01821897445168097
5,10000,0.020002000600139888,99.9799919949964,-1.0004002802281982,93.90836570919477,93.98456639425883,0.07620068506406596,1.5001501201081036,1.4799642669505797,0.02018585315752386
6,10000,0.02500375197009318,99.97498686395778,-1.000500450480555,92.44316435081423,92.53769293121148,0.09452858039725243,1.2001201201381684,1.1955586076606968,0.004561512477471608
7,10000,0.030006004354294843,99.96998047942411,-1.000600660871254,91.00014295919911,91.11270169141596,0.1125587322168542,1.0001001201682544,0.9783460979748031,0.02175402219345135
8,10000,0.03500875801632063,99.96497284060393,-1.0007009114304635,89.5788702003838,89.70915988882142,0.1302896884376139,0.8572286916269263,0.851346972649212,0.005881718977714279
9,10000,0.04001201321999515,99.95996394670526,-1.0008012021883863,88.17892568504831,88.3266443574157,0.14771867236738956,0.7500751202284721,0.7279358310267801,0.02213928920169206
10,10000,0.04501577022939266,99.95495379693476,-1.000901533175258,86.7998996397236,86.96470259251822,0.16480295279461643,0.6667334535919403,0.6631211697984863,0.0036122837934539076
11,10000,0.050020029308837075,99.94994239049876,-1.00100190442135,85.44139258961215,85.62300195902904,0.18160936941688988,0.6000601202887592,0.5997227098957258,0.00033741039303336606
12,10000,0.05502479072290258,99.94492972660258,-1.0011023159569659,84.10301505255876,84.30111310517641,0.19809805261765234,0.5455092112280194,0.5387188446232569,0.00679036660476251
13,10000,0.0600300547364139,99.93991580445076,-1.001202767812445,82.78438724372725,82.99864915428546,0.2142619105582071,0.5000501203491139,0.4781086700785592,0.02194145027055472
14,10000,0.06503582161444636,99.934900623247,-1.0013032600181593,81.48513879055882,81.71523176812461,0.23009297756578917,0.4615847357639321,0.4457117069230823,0.01587302884084979
15,10000,0.0700420916223266,99.92988418219427,-1.0014037926045156,80.20490845760631,80.4504909463334,0.24558248872709498,0.4286144061238222,0.41491246107403185,0.013701945049790332
16,10000,0.07504886502563274,99.92486648049467,-1.0015043656019558,78.94334388085721,79.2044941991292,0.2611503182719872,0.40004012043977305,0.38350941475101297,0.016530705688760083
17,10000,0.08005614209019472,99.91984751734937,-1.0016049790409545,77.70010131117505,77.97791763795958,0.2778163267845315,0.37503762047002703,0.3537043661930429,0.021333254276984126
18,10000,0.08506392308209497,99.91482729195873,-1.001705632952021,76.47484536650457,76.7690748656685,0.29422949916393293,0.35297659108853285,0.3507098138362564,0.002266777252276475
19,10000,0.09007220826766811,99.90980580352262,-1.0018063273657003,75.26724879250291,75.57750541737893,0.31025662487601835,0.3333667871972511,0.32070052227977885,0.012666264917472247
20,10000,0.09508099791350134,99.90478305123965,-1.0019070623125703,74.07699223127209,74.40293852407105,0.32594629279896026,0.3158211731924686,0.29208939083266205,0.023731782359806552
21,10000,0.10009029228643566,99.8997590343079,-1.002007837823244,72.90376399788306,73.24504661937969,0.3412826214966316,0.30003012059121204,0.290303202013635,0.009726918577577015
22,10000,0.10510009165356594,99.89473375192433,-1.002108653928369,71.7472598643953,72.10350933976495,0.35624947536965124,0.285742977764408,0.2875157192183837,0.0017727414539757125
23,10000,0.11011039628224005,99.88970720328545,-1.0022095106586282,70.60718285108798,70.97801335519753,0.37083050410954854,0.27275466610645227,0.2590984155258709,0.013656250580581397
24,10000,0.11512120644006058,99.8846793875868,-1.0023104080447371,69.48324302463027,69.86825220397239,0.38500917934212,0.260895772856193,0.2563089518536514,0.004586821002541597
25,10000,0.1201325223948848,99.87965030402277,-1.002411346117448,68.37515730293168,68.77392613156523,0.3987688286335498,0.2500251207126706,0.23008968788252765,0.01993543283014293
26,10000,0.12514434441482478,99.87461995178752,-1.002512324907547,67.28264926642281,67.69474193341611,0.4120926669933027,0.2400241207430782,0.22910072796942824,0.010923392773649954
27,10000,0.13015667276824808,99.86958833007395,-1.0026133444458554,66.2054489755278,66.63035874111911,0.424909765591309,0.23079242846581044,0.2275038107841493,0.003288617681661138
28,10000,0.13516950772377792,99.86455543807402,-1.0027144047632284,65.14329279410013,65.58126905985182,0.43797626575168636,0.22224456524838918,0.22511268401878248,0.0028681187703933075
29,10000,0.1401828495502933,99.85952127497922,-1.002815505890557,64.09592321860248,64.54864367658513,0.45272045798265026,0.21430726369154682,0.1980857591156589,0.01622150457588792
30,10000,0.1451966985169296,99.85448583998009,-1.0029166478587674,63.063088712820694,63.53006995782167,0.46698124500097293,0.2069173622441909,0.1966942911250339,0.010223071119157018
31,10000,0.15021105489307943,99.84944913226629,-1.0030178306988204,62.04454354791052,62.52528287543255,0.48073932752203064,0.20002012089537394,0.1951023614829373,0.004917759412436634
32,10000,0.15522591894839163,99.8444111510266,-1.003119054441712,61.04004764758461,61.534023182960084,0.4939755353754762,0.1935678628613687,0.16947171763404886,0.024096145227319843
33,10000,0.160241290952773,99.83937189544908,-1.0032203191184728,60.04936643825365,60.55603727992531,0.5066708416716637,0.18751887095641298,0.16908014467287458,0.018438726283538404
34,10000,0.16525717117638816,99.83433136472071,-1.0033216247601686,59.072270703945286,59.5910770794903,0.5188063755450116,0.1818364846233221,0.16848818540723287,0.013348299216089238
35,10000,0.1702735598896596,99.82928955802805,-1.0034229713979015,58.10853644582979,58.63889987932096,0.5303634334911678,0.17648835631163864,0.16789616102093685,0.008592195290701793
36,10000,0.17529045736326834,99.82424647455633,-1.0035243590628082,57.15794474618933,57.70009264048854,0.5421478942992124,0.1714458353338153,0.16690334320357947,0.004542492130235831
37,10000,0.18030786386815428,99.8192021134903,-1.0036257877860604,56.22028163667393,56.77610253588385,0.5558208992099196,0.16668345441203164,0.16590528441391061,0.0007781699981210255
38,10000,0.1853257796755162,99.81415647401373,-1.0037272575988658,55.295337970693815,55.86414389523773,0.5688059245439163,0.16217849948769159,0.16471190093348206,0.0025334014457904785
39,10000,0.19034420505681343,99.80910955530949,-1.0038287685324676,54.38290929980322,54.96404514494833,0.5811358451451127,0.15791064745573458,0.16231604683541645,0.0044053993796818736
40,10000,0.19536314028376373,99.8040613565597,-1.0039303206181431,53.48279575393783,54.075587195716366,0.5927914417785374,0.15386165963213314,0.1374750312848021,0.01638662834733104
41,10000,0.20038258562834602,99.79901187694558,-1.0040319138872067,52.59480192537125,53.19855570146601,0.6037537760947629,0.15001512120126176,0.13688116269257838,0.013133958508683374
42,10000,0.20540254136280023,99.7939611156476,-1.004133548371009,51.71873675626383,52.33274094820124,0.6140041919374113,0.1463562187929215,0.1362872291292622,0.010068989663659295
43,10000,0.21042300775962644,99.78890907184513,-1.0042352241009336,50.85441342968045,51.481274822961964,0.6268613932815157,0.14287154983407613,0.13549279746772688,0.007378752366349245
44,10000,0.215443985091586,99.78385574471706,-1.0043369411084024,50.001649263958946,50.640837975458865,0.6391887114999193,0.13954895850266902,0.13449783550592373,0.005051122996745289
45,10000,0.22046547363170313,99.77880113344116,-1.0044386994248724,49.160265610315726,49.810998374020166,0.6507327637044398,0.13637739405137558,0.13330231104667087,0.003075083004704715
46,10000,0.2254874736532621,99.7737452371942,-1.004540499081835,48.33008775358037,48.99156276678869,0.6614750132083174,0.13334678802152375,0.13090386521152997,0.0024429228099937805
47,10000,0.2305099854298114,99.76868805515248,-1.004642340110819,47.510944815952705,48.182342072718875,0.6713972567661699,0.1304479474725853,0.10945993453214217,0.02098801294044314
48,10000,0.23553300923516166,99.76362958649133,-1.0047442225433896,46.702669663683366,47.38524273170523,0.6825730680218669,0.12767246184194977,0.10946240220202835,0.018210059639921422
49,10000,0.2405565453433868,99.75856983038504,-1.004846146411146,45.90509881657979,46.599624626360715,0.6945258097809273,0.12501262144722441,0.10926776968737292,0.01574485175985149
50,10000,0.24558059402882385,99.75350878600715,-1.004948111745725,45.118072360244916,45.823651729379876,0.7055793691349592,0.12246134596784453,0.10907311526539684,0.013388230702447684
2,20000,0.003535445507640932,141.41782065921714,-1.0000500024999999,98.89544559272527,98.90515891157705,0.009713318851780173,6.000300030002248,5.9766926488670755,0.023607381135172467
3,20000,0.007071067785341903,141.41428463912342,-1.0001000150022503,97.8029965360627,97.82244545347092,0.019448917408226407,3.000150030005998,2.9783256139913767,0.02182441601462104
4,20000,0.01060686687951409,141.41074817688883,-1.000150037510503,96.72248089742533,96.75153688525259,0.029055987827263152,2.000100030009752,1.9789849061053588,0.021115123904392963
5,20000,0.014142842836590522,141.40721127237435,-1.0002000700285123,95.65372991858138,95.6922810619507,0.0385511433693182,1.5000750300135077,1.4900603400677466,0.010014689945761157
6,20000,0.017678995703026213,141.4036739254406,-1.000250112560035,94.5965779459532,94.64452640482594,0.0479484588727388,1.20006003001726,1.1799282053370246,0.020131824680235333
7,20000,0.021215325525298014,141.40013613594772,-1.0003001651088281,93.55086236271458,93.608085567024,0.05722320430942318,1.000050030021016,0.9802238380489466,0.019826191972069362
8,20000,0.024751832349904745,141.39659790375651,-1.0003502276786536,92.51642352263315,92.58282548650618,0.06640196387303376,0.8571857443104862,0.846446845905212,0.0107388984052742
9,20000,0.028288516223367127,141.3930592287271,-1.0004003002732742,91.49310468560721,91.56855909549564,0.07545440988843666,0.7500375300285308,0.7359843132820995,0.01405321674643134
10,20000,0.03182537719222801,141.38952011071981,-1.000450382896453,90.48075195484758,90.56516410333056,0.08441214848298273,0.666700030032289,0.6477411017725911,0.018958928259697805
11,20000,0.03536241530305203,141.38598054959516,-1.0005004755519582,89.47921421565688,89.57245180991113,0.09323759425424782,0.6000300300360475,0.6003614681790735,0.0003314381430260527
12,20000,0.0388996306024258,141.38244054521294,-1.0005505782435584,88.48834307575993,88.59028883079658,0.10194575503665249,0.5454818482216269,0.536004780728941,0.009477067492685953
13,20000,0.042437023136958144,141.3789000974335,-1.000600690975025,87.50799280714048,87.61855317728084,0.11056037014036235,0.5000250300435701,0.4916034765118677,0.00842155353170243
14,20000,0.0459745929532798,141.37535920611685,-1.0006508137501309,86.53802028934177,86.6570499760947,0.11902968675292414,0.4615615685088702,0.4478964982702789,0.013665070238591315
15,20000,0.049512340098043374,141.3718178711226,-1.0007009465726513,85.57828495418825,85.70569065625249,0.1274057020642374,0.42859288719395333,0.42485248861076014,0.003740398583193194
16,20000,0.05305026461792373,141.3682760923111,-1.0007510894463638,84.62864873188842,84.76427446611301,0.13562573422458968,0.40002003005486125,0.38227403159569223,0.01774599845916902
17,20000,0.05658836655961798,141.3647338695417,-1.000801242375048,83.68897599847969,83.83272842974164,0.14375243126194448,0.37501878005862666,0.35965083697493866,0.015367943083687996
18,20000,0.06012664596984481,141.3611912026743,-1.0008514053624855,82.75913352457731,82.91084440906786,0.15171088449055503,0.3529588535918058,0.33800902354416557,0.014949830047640222
19,20000,0.06366510289534545,141.35764809156896,-1.0009015784124602,81.83899042539025,81.99856618140267,0.15957575601241558,0.33335003006616115,0.3346257564607989,0.001275726394637744
20,20000,0.067203737382883,141.35410453608463,-1.0009517615287575,80.9284181119692,81.09567681685354,0.1672587048843468,0.3158052932278248,0.3132654150459017,0.002539878181923083
21,20000,0.07074254947924277,141.3505605360812,-1.0010019547151663,80.02729024365163,80.20213791438071,0.17484767072907914,0.3000150300736999,0.29290127025865037,0.007113759815049525
22,20000,0.07428153923123224,141.34701609141783,-1.0010521579754763,79.13548268167095,79.31800602925509,0.18252334758413724,0.2857286015060425,0.2715391758542085,0.014189425651834009
23,20000,0.07782070668568082,141.34347120195412,-1.0011023713134797,78.25287344389729,78.44401609191547,0.19114264801818592,0.27274093917215286,0.2694207709634354,0.0033201682087174444
24,20000,0.08136005188944065,141.3399258675494,-1.0011525947329707,77.37934266067855,77.57893583340365,0.1995931727251019,0.2608826387806688,0.24961965875951458,0.011262980021154223
25,20000,0.08489957488938543,141.33638008806267,-1.001202828237747,76.51477253175194,76.72273293205456,0.20796040030261054,0.250012530088791,0.2479253378164837,0.0020871922723072756
26,20000,0.08843927573241143,141.33283386335336,-1.0012530718316062,75.65904728419574,75.87520512848913,0.21615784429339158,0.24001203009256608,0.22741481926725146,0.01259721082531462
27,20000,0.09197915446543695,141.3292871932803,-1.00130332551835,74.81205313139353,75.03630245874098,0.22424932734745084,0.2307807993271118,0.2258615879315348,0.0049192113955769945
28,20000,0.09551921113540264,141.32574007770265,-1.0013535893017809,73.97367823298315,74.20584834920987,0.232170116226726,0.22223336343345335,0.20633983854432666,0.01589352488912668
29,20000,0.09905944578927137,141.32219251647916,-1.0014038631857038,73.14381265576351,73.38377428833927,0.2399616325757563,0.21429645867532732,0.20549382770556485,0.00880263096976247
30,20000,0.10259985847402833,141.31864450946898,-1.0014541471739267,72.32234833553345,72.56993000276294,0.24758166722949682,0.2069069266594023,0.2043691930422335,0.0025377336171688025
31,20000,0.10614044923668084,141.31509605653065,-1.0015044412702578,71.5091790398374,71.76422760366863,0.2550485638312239,0.20001003011145888,0.20182472209876473,0.0018146919873058553
32,20000,0.1096812181242586,141.3115471575232,-1.00155474547851,70.70420033159378,70.96654366752159,0.26234333592780956,0.19355809463136944,0.18329080420937027,0.01026729042199917
33,20000,0.11322216518381371,141.3079978123048,-1.0016050598024966,69.90730953358198,70.17677017022554,0.2694606366435579,0.18750940511902323,0.18216127347937866,0.0053481316396445655
34,20000,0.11676329046242032,141.30444802073436,-1.0016553842460334,69.11840569376584,69.39479625267711,0.27639055891127384,0.18182730285007995,0.18032399978091285,0.0015033030691671
35,20000,0.12030459400717541,141.30089778267023,-1.0017057188129381,68.33738955143028,68.62053738643881,0.2831478350085348,0.1764794418912979,0.16249577034146506,0.013983671549832849
36,20000,0.12384607586519762,141.29734709797108,-1.0017560635070308,67.56416350411094,67.85385374567812,0.28969024156718604,0.17143717298752087,0.16207359092480447,0.009363582062716397
37,20000,0.12738773608362863,141.29379596649508,-1.0018064183321345,66.79863157529434,67.09469136678578,0.29605979149144446,0.16667503013416493,0.16137181639932094,0.005303213734843992
38,20000,0.13092957470963215,141.29024438810052,-1.001856783292074,66.04069938286976,66.3428886898042,0.30218930693443724,0.16217030040822325,0.16052492779964792,0.001645372608575335
39,20000,0.13447159179039425,141.28669236264525,-1.0019071583906738,65.29027410831227,65.59872915123279,0.30845504292051373,0.1579026617206899,0.1591152506924691,0.0012125889717791993
40,20000,0.13801378737312375,141.28313988998812,-1.0019575436317645,64.54726446657783,64.86346439431784,0.3161999277400156,0.15385387629937877,0.1402896852911297,0.013564191008249071
41,20000,0.14155616150505135,141.27958696998678,-1.0020079390191774,63.81158067669263,64.13527365599978,0.3236929793071539,0.15000753014932405,0.13987016839236774,0.010137361756956315
42,20000,0.14509871423343093,141.27603360249927,-1.0020583445567444,63.08313443301766,63.414127448024836,0.3309930150071736,0.1463488106409212,0.13916443446536272,0.007184376175558477
43,20000,0.148641445605538,141.27247978738347,-1.002108760248301,62.361838877172296,62.6998808212331,0.3380419440608051,0.14286431587119564,0.13846170076102143,0.004402615110174202
44,20000,0.1521843556686714,141.26892552449732,-1.0021591860976853,61.64760857059841,61.99247715539313,0.3448685847947246,0.1395418906258206,0.1373311722423425,0.002210718383478083
45,20000,0.15572744447015174,141.26537081369858,-1.0022096221087362,60.94035946775037,61.29180352797974,0.3514440602293689,0.13637048470995436,0.11977725069989908,0.016593234010055274
46,20000,0.15927071205732252,141.26181565484478,-1.0022600682852962,60.24000888989322,60.597779035559405,0.35777014566618703,0.13334003016829651,0.11949850942440672,0.013841520743889793
47,20000,0.16281415847754957,141.25826004779367,-1.002310524631208,59.54647549949481,59.910305539707196,0.36383004021238463,0.1304413345199204,0.11921714442781861,0.011224190092101793
48,20000,0.16635778377822166,141.2547039924029,-1.0023609911503195,58.85967927519617,59.229321191645276,0.3696419164491047,0.12766598762270143,0.118796774149306,0.008869213473395421
49,20000,0.16990158800674932,141.25114748852988,-1.0024114678464773,58.17954148734577,58.55470008781434,0.3751586004685663,0.1250062801796928,0.11851538313229497,0.006490897047397845
50,20000,0.17344557121056653,141.24759053603182,-1.0024619547235323,57.505984674083166,57.88641356247963,0.38042888839646594,0.12245513222431013,0.11809496452637332,0.004360167697936818
2,30000,0.0028867032298171376,173.20219398148836,-1.0000333344444443,99.09721148478995,99.10366583723658,0.006454352446624512,6.000200013334012,5.986014576354668,0.014185436979343713
3,30000,0.0057735026822720486,173.1993069655047,-1.0000666733340002,98.20252128870334,98.2154983937532,0.012977105049856164,3.0001000133351075,2.9932868531816523,0.006813160153455122
4,30000,0.008660398374205841,173.19641970888625,-1.0001000166697784,97.3158351622209,97.3352603319499,0.01942516972899,2.000066680002889,1.9956960653677187,0.0043706146351703
5,30000,0.011547390322464969,173.19353221158235,-1.0001333644528916,96.4370602823199,96.46287766876492,0.025817386445012858,1.5000500133373371,1.4886605426992112,0.011389470638125898
6,30000,0.014434478543901199,173.19064447354262,-1.000166716684451,95.56610522677246,95.59825384120653,0.032148614434063916,1.200040013338448,1.1975578281160244,0.002482185222423494
7,30000,0.01732166305537154,173.18775649471647,-1.0002000733655712,94.70287994898818,94.74129888540033,0.03841893641214256,1.0000333466728923,0.9982542414038931,0.0017791052689992704
8,30000,0.020208943873738346,173.18486827505308,-1.0002334344973638,93.84729575338797,93.8919240089145,0.04462825552653271,0.8571714419121,0.8536837845543829,0.0034876573577171666
9,30000,0.023096321015869236,173.18197981450209,-1.0002668000809432,92.99926527129627,93.05002944310804,0.05076417181177817,0.750025013341784,0.7451271401622903,0.004897873179493639
10,30000,0.025983794498637178,173.1790911130128,-1.0003001701174226,92.15870243733936,92.21555197009495,0.056849532755592236,0.6666889022317853,0.6550597467163999,0.011629155515385459
11,30000,0.02887136433892044,173.17620217053437,-1.000333544607918,91.32552246633762,91.38839495150025,0.06287248516262878,0.6000200133440092,0.5994054890421046,0.0006145243019046731
12,30000,0.031759030553602546,173.17331298701617,-1.0003669235535426,90.49964183067993,90.56847412426612,0.06883229358618337,0.5454727406178503,0.5289656889095469,0.016507051708303466
13,30000,0.03464679315957244,173.170423562408,-1.0004003069554124,89.68097823816889,89.75570631801253,0.07472807984363783,0.5000166800129021,0.4920172059128161,0.007999474100086001
14,30000,0.03753465217372423,173.16753389665828,-1.0004336948146426,88.86945061032561,88.94999099461765,0.08054038429203558,0.4615538595011964,0.45563664453644304,0.005917214964753337
15,30000,0.04042260761295755,173.16464398971704,-1.0004670871323507,88.06497906114328,88.15128248866573,0.08630342752245213,0.42858572763417796,0.4198408748501294,0.008744852784048573
16,30000,0.04331065949417716,173.16175384153323,-1.0005004839096516,87.26748487627904,87.35948379909941,0.09199892282036615,0.400013346682911,0.38427467997701237,0.01573866670589863
17,30000,0.046198807834293205,173.1588634520561,-1.0005338851476633,86.47689049267373,86.5745159806666,0.09762548799287174,0.3750125133506922,0.3655706731001752,0.009441840250516975
18,30000,0.04908705265022131,173.15597282123497,-1.0005672908475027,85.69311947858958,85.7963011075236,0.10318162893402416,0.3529529545282765,0.3472124388994902,0.005740515628786302
19,30000,0.05197539395888208,173.15308194901894,-1.0006007010102873,84.91609651405628,85.02476225922115,0.10866574516487049,0.33334445779736527,0.3287379630365756,0.00460649476078967
20,30000,0.05486383177720188,173.1501908353572,-1.0006341156371354,84.14574737171547,84.25979420036103,0.11404682864555582,0.3158000133540353,0.31106579577457877,0.004734217579456523
21,30000,0.057752366122112014,173.14729948019908,-1.0006675347291665,83.38199889805522,83.50137851182333,0.11937961376811757,0.30001001335515015,0.2930522346241897,0.006957778730960429
22,30000,0.0606409970105493,173.14440788349359,-1.0007009582874984,82.62477899502444,82.74941389848031,0.12463490345587047,0.2857238228800751,0.27561552262653377,0.010108300253541314
23,30000,0.06352972445945597,173.14151604518992,-1.0007343863132516,81.87401660201947,82.00382732776579,0.12981072574632435,0.2727363769937446,0.2734262180950087,0.0006898411012641326
24,30000,0.06641854848577944,173.13862396523712,-1.000767818807545,81.12964167823381,81.26454670529964,0.13490502706582674,0.2608782742280621,0.25645049133348063,0.004427782894581456
25,30000,0.06930746910647242,173.13573164358434,-1.0008012557714996,80.39158518536254,80.53146009057363,0.13987490521108725,0.25000834669294686,0.23970086468118212,0.010307482011764735
26,30000,0.07219648633849365,173.13283908018073,-1.0008346972062354,79.6597790706537,79.80457629907458,0.1447972284208845,0.24000801336072894,0.238319396347925,0.001688617012803928
27,30000,0.07508560019880609,173.12994627497537,-1.0008681431128745,78.93415625029888,79.08441565893487,0.1502594086359892,0.2307769364387682,0.2213422545452017,0.009434681893566499
28,30000,0.07797481070437866,173.12705322791714,-1.0009015934925385,78.21465059315443,78.37072868726938,0.156078094114946,0.2222296429925916,0.21984483909777888,0.002384803894812715
29,30000,0.0808641178721858,173.12415993895524,-1.0009350483463477,77.50119690478681,77.6630231595705,0.16182625478369062,0.21429287050693582,0.20390640050986014,0.010386469997075681
30,30000,0.08375352171920704,173.12126640803868,-1.000968507675426,76.79373091183437,76.9612315669232,0.16750065508882983,0.20690346164105752,0.2029862272316747,0.003917234409382825
31,30000,0.08664302226242715,173.11837263511632,-1.0010019714808962,76.09218924667849,76.26531575179207,0.1731265051135864,0.20000668003297953,0.201022649642819,0.0010159696098394622
32,30000,0.08953261951883666,173.11547862013742,-1.0010354397638805,75.39650943241675,75.5751493241332,0.17863989171645756,0.19355485207710743,0.18531423005078543,0.008240622026322003
33,30000,0.0924223135054312,173.1125843630506,-1.0010689125255037,74.7066298681323,74.89069942006827,0.18406955193597696,0.18750626336854742,0.1842781117861072,0.0032281515824402196
34,30000,0.09531210423921159,173.10968986380496,-1.0011023897668894,74.0224898144519,74.21190193765912,0.18941212320721945,0.1818242557939077,0.16845319423716965,0.013371061556738062
35,30000,0.09820199173718427,173.10679512234938,-1.0011358714891612,73.34402937938663,73.5386935971094,0.19466421772277442,0.17647648395901888,0.1678788559851124,0.00859762797390648
36,30000,0.10109197601636132,173.10390013863292,-1.0011693576934455,72.67118950444899,72.87102147658628,0.19983197213728943,0.1714342990861873,0.16718597758131187,0.004248321504875419
37,30000,0.10398205709375957,173.10100491260454,-1.0012028483808673,72.00391195104056,72.2088009356805,0.2048889846399362,0.16667223559524194,0.16614943287101863,0.0005228027242233091
38,30000,0.10687223498640133,173.0981094442127,-1.001236343552551,71.34213928710355,71.55198447622806,0.20984518912450767,0.1621675809417063,0.15020762818567351,0.011959952756032788
39,30000,0.10976250971131489,173.09521373340667,-1.0012698432096245,70.68581487403084,70.90051199745268,0.21469712342184266,0.15790001337525758,0.14963288985640985,0.00826712351884773
40,30000,0.11265288128553344,173.0923177801352,-1.0013033473532138,70.0348828538294,70.25432416581174,0.21944131198233663,0.15385129542765852,0.14894257953636664,0.004908715891291882
41,30000,0.11554334972609524,173.089421584347,-1.001336855984446,69.38928813653062,69.61336240449138,0.22407426796075924,0.150005013377496,0.14802113907409206,0.0019838743034039374
42,30000,0.11843391505004515,173.08652514599086,-1.001370369104448,68.74897638784239,68.9775543588244,0.22857797098201615,0.1463463548420298,0.13288421022024932,0.01346214462178047
43,30000,0.12132457727443162,173.0836284650158,-1.0014038867143482,68.11389401703875,68.34686788304998,0.2329738660112355,0.14286191814163968,0.1325401978927346,0.01032172024890507
44,30000,0.12421533641630987,173.08073154137023,-1.0014374088152747,67.48398816507986,67.72123615285759,0.23724798777772094,0.13953954826457599,0.13219617172897383,0.0073433765356021585
45,30000,0.12710619249274038,173.0778343750033,-1.0014709354083562,66.85920669295965,67.10060351776134,0.2413968248016971,0.13636819520015675,0.13173657333136507,0.00463162186879168
46,30000,0.12999714552078825,173.07493696586357,-1.0015044664947221,66.2394981702747,66.48491503363249,0.24541686335778934,0.13333779116087305,0.13116139578953495,0.002176395371338097
47,30000,0.13288819551752484,173.07203931389972,-1.0015380020755016,65.62481186400994,65.87408091895017,0.24926905494022833,0.13043914381899824,0.13035274809264955,8.639572634869253e-05
48,30000,0.1357793425000262,173.06914141906043,-1.0015715421518256,65.01509772753712,65.26924987042474,0.25415214288761945,0.12766384317257046,0.12908415046213004,0.0014203072895595803
49,30000,0.13867058648537425,173.0662432812946,-1.001605086724823,64.41030638982052,64.6696980751828,0.2593916853622744,0.125004180053124,0.11452546349436782,0.01047871655875618
50,30000,0.14156192749065627,173.0633449005506,-1.0016386357956253,63.810389144826374,64.0748844237516,0.2644952789252244,0.12245307461206827,0.11418104246683293,0.008272032145235336
2,50000,0.0022360456158137636,223.604561670822,-1.0000200004,99.29998539253975,99.30382275458956,0.00383736204980778,6.000120004800146,5.985554268741598,0.014565736058547607
3,50000,0.004472135952316011,223.6023254798553,-1.000040002400144,98.604846745665,98.61261400415952,0.007767258494524754,3.000060004800386,2.9929524883106384,0.00710751648974739
4,50000,0.006708271014202781,223.60008917706557,-1.0000600060006724,97.91453994525592,97.92620886480734,0.01166891955141125,2.0000400048006215,1.995483308680436,0.004556696120185499
5,50000,0.008944450806170984,223.5978527624378,-1.0000800112018242,97.22902139646867,97.24455832909034,0.01553693262167144,1.5000300048008641,1.4901163854584283,0.009913619342435842
6,50000,0.011180675332918447,223.59561623595837,-1.000100018003841,96.54824801645199,96.56762360813744,0.01937559168544567,1.2000240048011044,1.194946544938402,0.00507745986270236
7,50000,0.013416944599143853,223.59337959761314,-1.0001200264069618,95.87217722718385,95.8953621049241,0.02318487774024902,1.0000200048013452,0.9979877875744364,0.002032217226908828
8,50000,0.015653258609546795,223.59114284738806,-1.000140036411428,95.20076694842622,95.22773953066859,0.026972582242365206,0.8571600048015849,0.844421011202367,0.01273899359921793
9,50000,0.01788961736882774,223.58890598526898,-1.0001600480174786,94.53397559079524,94.56469885600931,0.03072326521407831,0.7500150048018247,0.7455828442884338,0.004432160513390904
10,50000,0.020126020881688023,223.58666901124192,-1.0001800612253553,93.87176204894509,93.9062062425894,0.03444419364431894,0.6666800048020648,0.6615028900526669,0.00517711474939786
11,50000,0.022362469152829915,223.58443192529242,-1.0002000760352983,93.21408569486321,93.25222079505926,0.038135100196043936,0.6000120048023051,0.5915553077400116,0.008456697062293461
12,50000,0.02459896218695653,223.58219472740672,-1.0002200924475468,92.56090637127484,92.6027020323864,0.041795661111564186,0.5454654593479997,0.535561508073784,0.009903951274215728
13,50000,0.026835499988771883,223.57995741757037,-1.000240110462343,91.91218438515482,91.95760988340058,0.0454254982457627,0.5000100048027859,0.49325344162386303,0.00675656317892287
14,50000,0.02907208256298089,223.5777199957695,-1.0002601300799265,91.26788050134473,91.31691596865063,0.049035467305898806,0.4615476971107185,0.4513982298444815,0.010149467266237
15,50000,0.03130870991428936,223.57548246198996,-1.0002801513005386,90.62795593627348,90.68055923484224,0.05260329856875501,0.4285800048032664,0.422954196056576,0.005625808746690386
16,50000,0.033545382047403934,223.5732448162175,-1.0003001741244189,89.99237235177915,90.04851136644207,0.05613901466291793,0.40000800480350696,0.3948675664061356,0.005140438397371383
17,50000,0.0357820989670322,223.5710070584381,-1.0003201985518089,89.36109184903071,89.42073388691489,0.059642037884174215,0.37500750480374756,0.36713834899457204,0.007869155809175521
18,50000,0.03801886067788263,223.5687691886379,-1.0003402245829496,88.73407696254722,88.79718870800701,0.0631117454597927,0.35294824009810544,0.3522013993993687,0.0007468406987367615
19,50000,0.040255667184664605,223.5665312068023,-1.0003602522180817,88.11129065431318,88.17785365608421,0.06656300177102992,0.3333400048042278,0.3252810627037083,0.008058942100519495
20,50000,0.04249251849208828,223.56429311291723,-1.0003802814574463,87.49269630798813,87.56266137008124,0.06996506209311804,0.31579579427815274,0.3107906776727822,0.005005116605370563
21,50000,0.04472941460486483,223.56205490696863,-1.0004003123012837,86.87825772320865,86.95158945269014,0.07333172948149524,0.30000600480470924,0.2967473876149974,0.003258617189711821
22,50000,0.046966355527706206,223.55981658894277,-1.0004203447498354,86.26793910998128,86.34460132645762,0.0766622164763362,0.2857200048049498,0.282524959844487,0.0031950449604628006
23,50000,0.049203341265325495,223.5575781588247,-1.0004403788033425,85.66170508316452,85.741660781814,0.07995569864948493,0.2727327320779175,0.2688391017633834,0.0038936303145341022
24,50000,0.05144037182243629,223.5553396166011,-1.0004604144620461,85.05952065703865,85.14273197311991,0.08321131608126109,0.26087478741412634,0.2549741086908781,0.005900678723248232
25,50000,0.05367744720375337,223.55310096225713,-1.0004804517261872,84.46135123996116,84.54780158115646,0.08645034119530237,0.25000500480567145,0.24147009340426284,0.008534911401408607
26,50000,0.05591456741399236,223.55086219577908,-1.0005004905960073,83.86716262910696,83.9567914214107,0.08962879230374199,0.2400048048059119,0.23995096551809666,5.383928781524383e-05
27,50000,0.05815173245786962,223.54862331715262,-1.0005205310717478,83.2769210052914,83.36968764413481,0.09276663884341474,0.23077385095999878,0.22671152660995972,0.004062324350039059
28,50000,0.060388942340102544,223.5463843263634,-1.0005405731536494,82.69059292787472,82.78645581988589,0.09586289201116927,0.22222667147306033,0.2135613571959737,0.008665314277086639
29,50000,0.06262619706540948,223.5441452233979,-1.000560616841954,82.10814532974639,82.20706186408304,0.09891653433665226,0.21429000480663404,0.2125788002298191,0.0017112045768149509
30,50000,0.06486349663850947,223.54190600824126,-1.000580662136903,81.52954551238835,81.6315008136397,0.10195530125135122,0.2069006944620472,0.19934160247598964,0.007559091986057559
31,50000,0.06710084106412262,223.53966668087955,-1.0006007090387383,80.95476114101494,81.05968316492742,0.10492202391247929,0.20000400480711553,0.19817996672203073,0.0018240380850848004
32,50000,0.06933823034696969,223.5374272412987,-1.0006207575477006,80.3837602397891,80.49160319750987,0.10784295772077712,0.1935522628718727,0.18565531350802986,0.007896949363842831
33,50000,0.07157566449177272,223.53518768948445,-1.0006408076640319,79.81651118711251,79.92722816888657,0.1107169817740612,0.1875037548075974,0.18485144977009269,0.0026523050375047152
34,50000,0.07381314350325431,223.53294802542285,-1.0006608593879744,79.2529827109895,79.36672956333877,0.11374685234926574,0.18182182298965627,0.17178966544570728,0.010032157543948983
35,50000,0.07605066738613814,223.53070824909912,-1.0006809127197693,78.69314388446216,78.81051491202619,0.11737102756403317,0.17647412245513788,0.17116463424137665,0.005309488213761232
36,50000,0.07828823614514857,223.5284683604997,-1.0007009676596579,78.13696412111655,78.2578923639261,0.12092824280955483,0.17143200480832005,0.17009456098708914,0.0013374438212309103
37,50000,0.0805258497850111,223.5262283596101,-1.0007210242078832,77.5844131706579,77.70889211180541,0.12447894114751534,0.16667000480856106,0.1579269617830357,0.008743043025525365
38,50000,0.08276350831045198,223.52398824641645,-1.0007410823646863,77.03546111455411,77.16345060168301,0.12798948712890024,0.16216541021420733,0.15739128129834182,0.004774128915865511
39,50000,0.08500121172619846,223.52174802090406,-1.000761142130309,76.49007836174626,76.62153664583687,0.13145828409061266,0.15789789954588504,0.15667663593923106,0.0012212636066539773
40,50000,0.08723896003697855,223.51950768305912,-1.0007812035049948,75.94823564442468,76.0831193691046,0.13488372467990928,0.15384923557851465,0.14406126645501577,0.009787969123498885
41,50000,0.08947675324752119,223.51726723286728,-1.0008012664889832,75.4099040138699,75.54814906992469,0.1382450560547852,0.15000300480952494,0.14361692793006764,0.006386076879457303
42,50000,0.09171459136255634,223.5150266703143,-1.0008213310825185,74.87505483635688,75.01663602138021,0.14158118502332684,0.1463443950536684,0.14299163465931,0.0033527603943583895
43,50000,0.09395247438681462,223.512785995386,-1.0008413972858419,74.34365978912186,74.48852889065938,0.1448691015375232,0.14286000481000719,0.1420084027474948,0.000851602062512391
44,50000,0.09619040232502779,223.51054520806832,-1.000861465099196,73.81569085639032,73.96379801894388,0.14810716255355771,0.13953767922885296,0.13028719996279373,0.009250479266059236
45,50000,0.09842837518192842,223.50830430834696,-1.0008815345228226,73.2911203254655,73.44241404357675,0.1512937181112477,0.13636636844685304,0.12993024326576721,0.006436125181085828
46,50000,0.1006663929622499,223.50606329620769,-1.0009016055569642,72.76992078287589,72.92434789489155,0.15442711201566794,0.13333600481073055,0.1295732811452041,0.003762723665526435
47,50000,0.10290445567072641,223.50382217163622,-1.0009216782018635,72.25206511058117,72.40956541182506,0.1575003012438856,0.1304373961153198,0.1290391217467058,0.0013982743686140053
48,50000,0.10514256331209351,223.5015809346186,-1.0009417524577624,71.73752648223511,71.8980512499928,0.16052476775769264,0.12766213247078756,0.12814522124903235,0.00048308877824479457
49,50000,0.10738071589108715,223.49933958514015,-1.0009618283249042,71.22627835950513,71.38976945079864,0.16349109129350836,0.12500250481145445,0.11624433765441956,0.008758167157034882
50,50000,0.10961891341244434,223.49709812318713,-1.0009819058035303,70.7182944884467,70.88469208487207,0.16639759642536944,0.12245143338312432,0.11597674521044775,0.006474688172676574
2,70000,0.0018898088658810643,264.5732412773451,-1.0000142859183674,99.40805690267968,99.41076488204699,0.002707979367315261,6.000085716734741,5.984844823088452,0.015240893646288889
3,70000,0.0037796447289351522,264.5713513807346,-1.0000285726531137,98.81960310419545,98.82513233664642,0.005529232450967925,3.0000428595919755,2.9926054096153933,0.007437449976582133
4,70000,0.005669507591187146,264.5694614166219,-1.0000428602043265,98.2346118731285,98.24293339234936,0.008321519220856999,2.000028573877784,1.9951982723215689,0.004830301556215
5,70000,0.007559397454662275,264.56757138500086,-1.0000571485720935,97.65305674457092,97.66415633287295,0.011099588302030838,1.5000214310207216,1.4965066282636774,0.0035148027570441887
6,70000,0.00944931432138588,264.56568128586514,-1.0000714377565016,97.07491151695808,97.08877117147252,0.013859654514433828,1.2000171453065303,1.1883107085207067,0.011706436785823504
7,70000,0.011339258193383816,264.5637911192093,-1.000085727757639,96.50015024894513,96.51675199659412,0.01660174764899125,1.000014288163756,0.9977393898535762,0.002274898310179685
8,70000,0.01322922907268198,264.5619008850264,-1.0001000185755924,95.92874725632723,95.94806677180452,0.01931951547729227,0.8571551044903744,0.8553109147004527,0.0018441897899216242
9,70000,0.015119226961306713,264.5600105833108,-1.0001143102104508,95.36067710900257,95.38270248716631,0.022025378163746723,0.7500107167353574,0.7484982637840676,0.0015124529512897666
10,70000,0.017009251861284422,264.5581202140566,-1.0001286026623002,94.79591462797772,94.82062774455838,0.024713116580656447,0.6666761929259225,0.6652705611744382,0.0014056317514843375
11,70000,0.018899303774642048,264.55622977725744,-1.000142895931229,94.23443488241435,94.26181751044993,0.027382628035582002,0.6000085738783903,0.5946664989798262,0.0053420748985641975
12,70000,0.02078938270340653,264.55433927290716,-1.000157190017325,93.676213186717,93.70624696566567,0.030033778948663326,0.5454623401122466,0.5357036133644071,0.009758726747839508
13,70000,0.02267948864960545,264.552448701,-1.0001714849206749,93.12122509766098,93.15389150344262,0.03266640578164015,0.5000071453071379,0.4989663524801413,0.0010407928269965394
14,70000,0.024569621615266282,264.5505580615298,-1.000185780641367,92.56944641156002,92.60472672749506,0.03528031593504011,0.46154505739513685,0.45262702384044334,0.008918033554693505
15,70000,0.026459781602416927,264.54866735449,-1.000200077179489,92.02085316147276,92.05871959929273,0.037866437819971566,0.42857755347057824,0.4173199472640823,0.011257606206495963
16,70000,0.0283499686130856,264.5467765798753,-1.0002143745351277,91.47542161444765,91.51586336640172,0.040441751954062966,0.40000571673597174,0.3932822181464881,0.006723498589483623
17,70000,0.030240182649300694,264.5448857376791,-1.000228672708372,90.93312826880573,90.97612584315853,0.042997574352796164,0.37500535959320275,0.369470865998404,0.0055344935947987395
18,70000,0.032130423713091126,264.54299482789514,-1.0002429716993086,90.39394985146039,90.43948345680607,0.04553360534568185,0.35294622093782746,0.3459615003989762,0.006984720538851241
19,70000,0.03402069180648567,264.54110385051797,-1.0002572715080253,89.85786331527412,89.90591283565865,0.048049520384537914,0.33333809768861516,0.3225273170284158,0.01081078066019936
20,70000,0.03591098693151364,264.5392128055412,-1.0002715721346103,89.32484583645078,89.37539080728058,0.05054497082980447,0.31579398741301357,0.3102066233081513,0.005587364104862269
21,70000,0.03780130909020471,264.5373216929582,-1.0002858735791513,88.79487481196371,88.84788212763144,0.05300731566772754,0.3000042881649808,0.29795784723890467,0.002046440926076143
22,70000,0.03969165828458849,264.5354305127639,-1.0003001758417356,88.2679278570188,88.32338790237355,0.055460045354749354,0.2857183697977217,0.2752033226388561,0.010515047158865587
23,70000,0.041582034516695336,264.5335392649514,-1.0003144789224512,87.74398280255163,87.80187390188561,0.05789109933398606,0.2727311712820389,0.26326004579882606,0.009471125483212828
24,70000,0.04347243778855535,264.53164794951465,-1.0003287828213854,87.2230176927589,87.2833177333449,0.060300040586000136,0.26087329437642404,0.25146776794375497,0.009405526432669065
25,70000,0.045362868102199264,264.52975656644816,-1.0003430875386266,86.7050107826628,86.7676971942923,0.06268641162949962,0.2500035738796175,0.2500334844970474,2.991061742985135e-05
26,70000,0.047253325459658095,264.52786511574504,-1.0003573930742626,86.18994053570833,86.25499027090726,0.06504973519892587,0.24000343102256247,0.23846770037163378,0.001535730650928685
27,70000,0.049143809862962934,264.5259735974,-1.0003716994283804,85.67778562139327,85.74517513629746,0.06738951490419254,0.23077252992374894,0.22727975218338048,0.0034927777403684634
28,70000,0.05103432131414529,264.5240820114067,-1.0003860066010688,85.16852491292943,85.23821262193827,0.06968770900884635,0.2222253992767057,0.21571104615843328,0.00651435311827242
29,70000,0.052924859815237,264.5221903577586,-1.000400314592415,84.66213748493561,84.73411548500872,0.07197800007310207,0.21428877796160006,0.20429599562674924,0.00999278233485082
30,70000,0.054815425368269804,264.5202986364499,-1.0004146234025075,84.1586026111615,84.23284573637943,0.07424312521793297,0.20689950984064623,0.20361733967145107,0.003282170169195159
31,70000,0.0567060179752761,264.51840684747475,-1.0004289330314333,83.65789976224148,83.73438228060202,0.07648251836053532,0.20000285959442848,0.19220197577305212,0.007800883821376364
32,70000,0.058596637638288485,264.5165149908263,-1.0004432434792803,83.16000860347896,83.23870420084893,0.07869559736997189,0.19355115452539204,0.1913719766619611,0.0021791778634309422
33,70000,0.06048728435933984,264.5146230664994,-1.0004575547461372,82.66490899265978,82.74579075728894,0.08088176462916863,0.18750268102317538,0.18048558126898856,0.007017099754186823
34,70000,0.06237795814046321,264.5127310744873,-1.0004718668320915,82.17258097789488,82.25559836000966,0.08301738211477527,0.18182078167261365,0.17972898295106668,0.002091798721546967
35,70000,0.06426865898369186,264.5108390147841,-1.0004861797372309,81.68300479549153,81.76815169155256,0.08514689606103332,0.17647311169561988,0.16869118967686306,0.007781922018756826
36,70000,0.06615938689105971,264.50894688738384,-1.0005004934616435,81.19616086785244,81.28340846420134,0.08724759634890233,0.17143102286017314,0.1680121854843897,0.00341883737578344
37,70000,0.06805014186460039,264.5070546922801,-1.000514808005417,80.71202980140319,80.80134863074555,0.08931882934236057,0.16666905007114546,0.1572009301973041,0.009468119873841357
38,70000,0.06994092390634843,264.50516242946696,-1.0005291233686395,80.23059238454633,80.3219523131204,0.09135992857407871,0.16216448121666419,0.15674865390610385,0.005415827310560339
39,70000,0.0718317330183381,264.50327009893834,-1.000543439551399,79.75182958564298,79.84519980088274,0.09337021523975864,0.15789699493347606,0.15614513931780105,0.0017518556156750076
40,70000,0.0737225692026041,264.5013777006881,-1.0005577565537844,79.27572255102054,79.37124044221562,0.09551789119508669,0.15384835410071254,0.14525618007636376,0.008592174024348781
41,70000,0.07561343246118164,264.49948523471005,-1.0005720743758821,78.80225260300668,78.90041104238179,0.09815843937511204,0.15000214530959147,0.14480378964008647,0.005198355669504995
42,70000,0.07750432279610589,264.4975927009982,-1.000586393017781,78.3314012379891,78.43217712511968,0.10077588713058105,0.146343556459505,0.1442001585976813,0.002143397861823715
43,70000,0.0793952402094124,264.49570009954647,-1.0006007124795688,77.86315012450058,77.96651941167059,0.10336928717001115,0.14285918612609363,0.13369070117621615,0.009168484949877487
44,70000,0.08128618470313738,264.49380743034857,-1.000615032761334,77.39748110132889,77.5034187867135,0.10593768538460324,0.13953687952912364,0.13331381235464704,0.006223067174476599
45,70000,0.08317715627931636,264.4919146933984,-1.0006293538631639,76.93437617565176,77.04285629687581,0.10848012122404782,0.1363655868683841,0.1329369167516867,0.0034286701166973965
46,70000,0.08506815493998614,264.4900218886902,-1.0006436757851471,76.47381752119527,76.5848131492724,0.11099562807713426,0.13333524054812554,0.13240877647300645,0.0009264640751190933
47,70000,0.08695918068718339,264.4881290162172,-1.000657998527372,76.01578747641705,76.12928896277151,0.11350148635446544,0.13043664841570815,0.12174617959487823,0.008690468820829925
48,70000,0.08885023352294491,264.48623607597403,-1.0006723220899263,75.5602685427123,75.67622719507885,0.11595865236655811,0.1276614006293548,0.12144479382924545,0.006216606800109353
49,70000,0.09074131344930808,264.4843430679541,-1.0006866464728976,75.10724338264343,75.22562932501897,0.11838594237553934,0.12500178816743646,0.1210677825372814,0.0039340056301550574
50,70000,0.09263242046831018,264.4824499921515,-1.000700971676375,74.65669481819234,74.77747718758884,0.12078236939650822,0.12245073131621241,0.12061514368432372,0.0018355876318886938
