a,K,ds_da_analytical_re,ds_da_analytical_im,ds_da_numeric_re,ds_da_numeric_im,abs_diff,|ds/da|
2,10000,-0.4999499849980002,-0.007500468650143861,-0.49994998500224597,-0.007500468655052828,6.490340363625584e-12,0.5000062444904787
4,10000,-0.4999499449499584,-0.012504283324208705,-0.49994994495539125,-0.01250428340426879,8.024420726954633e-11,0.5001062932586617
6,10000,-0.49994990484174856,-0.017511856026019144,-0.49994990484192314,-0.017511856142959914,1.1694089988616122e-10,0.5002565066570843
8,10000,-0.49994986467323566,-0.022524697574583325,-0.4999498646496292,-0.022524697627090973,5.757010975635296e-11,0.5004570203200401
10,10000,-0.499949824444283,-0.027544326728381974,-0.49994982443735125,-0.027544327068085295,3.397740355583758e-10,0.5007080156106842
12,10000,-0.49994978415475594,-0.03257227250145053,-0.49994978414957814,-0.032572272345987585,1.5554914934785787e-10,0.5010097200776605
14,10000,-0.49994974380451807,-0.03761007651573432,-0.49994974384404145,-0.037610076546457094,5.005983039461966e-11,0.5013624080300823
16,10000,-0.4999497033934315,-0.042659295398247726,-0.4999497033519873,-0.04265929547386804,8.623254779792923e-11,0.5017664012337365
18,10000,-0.49994966292136056,-0.047721503231851654,-0.4999496629931599,-0.04772150305143441,1.9417911226187982e-10,0.5022220697319958
20,10000,-0.49994962238816654,-0.05279829406881305,-0.49994962243893326,-0.05279829437654371,3.1189007619809726e-10,0.5027298327955555
22,10000,-0.49994958179371235,-0.057891284516721056,-0.49994958185806126,-0.057891284441780044,9.877721453710329e-11,0.5032901600058398
24,10000,-0.4999495411378589,-0.06300211640680624,-0.49994954117060786,-0.06300211623511132,1.7479027818446197e-10,0.5039035724776045
26,10000,-0.4999495004204682,-0.06813245955526537,-0.49994950049203624,-0.06813246002934648,4.794526874438732e-10,0.5045706442270751
28,10000,-0.4999494596414001,-0.07328401462881097,-0.49994945968911964,-0.07328401459005818,6.147303832264235e-11,0.5052920036927595
30,10000,-0.4999494188005159,-0.0784585161263863,-0.49994941877073984,-0.07845851591525843,2.1321723625039943e-10,0.5060683354169949
32,10000,-0.4999493778976745,-0.08365773548977631,-0.4999493780477593,-0.08365773574325885,2.945824823610548e-10,0.5069003818972216
34,10000,-0.49994933693273613,-0.08888348435676402,-0.4999493369695074,-0.08888348467905871,3.2438556199519906e-10,0.5077889456170561
36,10000,-0.4999492959055594,-0.09413761797147994,-0.49994929597119153,-0.09413761809184962,1.3710008040996244e-10,0.5087348912683393
38,10000,-0.4999492548160032,-0.09942203876774589,-0.4999492549018214,-0.09942203853086085,2.5195095336813013e-10,0.5097391481766061
40,10000,-0.4999492136639259,-0.1047387001424742,-0.4999492134416528,-0.10473870084126702,7.33291721880222e-10,0.5108027129437676
42,10000,-0.4999491724491851,-0.1100896104376205,-0.49994917242557335,-0.11008961102731973,5.901717546138011e-10,0.5119266523232914
44,10000,-0.49994913117163836,-0.11547683715077091,-0.49994913123185825,-0.11547683726575997,1.2980338366699308e-10,0.5131121063448237
46,10000,-0.4999490898311423,-0.12090251139623445,-0.49994908991379816,-0.12090251139795782,8.2673846295381e-11,0.5143602917069942
48,10000,-0.49994904842755317,-0.12636883264049942,-0.4999490486312652,-0.12636883234051766,3.626122660799809e-10,0.5156725054591708
50,10000,-0.49994900696072786,-0.13187807373813962,-0.4999490068158252,-0.13187807397230245,2.753706714225997e-10,0.5170501289951489
2,30000,-0.4999833316665925,-0.004330217223498181,-0.49998333166878517,-0.004330216967218803,2.56288757932284e-10,0.5000020827212908
4,30000,-0.4999833272203696,-0.007217702424836183,-0.49998332721790106,-0.007217702346906663,7.796860765158226e-11,0.500035421471964
6,30000,-0.49998332277192303,-0.010105909828472228,-0.49998332276590673,-0.010105909495905507,3.3262113516573647e-10,0.5000854451626383
8,30000,-0.49998331832125,-0.012995128801964321,-0.49998331832057374,-0.012995129026194263,2.2423096160738163e-10,0.5001521688167593
10,30000,-0.49998331386834904,-0.01588564921942601,-0.49998331387524075,-0.0158856492760151,5.700720028991594e-11,0.5002356124846558
12,30000,-0.49998330941321956,-0.018777761607267695,-0.4999833093588535,-0.018777761141564042,4.688662511037729e-10,0.5003358012602882
14,30000,-0.49998330495585863,-0.02167175729070135,-0.49998330498901566,-0.02167175679801403,4.938017674925981e-10,0.5004527653022313
16,30000,-0.499983300496265,-0.02456792854118241,-0.4999833005392418,-0.02456792842053801,1.280705891298322e-10,0.500586539858937
18,30000,-0.49998329603443725,-0.02746656872496295,-0.4999832961338768,-0.02746656747376619,1.2551420484606476e-09,0.5007371652983058
20,30000,-0.4999832915703736,-0.03036797245293391,-0.49998329163081223,-0.030367972101430496,3.566615768282739e-10,0.5009046871416232
22,30000,-0.499983287104072,-0.03327243573193609,-0.49998328707445694,-0.03327243561557225,1.2007329932993653e-10,0.5010891561019144
24,30000,-0.4999832826355314,-0.036180256117723845,-0.49998328261580127,-0.036180256586249016,4.689404142001781e-10,0.5012906281267842
26,30000,-0.4999832781647497,-0.03909173286976706,-0.49998327819267274,-0.03909173273086708,1.4167886863536553e-10,0.5015091644458062
28,30000,-0.49998327369172535,-0.04200716710808308,-0.49998327369848994,-0.04200716688274042,2.2544417184401848e-10,0.5017448316225501
30,30000,-0.49998326921645647,-0.04492686197229311,-0.4999832690089079,-0.04492686230150866,3.8917771745711556e-10,0.5019977016113252
32,30000,-0.49998326473894134,-0.047851122783103314,-0.49998326488776,-0.04785112281524562,1.5225021189406405e-10,0.5022678518187421
34,30000,-0.49998326025917916,-0.050780257206415165,-0.4999832601804144,-0.05078025736793279,1.796992843168387e-10,0.5025553651701947
36,30000,-0.49998325577716757,-0.05371457542027649,-0.49998325559741374,-0.053714575329877334,2.0120497956923357e-10,0.5028603301813707
38,30000,-0.49998325129290455,-0.056654390284890346,-0.49998325154732015,-0.05665438948199153,8.422433184723189e-10,0.5031828410349228
40,30000,-0.4999832468063885,-0.05960001751590523,-0.4999832468399745,-0.059600017294769714,2.23671497888579e-10,0.5035229976624248
42,30000,-0.4999832423176185,-0.062551775861219,-0.4999832424701367,-0.06255177595448913,1.787767441341555e-10,0.5038809058317556
44,30000,-0.49998323782659226,-0.06550998728153362,-0.499983237478574,-0.06550998762122617,4.863206283980403e-10,0.5042566772400634
46,30000,-0.4999832333333078,-0.06847497713490981,-0.499983233321899,-0.06847497672879399,4.0627604117232116e-10,0.5046504296124747
48,30000,-0.4999832288377641,-0.07144707436558018,-0.49998322866784406,-0.07144707538486728,1.033353281592135e-09,0.5050622868067232
50,30000,-0.49998322433995884,-0.07442661169728208,-0.49998322433353337,-0.0744266120022985,3.050840868373866e-10,0.5054923789238762
2,70000,-0.4999928568367285,-0.002834758856920254,-0.49999285684165784,-0.002834758277003857,5.799373465081821e-10,0.5000008927447331
4,70000,-0.49999285602026255,-0.004724787094379935,-0.4999928560334155,-0.0047247868906197255,2.04184285028139e-10,0.5000151794539704
6,70000,-0.49999285520362136,-0.006615017874649652,-0.49999285520740955,-0.006615017866806738,8.70986197695649e-12,0.5000366123756853
8,70000,-0.4999928543868045,-0.008505532273319774,-0.49999285437252183,-0.008505531923219678,3.50391313649195e-10,0.5000651942668244
10,70000,-0.49999285356981277,-0.010396411426795794,-0.4999928534843434,-0.010396410914381704,5.194932246007561e-10,0.5001009288048158
12,70000,-0.49999285275264604,-0.012287736549725927,-0.49999285266721927,-0.01228773697903307,4.37724065800072e-10,0.5001438205888828
14,70000,-0.49999285193530363,-0.014179588952467834,-0.49999285188562226,-0.014179589697960182,7.471459563388433e-10,0.5001938751416889
16,70000,-0.4999928511177865,-0.016072050058603984,-0.4999928511750795,-0.01607204978881782,2.758025771512363e-10,0.500251098911316
18,70000,-0.49999285030009416,-0.017965201422512702,-0.49999285021584683,-0.017965201664082997,2.5583944236900423e-10,0.5003154992735722
20,70000,-0.49999284948222567,-0.019859124747005776,-0.4999928495053041,-0.019859124904542114,1.59217812058016e-10,0.5003870845346358
22,70000,-0.4999928486641821,-0.02175390190104031,-0.49999284868817995,-0.02175390136471833,5.368586064822453e-10,0.5004658639340387
24,70000,-0.49999284784596365,-0.023649614937514166,-0.4999928477644744,-0.02364961488865447,9.501457521723678e-11,0.5005518476479831
26,70000,-0.4999928470275695,-0.02554634611115395,-0.4999928469828774,-0.025546346762439498,6.528171643974923e-10,0.5006450467930003
28,70000,-0.49999284620899853,-0.027444177896504964,-0.49999284620128037,-0.027444178556379484,6.599196554241993e-10,0.5007454734299555
30,70000,-0.49999284539025285,-0.02934319300603259,-0.4999928453841562,-0.02934319240921468,5.968490494095519e-10,0.5008531405684011
32,70000,-0.4999928445713315,-0.031243474408343443,-0.4999928445670321,-0.03124347443872466,3.068392445852358e-11,0.500968062171269
34,70000,-0.4999928437522338,-0.033145105346536384,-0.49999284374990793,-0.0331451059309984,5.844666413640834e-10,0.501090253159926
36,70000,-0.49999284293296065,-0.03504816935669413,-0.4999928429683109,-0.035048168456341955,9.010458816106943e-10,0.5012197294195828
38,70000,-0.49999284211351164,-0.036952750286522576,-0.4999928421511868,-0.03695275012205457,1.6872801221081366e-10,0.5013565078050599
40,70000,-0.4999928412938865,-0.03885893231415004,-0.49999284144064404,-0.03885893136157392,9.638148338312487e-10,0.501500606146921
42,70000,-0.49999284047408576,-0.04076679996709558,-0.4999928403393028,-0.04076680056641635,6.142897008941313e-10,0.5016520432579755
44,70000,-0.49999283965410857,-0.04267643814141579,-0.4999928397353415,-0.04267643845423663,3.2319601275705894e-10,0.50181083894015
46,70000,-0.4999928388339551,-0.04458793212104221,-0.49999283891821733,-0.04458793171124853,4.183670379097027e-10,0.5019770139917445
48,70000,-0.4999928380136258,-0.04650136759731741,-0.4999928379945118,-0.046501367592099996,1.9813331463026288e-11,0.5021505902150676
50,70000,-0.49999283719312027,-0.048416830688742835,-0.49999283717738763,-0.04841683136191932,6.733603034248594e-10,0.5023315904244611
