a,K,pole_real,pole_imag,zeta_exact,zeta_approx,abs_error,pct_error_%
1,10000,6.661338147750939e-16,99.99999999999996,-6.661338147750942e-18,0.0,6.661338147750942e-18,
2,10000,-0.49994999500000037,99.99375005475345,0.0049997499437446895,0.005,2.500562553105559e-07,0.005001375231243464
3,10000,-0.999899969990997,99.9849988749813,0.009999999849919963,0.01,1.5008003693972594e-10,1.5008003919212772e-06
4,10000,-1.4998499249579753,99.9737458035485,0.015000749981108287,0.015,7.499811082879032e-07,0.0049996240803454346
5,10000,-1.9997998598858993,99.9599899951973,0.020002000600139888,0.02,2.000600139887704e-06,0.010002000199288626
6,10000,-2.4997497747597244,99.94373041623031,0.02500375197009318,0.025,3.751970093179152e-06,0.01500562834596527
7,10000,-2.9996996695643703,99.92496584412152,0.030006004354294843,0.03,6.004354294843889e-06,0.020010509309895733
8,10000,-3.4996495442847673,99.90369486705619,0.03500875801632063,0.035,8.758016320629947e-06,0.025016643882502406
9,10000,-3.9995993989058096,99.87991588339914,0.04001201321999515,0.04,1.2013219995152258e-05,0.030024032855084898
10,10000,-4.499549233412375,99.85362710108963,0.04501577022939266,0.045,1.577022939266287e-05,0.03503267702029862
11,10000,-4.9994990477893255,99.82482653696512,0.050020029308837075,0.05,2.002930883707177e-05,0.04004257717124763
12,10000,-5.499448842021512,99.79351201600993,0.05502479072290258,0.055,2.4790722902581774e-05,0.0450537341021877
13,10000,-5.999398616093776,99.75968117053061,0.0600300547364139,0.06,3.005473641390366e-05,0.05006614860817813
14,10000,-6.499348369990917,99.72333143925623,0.06503582161444636,0.065,3.582161444636023e-05,0.05507982148472342
15,10000,-6.999298103697736,99.68446006636307,0.0700420916223266,0.07,4.209162232658714e-05,0.0600947535284198
16,10000,-7.499247817199018,99.64306410042258,0.07504886502563274,0.075,4.886502563274109e-05,0.06511094553668649
17,10000,-7.999197510479512,99.59914039327191,0.08005614209019472,0.08,5.614209019472183e-05,0.07012839830761482
18,10000,-8.49914718352398,99.55268559880611,0.08506392308209497,0.085,6.392308209496322e-05,0.07514711264053883
19,10000,-8.999096836317165,99.50369617169096,0.09007220826766811,0.09,7.220826766811406e-05,0.08016708933518353
20,10000,-9.499046468843721,99.45216836599396,0.09508099791350134,0.095,8.099791350134333e-05,0.08518832919173829
21,10000,-9.99899608108837,99.39809823373464,0.10009029228643566,0.1,9.029228643565868e-05,0.09021083301191955
22,10000,-10.498945673035815,99.34148162335055,0.10510009165356594,0.105,0.00010009165356594796,0.0952346015985153
23,10000,-10.99889524467069,99.28231417807936,0.11011039628224005,0.11,0.00011039628224004949,0.10025963575417225
24,10000,-11.498844795977643,99.22059133425392,0.11512120644006058,0.115,0.00012120644006057002,0.10528593628288442
25,10000,-11.998794326941278,99.15630831950955,0.1201325223948848,0.12,0.00013252239488480144,0.11031350398952765
26,10000,-12.498743837546227,99.08946015090301,0.12514434441482478,0.125,0.00014434441482477633,0.11534233967961646
27,10000,-12.998693327777081,99.02004163293836,0.13015667276824808,0.13,0.00015667276824807286,0.12037244415969231
28,10000,-13.498642797618395,98.94804735550098,0.13516950772377792,0.135,0.0001695077237779119,0.12540381823710192
29,10000,-13.998592247054725,98.87347169169658,0.1401828495502933,0.14,0.00018284955029329586,0.13043646271985293
30,10000,-14.498541676070605,98.7963087955923,0.1451966985169296,0.145,0.00019669851692960538,0.1354703784168142
31,10000,-14.998491084650592,98.7165525998588,0.15021105489307943,0.15,0.00021105489307943204,0.1405055661380325
32,10000,-15.498440472779146,98.634196813311,0.15522591894839163,0.155,0.00022591894839163462,0.14554202669384517
33,10000,-15.998389840440764,98.5492349183446,0.160241290952773,0.16,0.0002412909527730045,0.15057976089578484
34,10000,-16.49833918761991,98.46166016826602,0.16525717117638816,0.165,0.00025717117638815457,0.15561876955624604
35,10000,-16.99828851430106,98.37146558451383,0.1702735598896596,0.17,0.0002735598896595748,0.16065905348830825
36,10000,-17.498237820468606,98.27864395376696,0.17529045736326834,0.175,0.0002904573632683538,0.1657006135059685
37,10000,-17.99818710610699,98.18318782493972,0.18030786386815428,0.18,0.00030786386815429,0.170743450423997
38,10000,-18.498136371200566,98.08508950605777,0.1853257796755162,0.185,0.0003257796755161968,0.1757875650579207
39,10000,-18.998085615733785,97.98434106101352,0.19034420505681343,0.19,0.00034420505681342917,0.1808329582246498
40,10000,-19.498034839690934,97.8809343061974,0.19536314028376373,0.195,0.00036314028376371876,0.18587963074112127
41,10000,-19.99798404305637,97.77486080700083,0.20038258562834602,0.2,0.00038258562834600496,0.19092758342563507
42,10000,-20.497933225814485,97.66611187418816,0.20540254136280023,0.205,0.00040254136280024055,0.19597681709752374
43,10000,-20.997882387949524,97.5546785601327,0.21042300775962644,0.21,0.0004230077596264481,0.201027332576514
44,10000,-21.49783152944579,97.44055165491454,0.215443985091586,0.215,0.00044398509158599664,0.20607913068320613
45,10000,-21.997780650287623,97.32372168227349,0.22046547363170313,0.22,0.0004654736317031283,0.21113221223960066
46,10000,-22.497729750459115,97.20417889541498,0.2254874736532621,0.225,0.00048747365326209935,0.2161865780676137
47,10000,-22.997678829944597,97.08191327266394,0.2305099854298114,0.23,0.0005099854298113993,0.22124222899085041
48,10000,-23.49762788872831,96.95691451296038,0.23553300923516166,0.235,0.0005330092351616689,0.22629916583348197
49,10000,-23.997576926794437,96.82917203119312,0.2405565453433868,0.24,0.0005565453433868106,0.23135738942058712
50,10000,-24.497525944127133,96.69867495336646,0.24558059402882385,0.245,0.0005805940288238498,0.23641690057794443
1,20000,0.0,141.42135623730954,-0.0,0.0,0.0,
2,20000,-0.4999749987500002,141.4169368392737,0.003535445507640932,0.0035355339059327377,8.839829180587108e-08,0.0025003437788765665
3,20000,-0.999949992498876,141.4107492378409,0.007071067785341903,0.007071067811865475,2.652357240090497e-11,3.7509995952644503e-07
4,20000,-1.4999249812447495,141.402793200835,0.01060686687951409,0.010606601717798212,2.651617158778291e-07,0.0024999061352411014
5,20000,-1.999899964985742,141.3930684296793,0.014142842836590522,0.01414213562373095,7.072128595710797e-07,0.00500050002494103
6,20000,-2.499874943719984,141.38157455933955,0.017678995703026213,0.017677669529663688,1.3261733625251348e-06,0.007501406668129493
7,20000,-2.9998499174455855,141.36831115825552,0.021215325525298014,0.021213203435596423,2.1220897015901408e-06,0.010002626163146424
8,20000,-3.499824886160674,141.35327772826074,0.024751832349904745,0.024748737341529162,3.095008375583047e-06,0.012504158608665421
9,20000,-3.999799849863356,141.3364737044878,0.028288516223367127,0.0282842712474619,4.244975905225157e-06,0.015006004103243438
10,20000,-4.499774808551766,141.3178984552628,0.03182537719222801,0.03181980515339464,5.572038833376314e-06,0.01750816274610265
11,20000,-4.99974976222402,141.29755128198664,0.03536241530305203,0.035355339059327376,7.076243724653264e-06,0.02001063463570186
12,20000,-5.499724710878212,141.27543141900233,0.0388996306024258,0.038890872965260115,8.757637165686394e-06,0.022513419870728187
13,20000,-5.999699654512479,141.25153803345196,0.042437023136958144,0.04242640687119285,1.0616265765296673e-05,0.02501651855040471
14,20000,-6.49967459312494,141.22587022511865,0.0459745929532798,0.045961940777125586,1.2652176154211159e-05,0.027519930773652584
15,20000,-6.999649526713668,141.19842702625635,0.049512340098043374,0.049497474683058325,1.4865414985049119e-05,0.03002365663915887
16,20000,-7.499624455276805,141.16920740140787,0.05305026461792373,0.053033008588991064,1.7256028932668976e-05,0.03252769624609714
17,20000,-7.999599378812469,141.13821024720718,0.05658836655961798,0.0565685424949238,1.9824064694175247e-05,0.035032049693977024
18,20000,-8.499574297318738,141.10543439217145,0.06012664596984481,0.060104076400856535,2.2569568988273225e-05,0.03753671708146251
19,20000,-8.99954921079377,141.07087859647842,0.06366510289534545,0.06363961030678927,2.5492588556177975e-05,0.04004169850802477
20,20000,-9.499524119235623,141.0345415517291,0.067203737382883,0.06717514421272201,2.8593170160989834e-05,0.042546994072791854
21,20000,-9.999499022642425,140.99642188070067,0.07074254947924277,0.07071067811865475,3.1871360588020536e-05,0.04505260387508681
22,20000,-10.499473921012267,140.95651813708196,0.07428153923123224,0.07424621202458749,3.5327206644744646e-05,0.047558528014307835
23,20000,-10.999448814343246,140.91482880519806,0.07782070668568082,0.07778174593052023,3.896075516059139e-05,0.05006476658963603
24,20000,-11.499423702633514,140.87135229971943,0.08136005188944065,0.08131727983645297,4.2772052987680165e-05,0.0525713197009789
25,20000,-11.99939858588112,140.82608696535763,0.08489957488938543,0.0848528137423857,4.67611469997381e-05,0.0550781874475374
26,20000,-12.499373464084204,140.7790310765477,0.08843927573241143,0.08838834764831843,5.092808409300209e-05,0.05758536992896002
27,20000,-12.999348337240828,140.73018283711485,0.09197915446543695,0.09192388155425117,5.527291118577471e-05,0.06009286724476755
28,20000,-13.499323205349114,140.67954037992834,0.09551921113540264,0.09545941546018391,5.979567521872953e-05,0.06260067949468988
29,20000,-13.999298068407139,140.62710176653962,0.09905944578927137,0.09899494936611665,6.449642315471682e-05,0.06510880677842648
30,20000,-14.499272926413038,140.57286498680693,0.10259985847402833,0.10253048327204939,6.937520197894398e-05,0.06761724919582156
31,20000,-14.999247779364868,140.5168279585036,0.10614044923668084,0.10606601717798213,7.443205869871183e-05,0.0701260068465859
32,20000,-15.499222627260757,140.45898852691312,0.1096812181242586,0.10960155108391487,7.966704034373384e-05,0.07263507983060373
33,20000,-15.99919747009876,140.39934446440668,0.11322216518381371,0.1131370849898476,8.508019396610833e-05,0.07514446824787575
34,20000,-16.49917230787698,140.3378934700083,0.11676329046242032,0.11667261889578033,9.067156663998543e-05,0.07765417219821125
35,20000,-16.999147140593536,140.2746331689414,0.12030459400717541,0.12020815280171307,9.644120546234425e-05,0.08016419178189665
36,20000,-17.499121968246488,140.2095611121615,0.12384607586519762,0.12374368670764581,0.00010238915755181321,0.0826745270986708
37,20000,-17.99909679083395,140.14267477587165,0.12738773608362863,0.12727922061357855,0.00010851547005008566,0.08518517824890652
38,20000,-18.49907160835399,140.07397156102257,0.13092957470963215,0.1308147545195113,0.0001148201901208512,0.08769614533270471
39,20000,-18.999046420804646,140.00344879279535,0.13447159179039425,0.13435028842544403,0.00012130336495022598,0.09020742845024542
40,20000,-19.49902122818412,139.93110372006925,0.13801378737312375,0.13788582233137675,0.0001279650417470024,0.09271902770195393
41,20000,-19.998996030490396,139.856933514869,0.14155616150505135,0.1414213562373095,0.00013480526774184431,0.0952309431878978
42,20000,-20.498970827721628,139.78093527179848,0.14509871423343093,0.14495689014324223,0.00014182409018870246,0.09774317500880102
43,20000,-20.998945619875826,139.70310600745486,0.148641445605538,0.14849242404917498,0.0001490215563630104,0.10025572326474888
44,20000,-21.49892040695115,139.6234426598254,0.1521843556686714,0.1520279579551077,0.00015639771356368293,0.10276858805657045
45,20000,-21.998895188945642,139.54194208766606,0.15572744447015174,0.15556349186104046,0.00016395260911128418,0.10528176948457467
46,20000,-22.498869965857356,139.45860106986157,0.15927071205732252,0.15909902576697318,0.00017168629034933214,0.10779526764942268
47,20000,-22.998844737684387,139.37341630476735,0.16281415847754957,0.16263455967290594,0.00017959880464363254,0.110309082651677
48,20000,-23.498819504424866,139.28638440953168,0.16635778377822166,0.16617009357883866,0.00018769019938300047,0.11282321459224169
49,20000,-23.998794266076786,139.19750191939846,0.16990158800674932,0.1697056274847714,0.00019596052197792813,0.1153376635715398
50,20000,-24.49876902263825,139.10676528699074,0.17344557121056653,0.17324116139070414,0.00020440981986238893,0.11785242969059796
1,30000,0.0,173.20508075688767,-0.0,0.0,0.0,
2,30000,-0.49998333277777685,173.20147232823416,0.0028867032298171376,0.002886751345948129,4.8116130991430334e-08,0.0016668194532237497
3,30000,-0.9999666633330012,173.19642028634237,0.0057735026822720486,0.005773502691896258,9.62420941552633e-12,1.6669619718161993e-07
4,30000,-1.4999499916651111,173.18992450486024,0.008660398374205841,0.008660254037844387,1.4433636145484707e-07,0.0016666249659454345
5,30000,-1.999933317773551,173.18198482131123,0.011547390322464969,0.011547005383792516,3.849386724531084e-07,0.003333555562803019
6,30000,-2.4999166416577716,173.17260103707457,0.014434478543901199,0.014433756729740645,7.218141605536132e-07,0.005000625123784548
7,30000,-2.9998999633172128,173.16177291735983,0.01732166305537154,0.017320508075688773,1.1549796827686754e-06,0.00666783367784371
8,30000,-3.499883282751316,173.14950019117757,0.020208943873738346,0.0202072594216369,1.6844521014448832e-06,0.008335181254245748
9,30000,-3.9998665999595264,173.13578255130605,0.023096321015869236,0.023094010767585032,2.3102482842041194e-06,0.010002667882113226
10,30000,-4.499849914941288,173.120619654252,0.025983794498637178,0.02598076211353316,3.0323851040181538e-06,0.011670293590788671
11,30000,-4.999833227696042,173.1040111202078,0.02887136433892044,0.02886751345948129,3.8508794391496626e-06,0.013338058409516974
12,30000,-5.499816538223223,173.085956533004,0.031759030553602546,0.031754264805429415,4.765748173131412e-06,0.015005962367421242
13,30000,-5.999799846522299,173.06645544005764,0.03464679315957244,0.034641016151377546,5.777008194894628e-06,0.016674005493921215
14,30000,-6.49978315259267,173.04550735231345,0.03753465217372423,0.03752776749732568,6.8846763985538906e-06,0.01834218781804362
15,30000,-6.99976645643382,173.0231117441853,0.04042260761295755,0.0404145188432738,8.088769683750607e-06,0.020010509369409745
16,30000,-7.499749758045169,172.99926805348758,0.04331065949417716,0.04330127018922193,9.389304955226274e-06,0.021678970177049846
17,30000,-7.999733057426157,172.9739756813658,0.046198807834293205,0.046188021535170064,1.0786299123141663e-05,0.02334757027027661
18,30000,-8.499716354576252,172.9472339922209,0.04908705265022131,0.04907477288111819,1.2279769103125393e-05,0.02501630967869901
19,30000,-8.999699649494852,172.9190423136288,0.05197539395888208,0.05196152422706632,1.3869731815760455e-05,0.02668518843115042
20,30000,-9.49968294218144,172.8893999362559,0.05486383177720188,0.05484827557301445,1.5556204187430756e-05,0.028354206557433675
21,30000,-9.999666232635432,172.8583061137695,0.057752366122112014,0.05773502691896258,1.7339203149432936e-05,0.03002336408653942
22,30000,-10.499649520856263,172.8257600627429,0.0606409970105493,0.060621778264910706,1.9218745638593937e-05,0.0316926610478561
23,30000,-10.99963280684339,172.79176096255682,0.06352972445945597,0.06350852961085883,2.119484859713916e-05,0.0333620974708705
24,30000,-11.499616090596234,172.7563079552949,0.06641854848577944,0.06639528095680697,2.326752897247042e-05,0.03503167338481075
25,30000,-11.999599372114222,172.71940014563506,0.06930746910647242,0.06928203230275509,2.543680371733248e-05,0.03670138881893901
26,30000,-12.499582651396889,172.68103660073578,0.07219648633849365,0.07216878364870322,2.770268979043755e-05,0.038371243803408
27,30000,-12.999565928443577,172.641216350117,0.07508560019880609,0.07505553499465135,3.0065204154730574e-05,0.040041238366778927
28,30000,-13.499549203253729,172.5999383855365,0.07797481070437866,0.07794228634059948,3.2524363779179444e-05,0.041711372538610146
29,30000,-13.999532475826822,172.55720166086152,0.0808641178721858,0.0808290376865476,3.508018563819215e-05,0.04338164634855729
30,30000,-14.499515746162295,172.5130050919347,0.08375352171920704,0.08371578903249574,3.773268671129759e-05,0.04505205982597437
31,30000,-14.999499014259541,172.46734755643521,0.08664302226242715,0.08660254037844387,4.048188398328434e-05,0.0467226130001231
32,30000,-15.499482280118066,172.42022789373516,0.08953261951883666,0.08948929172439199,4.3327794444672496e-05,0.04839330590071344
33,30000,-15.99946554373727,172.37164490474956,0.0924223135054312,0.09237604307034013,4.627043509107531e-05,0.05006413855714208
34,30000,-16.499448805116568,172.32159735178314,0.09531210423921159,0.09526279441628825,4.9309822923337965e-05,0.051735110998684476
35,30000,-16.999432064255405,172.2700839583699,0.09820199173718427,0.09814954576223638,5.244597494789838e-05,0.05340622325487891
36,30000,-17.499415321153283,172.21710340910855,0.10109197601636132,0.10103629710818451,5.56789081768011e-05,0.055077475355501705
37,30000,-17.9993985758096,172.16265434949207,0.10398205709375957,0.10392304845413264,5.9008639626934034e-05,0.05674886732979954
38,30000,-18.499381828223715,172.10673538573155,0.10687223498640133,0.10680979980008076,6.243518632056966e-05,0.05842039920706632
39,30000,-18.999365078395176,172.04934508457623,0.10976250971131489,0.1096965511460289,6.595856528598953e-05,0.060092071017204686
40,30000,-19.4993483263234,171.99048197312553,0.11265288128553344,0.11258330249197702,6.957879355641572e-05,0.061763882789699076
41,30000,-19.999331572007744,171.93014453863728,0.11554334972609524,0.11547005383792516,7.329588817008015e-05,0.06343583455372717
42,30000,-20.499314815447786,171.86833122832982,0.11843391505004515,0.11835680518387329,7.710986617186222e-05,0.06510792633957838
43,30000,-20.99929805664282,171.80504044917865,0.12132457727443162,0.12124355652982141,8.102074461020792e-05,0.0667801581759828
44,30000,-21.49928129559232,171.740270567706,0.12421533641630987,0.12413030787576955,8.502854054032172e-05,0.06845253009285994
45,30000,-21.999264532295808,171.6740199097672,0.12710619249274038,0.12701705922171766,8.913327102272328e-05,0.07012504212004785
46,30000,-22.49924776675262,171.606286760328,0.12999714552078825,0.1299038105676658,9.333495312244255e-05,0.07179769428669268
47,30000,-22.999230998962254,171.5370693632383,0.13288819551752484,0.13279056191361394,9.763360391090714e-05,0.07347048662274261
48,30000,-23.499214228924078,171.46636592099884,0.1357793425000262,0.13567731325956206,0.00010202924046415207,0.07514341915754406
49,30000,-23.99919745663758,171.3941745945222,0.13867058648537425,0.13856406460551018,0.0001065218798640688,0.07681649192080384
50,30000,-24.49918068210218,171.3204935028867,0.14156192749065627,0.1414508159514583,0.00011111153919796113,0.07848970494223809
1,50000,-4.440892098500626e-16,223.60679774997897,1.9860273225978186e-18,0.0,1.9860273225978186e-18,
2,50000,-0.4999899997999998,223.60400266989976,0.0022360456158137636,0.00223606797749979,2.2361686026310668e-08,0.0010000550019268093
3,50000,-0.9999799987999274,223.60008944542295,0.004472135952316011,0.00447213595499958,2.6835686450787932e-12,6.000641916283958e-08
4,50000,-1.499969996999666,223.59505801783675,0.006708271014202781,0.006708203932499369,6.708170341256092e-08,0.0009999849927132527
5,50000,-1.9999599943990878,223.58890831164595,0.008944450806170984,0.00894427190999916,1.7889617182423323e-07,0.0020000800015671015
6,50000,-2.499949990998079,223.58164023456953,0.011180675332918447,0.011180339887498949,3.354454194987727e-07,0.0030002250267579566
7,50000,-2.999939986796517,223.5732536775317,0.013416944599143853,0.013416407864998738,5.367341451151253e-07,0.0040004200743988675
8,50000,-3.499929981794284,223.56374851465438,0.015653258609546795,0.01565247584249853,7.827670482664362e-07,0.005000665150890901
9,50000,-3.99991997599126,223.55312460324754,0.01788961736882774,0.01788854381999832,1.0735488294201512e-06,0.006000960262519567
10,50000,-4.499909969387323,223.54138178379873,0.020126020881688023,0.020124611797498106,1.409084189916282e-06,0.007001305415509926
11,50000,-4.999899961982352,223.5285198799605,0.022362469152829915,0.022360679774997897,1.7893778320177134e-06,0.008001700616281329
12,50000,-5.499889953776229,223.51453869853827,0.02459896218695653,0.024596747752497688,2.214434458840814e-06,0.009002145871076651
13,50000,-5.999879944768828,223.49943802947456,0.026835499988771883,0.026832815729997475,2.6842587744074775e-06,0.010002641186229382
14,50000,-6.499869934960035,223.48321764583423,0.02907208256298089,0.029068883707497266,3.1988554836243077e-06,0.01100318656805684
15,50000,-6.999859924349731,223.46587730378673,0.03130870991428936,0.03130495168499706,3.758229292299964e-06,0.012003782022921043
16,50000,-7.499849912937788,223.44741674258788,0.033545382047403934,0.03354101966249685,4.362384907086181e-06,0.013004427557037719
17,50000,-7.999839900724088,223.4278356845605,0.0357820989670322,0.03577708763999664,5.011327035564506e-06,0.01400512317676413
18,50000,-8.499829887708522,223.40713383507355,0.03801886067788263,0.03801315561749643,5.7050603861977245e-06,0.015005868888429443
19,50000,-8.999819873890967,223.38531088251892,0.040255667184664605,0.04024922359499621,6.443589668392313e-06,0.016006664698497406
20,50000,-9.499809859271279,223.3623664982892,0.04249251849208828,0.042485291572496,7.226919592276393e-06,0.017007510613008217
21,50000,-9.999799843849354,223.33830033675238,0.04472941460486483,0.044721359549995794,8.055054869032796e-06,0.01800840663842875
22,50000,-10.499789827625078,223.31311203522606,0.046966355527706206,0.046957427527495585,8.928000210621512e-06,0.019009352780959853
23,50000,-10.999779810598328,223.28680121394854,0.049203341265325495,0.049193495504995376,9.84576033011969e-06,0.020010349047287525
24,50000,-11.499769792768982,223.25936747605277,0.05144037182243629,0.051429563482495166,1.08083399411249e-05,0.02101139544331739
25,50000,-11.999759774136905,223.23081040753343,0.05367744720375337,0.05366563145999495,1.181574375842126e-05,0.022012491975577874
26,50000,-12.499749754702005,223.20112957721793,0.05591456741399236,0.05590169943749474,1.2867976497618616e-05,0.023013638650450266
27,50000,-12.999739734464134,223.17032453673224,0.05815173245786962,0.05813776741499453,1.3965042875090095e-05,0.024014835474089506
28,50000,-13.499729713423163,223.13839482046717,0.060388942340102544,0.06037383539249432,1.5106947608221899e-05,0.02501608245287948
29,50000,-13.999719691579031,223.10533994554416,0.06262619706540948,0.06260990336999411,1.629369541536474e-05,0.026017379593314453
30,50000,-14.499709668931558,223.0711594117762,0.06486349663850947,0.0648459713474939,1.7525291015577094e-05,0.027018726901584154
31,50000,-14.999699645480645,223.03585270163202,0.06710084106412262,0.0670820393249937,1.8801739128923578e-05,0.028020124384068958
32,50000,-15.499689621226146,222.9994192801958,0.06933823034696969,0.06931810730249348,2.012304447621127e-05,0.02902157204692882
33,50000,-15.999679596167983,222.9618585951261,0.07157566449177272,0.07155417527999328,2.1489211779440742e-05,0.03002306989676753
34,50000,-16.499669570306025,222.92317007661433,0.07381314350325431,0.07379024325749306,2.2900245761250937e-05,0.031024617939813523
35,50000,-16.99965954364012,222.88335313733998,0.07605066738613814,0.07602631123499286,2.4356151145280003e-05,0.03202621618244922
36,50000,-17.49964951617017,222.84240717242784,0.07828823614514857,0.07826237921249264,2.5856932655929366e-05,0.0330278646308877
37,50000,-17.999639487896047,222.80033155939947,0.0805258497850111,0.08049844718999243,2.740259501866904e-05,0.034029563291575096
38,50000,-18.499629458817658,222.75712565812697,0.08276350831045198,0.08273451516749222,2.8993142959760076e-05,0.03503131217082373
39,50000,-18.999619428934846,222.7127888107824,0.08500121172619846,0.084970583144992,3.0628581206448846e-05,0.03603311127505813
40,50000,-19.499609398247514,222.66732034178904,0.08723896003697855,0.0872066511224918,3.2308914486745e-05,0.03703496061054603
41,50000,-19.99959936675552,222.62071955776776,0.08947675324752119,0.08944271909999159,3.403414752960188e-05,0.03803686018361952
42,50000,-20.49958933445876,222.57298574748432,0.09171459136255634,0.09167878707749137,3.580428506497202e-05,0.039038810000727515
43,50000,-20.99957930135708,222.52411818179448,0.09395247438681462,0.09391485505499117,3.7619331823446345e-05,0.04004081006803784
44,50000,-21.499569267450404,222.4741161135876,0.09619040232502779,0.09615092303249095,3.947929253683702e-05,0.04104286039207562
45,50000,-21.9995592327386,222.42297877772847,0.09842837518192842,0.09838699100999075,4.138417193766397e-05,0.04204496097916098
46,50000,-22.49954919722154,222.3707053909984,0.1006663929622499,0.10062305898749054,4.333397475936307e-05,0.04304711183563853
47,50000,-22.999539160899058,222.31729515203412,0.10290445567072641,0.10285912696499033,4.5328705736077946e-05,0.04404931296767236
48,50000,-23.49952912377113,222.262747241266,0.10514256331209351,0.10509519494249012,4.736836960339552e-05,0.04505156438196443
49,50000,-23.99951908583754,222.20706082085312,0.10738071589108715,0.1073312629199899,4.9452971097249665e-05,0.046053866084677854
50,50000,-24.499509047098226,222.1502350346195,0.10961891341244434,0.1095673308974897,5.158251495464283e-05,0.04705621808214986
1,70000,-2.220446049250313e-16,264.5751311064591,8.392497208503151e-19,0.0,8.392497208503151e-19,
2,70000,-0.49999285704081675,264.57276883145624,0.0018898088658810643,0.0018898223650461359,1.349916507156941e-08,0.0007143137761329026
3,70000,-0.9999857136734436,264.56946157861944,0.0037796447289351522,0.0037796447300922718,1.1571195390747135e-12,3.061450538502626e-08
4,70000,-1.4999785698978325,264.5652093125081,0.005669507591187146,0.005669467095138408,4.0496048738306034e-08,0.0007142780583141703
5,70000,-1.9999714257139551,264.56001198755234,0.007559397454662275,0.0075592894601845435,1.0799447773112564e-07,0.0014286122456032499
6,70000,-2.4999642811217377,264.55386954805084,0.00944931432138588,0.00944911182523068,2.0249615519975228e-07,0.002142971948149284
7,70000,-2.9999571361211785,264.54678192816874,0.011339258193383816,0.011338934190276815,3.240031070002314e-07,0.0028573571698832945
8,70000,-3.4999499907121994,264.538749051932,0.01322922907268198,0.013228756555322952,4.72517359028507e-07,0.0035717679120414
9,70000,-3.9999428448947825,264.5297708332261,0.015119226961306713,0.015118578920369087,6.480409376254798e-07,0.004286204177528077
10,70000,-4.49993569866885,264.51984717578955,0.017009251861284422,0.017008401285415222,8.505758691997045e-07,0.005000665967770994
11,70000,-4.99992855203439,264.508977973209,0.018899303774642048,0.01889822365046136,1.080124180687092e-06,0.00571515328589161
12,70000,-5.499921404991319,264.49716310891387,0.02078938270340653,0.020788046015507496,1.3366878990339615e-06,0.006429666133448652
13,70000,-5.999914257539658,264.4844024561702,0.02267948864960545,0.02267786838055363,1.620269051819806e-06,0.007144204513834986
14,70000,-6.49990710967932,264.4706958780734,0.024569621615266282,0.02456769074559977,1.9308696665130964e-06,0.007858768428543298
15,70000,-6.99989996141025,264.4560432275407,0.026459781602416927,0.026457513110645904,2.2684917710229235e-06,0.008573357879929409
16,70000,-7.499892812732433,264.4404443473048,0.0283499686130856,0.02834733547569204,2.63313739356022e-06,0.009287972870434971
17,70000,-7.999885663645799,264.4238990699031,0.030240182649300694,0.030237157840738174,3.0248085625197985e-06,0.01000261340217053
18,70000,-8.499878514150346,264.4064072176702,0.032130423713091126,0.03212698020578431,3.4435073068134203e-06,0.01071727947804936
19,70000,-8.99987136424599,264.3879686027289,0.03402069180648567,0.034016802570830444,3.889235655224477e-06,0.011431971099667752
20,70000,-9.499864213932696,264.3685830269782,0.03591098693151364,0.03590662493587658,4.361995637060245e-06,0.012146688269467697
21,70000,-9.999857063210428,264.3482502820834,0.03780130909020471,0.03779644730092272,4.8617892819888264e-06,0.012861430990094047
22,70000,-10.499849912079128,264.3269701494669,0.03969165828458849,0.03968626966596885,5.388618619636687e-06,0.013576199263332327
23,70000,-10.99984276053879,264.3047424002926,0.041582034516695336,0.04157609203101499,5.942485680345e-06,0.014290993092122683
24,70000,-11.4998356085893,264.28156679545657,0.04347243778855535,0.04346591439606113,6.523392494219016e-06,0.015005812478122353
25,70000,-11.999828456230667,264.257443085574,0.045362868102199264,0.04535573676110726,7.1313410920023634e-06,0.01572065742390002
26,70000,-12.499821303462838,264.23237101096316,0.047253325459658095,0.0472455591261534,7.76633350469541e-06,0.0164355279319459
27,70000,-12.99981415028578,264.20635030163527,0.049143809862962934,0.04913538149119954,8.42837176339567e-06,0.017150424004362112
28,70000,-13.499806996699448,264.1793806772763,0.05103432131414529,0.05102520385624567,9.117457899616987e-06,0.017865345643559842
29,70000,-13.999799842703808,264.1514618472336,0.052924859815237,0.05291502622129181,9.833593945192398e-06,0.01858029285202059
30,70000,-14.499792688298761,264.12259351050034,0.054815425368269804,0.05480484858633794,1.0576781931864732e-05,0.01929526563153728
31,70000,-14.9997855334843,264.0927753556989,0.0567060179752761,0.05669467095138408,1.1347023892022134e-05,0.02001026398462585
32,70000,-15.499778378260352,264.0620070610629,0.058596637638288485,0.05858449331643022,1.2144321858267859e-05,0.020725287913674523
33,70000,-15.99977122262694,264.03028829442246,0.06048728435933984,0.06047431568147635,1.2968677863489653e-05,0.02144033742107842
34,70000,-16.49976406658397,263.99761871318293,0.06237795814046321,0.06236413804652249,1.3820093940720979e-05,0.022155412509016047
35,70000,-16.999756910131374,263.96399796430853,0.06426865898369186,0.06425396041156863,1.4698572123231224e-05,0.02287051317962147
36,70000,-17.499749753269192,263.9294256843026,0.06615938689105971,0.06614378277661476,1.5604114444955908e-05,0.023585639435640737
37,70000,-17.999742595997276,263.89390149918717,0.06805014186460039,0.06803360514166089,1.6536722939497484e-05,0.024300791278878832
38,70000,-18.499735438315682,263.8574250244837,0.06994092390634843,0.06992342750670703,1.7496399641395155e-05,0.025015968712141984
39,70000,-18.99972828022431,263.81999586519134,0.0718317330183381,0.07181324987175317,1.8483146584938326e-05,0.025731171737454414
40,70000,-19.499721121723105,263.7816136157657,0.0737225692026041,0.0737030722367993,1.9496965804804978e-05,0.0264464003570243
41,70000,-19.99971396281206,263.7422778600964,0.07561343246118164,0.07559289460184544,2.0537859336200448e-05,0.02716165457340421
42,70000,-20.499706803491108,263.701988171485,0.07750432279610589,0.07748271696689157,2.1605829214316197e-05,0.027876934388750964
43,70000,-20.999699643760195,263.66074411262116,0.0793952402094124,0.0793725393319377,2.270087747469063e-05,0.028592239805327036
44,70000,-21.499692483619363,263.6185452355583,0.08128618470313738,0.08126236169698385,2.382300615352828e-05,0.02930757082588081
45,70000,-21.999685323068412,263.57539108169016,0.08317715627931636,0.08315218406202998,2.4972217286381437e-05,0.03002292745200676
46,70000,-22.499678162107422,263.531281181725,0.08506815493998614,0.08504200642707611,2.6148512910023625e-05,0.030738309686475358
47,70000,-22.999671000736306,263.48621505565916,0.08695918068718339,0.08693182879212226,2.7351895061131226e-05,0.031453717531589535
48,70000,-23.49966383895503,263.4401922127525,0.08885023352294491,0.08882165115716839,2.8582365776519403e-05,0.0321691509894999
49,70000,-23.999656676763557,263.3932121514993,0.09074131344930808,0.09071147352221452,2.9839927093558427e-05,0.03288461006267919
50,70000,-24.499649514161796,263.3452743596022,0.09263242046831018,0.09260129588726067,3.112458104950755e-05,0.03360009475317053
